{
"type": "FeatureCollection",
"name": "alerts_20180415_2300Z",
"crs": { "type": "name", "properties": { "name": "urn:ogc:def:crs:OGC:1.3:CRS84" } },
"features": [
{ "type": "Feature", "properties": { "WFO": "DMX", "ISSUED": "201804152236", "EXPIRED": "201804200508", "INIT_ISS": "201804152236", "INIT_EXP": "201804200508", "PHENOM": "FL", "GTYPE": "P", "SIG": "W", "ETN": 7, "STATUS": "NEW", "NWS_UGC": null, "AREA_KM2": 114.25759625262761, "UPDATED": "201804141542", "HV_NWSLI": "CEDI4", "HV_SEV": "2", "HV_CAUSE": "ER", "HV_REC": "NO", "EMERGENC": false, "POLY_BEG": "201804152236", "POLY_END": "201804142257", "WINDTAG": null, "HAILTAG": null, "TORNTAG": null, "DAMAGTAG": null, "PROD_ID": "201804141542-KDMX-WGUS43-FLWDMX", "FCSTER": null }, "geometry": { "type": "Polygon", "coordinates": [ [ [ -92.38, 42.56 ], [ -92.45, 42.51 ], [ -92.55, 42.58 ], [ -92.55, 42.62 ], [ -92.41, 42.62 ], [ -92.38, 42.56 ] ] ] } },
{ "type": "Feature", "properties": { "WFO": "ARX", "ISSUED": "201804150936", "EXPIRED": "201804160930", "INIT_ISS": "201804150936", "INIT_EXP": "201804160930", "PHENOM": "FL", "GTYPE": "P", "SIG": "W", "ETN": 10, "STATUS": "NEW", "NWS_UGC": null, "AREA_KM2": 302.96368038568033, "UPDATED": "201804150936", "HV_NWSLI": "CCYI4", "HV_SEV": "1", "HV_CAUSE": "ER", "HV_REC": "NO", "EMERGENC": false, "POLY_BEG": "201804150936", "POLY_END": "201804160930", "WINDTAG": null, "HAILTAG": null, "TORNTAG": null, "DAMAGTAG": null, "PROD_ID": "201804150936-KARX-WGUS43-FLWARX", "FCSTER": null }, "geometry": { "type": "Polygon", "coordinates": [ [ [ -92.86, 43.21 ], [ -92.73, 43.21 ], [ -92.55, 43.01 ], [ -92.55, 42.93 ], [ -92.73, 43.04 ], [ -92.86, 43.21 ] ] ] } },
{ "type": "Feature", "properties": { "WFO": "FSD", "ISSUED": "201804141040", "EXPIRED": "201804162100", "INIT_ISS": "201804141040", "INIT_EXP": "201804162100", "PHENOM": "FL", "GTYPE": "P", "SIG": "W", "ETN": 43, "STATUS": "NEW", "NWS_UGC": null, "AREA_KM2": 148.19608662808074, "UPDATED": "201804131441", "HV_NWSLI": "RAPI4", "HV_SEV": "1", "HV_CAUSE": "ER", "HV_REC": "NO", "EMERGENC": false, "POLY_BEG": "201804141040", "POLY_END": "201804140209", "WINDTAG": null, "HAILTAG": null, "TORNTAG": null, "DAMAGTAG": null, "PROD_ID": "201804131441-KFSD-WGUS43-FLWFSD", "FCSTER": null }, "geometry": { "type": "Polygon", "coordinates": [ [ [ -96.25, 43.5 ], [ -96.14, 43.5 ], [ -96.11, 43.38 ], [ -96.18, 43.31 ], [ -96.25, 43.34 ], [ -96.19, 43.41 ], [ -96.25, 43.5 ] ] ] } },
{ "type": "Feature", "properties": { "WFO": "FSD", "ISSUED": "201804150600", "EXPIRED": "201804161800", "INIT_ISS": "201804150600", "INIT_EXP": "201804161800", "PHENOM": "FL", "GTYPE": "P", "SIG": "W", "ETN": 39, "STATUS": "NEW", "NWS_UGC": null, "AREA_KM2": 161.24525333262986, "UPDATED": "201804131441", "HV_NWSLI": "BRKS2", "HV_SEV": "1", "HV_CAUSE": "ER", "HV_REC": "NO", "EMERGENC": false, "POLY_BEG": "201804150600", "POLY_END": "201804140209", "WINDTAG": null, "HAILTAG": null, "TORNTAG": null, "DAMAGTAG": null, "PROD_ID": "201804131441-KFSD-WGUS43-FLWFSD", "FCSTER": null }, "geometry": { "type": "Polygon", "coordinates": [ [ [ -96.92, 44.32 ], [ -96.85, 44.32 ], [ -96.75, 44.21 ], [ -96.61, 44.14 ], [ -96.65, 44.1 ], [ -96.83, 44.2 ], [ -96.92, 44.32 ] ] ] } },
{ "type": "Feature", "properties": { "WFO": "FSD", "ISSUED": "201804150600", "EXPIRED": "201804160600", "INIT_ISS": "201804150600", "INIT_EXP": "201804160600", "PHENOM": "FL", "GTYPE": "P", "SIG": "W", "ETN": 45, "STATUS": "NEW", "NWS_UGC": null, "AREA_KM2": 77.48617399181505, "UPDATED": "201804131441", "HV_NWSLI": "LSSI4", "HV_SEV": "1", "HV_CAUSE": "ER", "HV_REC": "UU", "EMERGENC": false, "POLY_BEG": "201804150600", "POLY_END": "201804140209", "WINDTAG": null, "HAILTAG": null, "TORNTAG": null, "DAMAGTAG": null, "PROD_ID": "201804131441-KFSD-WGUS43-FLWFSD", "FCSTER": null }, "geometry": { "type": "Polygon", "coordinates": [ [ [ -95.24, 43.29 ], [ -95.17, 43.28 ], [ -95.23, 43.24 ], [ -95.12, 43.15 ], [ -95.18, 43.15 ], [ -95.29, 43.24 ], [ -95.24, 43.29 ] ] ] } },
{ "type": "Feature", "properties": { "WFO": "FSD", "ISSUED": "201804150600", "EXPIRED": "201804170300", "INIT_ISS": "201804150600", "INIT_EXP": "201804170300", "PHENOM": "FL", "GTYPE": "P", "SIG": "W", "ETN": 44, "STATUS": "NEW", "NWS_UGC": null, "AREA_KM2": 76.655790539023926, "UPDATED": "201804131441", "HV_NWSLI": "SPOI4", "HV_SEV": "1", "HV_CAUSE": "ER", "HV_REC": "NO", "EMERGENC": false, "POLY_BEG": "201804150600", "POLY_END": "201804140209", "WINDTAG": null, "HAILTAG": null, "TORNTAG": null, "DAMAGTAG": null, "PROD_ID": "201804131441-KFSD-WGUS43-FLWFSD", "FCSTER": null }, "geometry": { "type": "Polygon", "coordinates": [ [ [ -95.4, 43.18 ], [ -95.33, 43.18 ], [ -95.2, 43.15 ], [ -95.13, 43.13 ], [ -95.24, 43.12 ], [ -95.4, 43.15 ], [ -95.4, 43.18 ] ] ] } },
{ "type": "Feature", "properties": { "WFO": "MPX", "ISSUED": "201804140000", "EXPIRED": "201804160500", "INIT_ISS": "201804130859", "INIT_EXP": "201804150600", "PHENOM": "WS", "GTYPE": "C", "SIG": "W", "ETN": 8, "STATUS": "EXP", "NWS_UGC": "MNZ053", "AREA_KM2": 1143.2257080078125, "UPDATED": "201804160457", "HV_NWSLI": null, "HV_SEV": null, "HV_CAUSE": null, "HV_REC": null, "EMERGENC": false, "POLY_BEG": null, "POLY_END": null, "WINDTAG": null, "HAILTAG": null, "TORNTAG": null, "DAMAGTAG": null, "PROD_ID": "201804130859-KMPX-WWUS43-WSWMPX", "FCSTER": null }, "geometry": { "type": "Polygon", "coordinates": [ [ [ -93.06, 45.73 ], [ -93.05, 45.73 ], [ -93.04, 45.73 ], [ -93.0, 45.73 ], [ -92.98, 45.73 ], [ -92.93, 45.73 ], [ -92.91, 45.73 ], [ -92.85, 45.73 ], [ -92.85, 45.72 ], [ -92.86, 45.72 ], [ -92.87, 45.72 ], [ -92.87, 45.71 ], [ -92.87, 45.7 ], [ -92.87, 45.69 ], [ -92.88, 45.69 ], [ -92.88, 45.68 ], [ -92.88, 45.67 ], [ -92.88, 45.66 ], [ -92.88, 45.65 ], [ -92.89, 45.65 ], [ -92.89, 45.64 ], [ -92.89, 45.63 ], [ -92.89, 45.62 ], [ -92.88, 45.61 ], [ -92.89, 45.6 ], [ -92.89, 45.59 ], [ -92.88, 45.59 ], [ -92.88, 45.58 ], [ -92.88, 45.57 ], [ -92.87, 45.57 ], [ -92.86, 45.57 ], [ -92.85, 45.57 ], [ -92.84, 45.57 ], [ -92.83, 45.56 ], [ -92.82, 45.56 ], [ -92.81, 45.56 ], [ -92.8, 45.56 ], [ -92.79, 45.57 ], [ -92.78, 45.57 ], [ -92.77, 45.57 ], [ -92.77, 45.56 ], [ -92.76, 45.56 ], [ -92.75, 45.55 ], [ -92.74, 45.55 ], [ -92.73, 45.54 ], [ -92.73, 45.53 ], [ -92.73, 45.52 ], [ -92.72, 45.51 ], [ -92.71, 45.5 ], [ -92.7, 45.49 ], [ -92.7, 45.48 ], [ -92.69, 45.48 ], [ -92.69, 45.47 ], [ -92.68, 45.47 ], [ -92.68, 45.46 ], [ -92.67, 45.46 ], [ -92.66, 45.46 ], [ -92.65, 45.46 ], [ -92.65, 45.45 ], [ -92.65, 45.44 ], [ -92.65, 45.43 ], [ -92.65, 45.42 ], [ -92.65, 45.41 ], [ -92.65, 45.4 ], [ -92.66, 45.4 ], [ -92.66, 45.39 ], [ -92.67, 45.39 ], [ -92.68, 45.38 ], [ -92.68, 45.37 ], [ -92.69, 45.37 ], [ -92.7, 45.36 ], [ -92.7, 45.35 ], [ -92.7, 45.34 ], [ -92.7, 45.33 ], [ -92.71, 45.33 ], [ -92.71, 45.32 ], [ -92.72, 45.31 ], [ -92.73, 45.31 ], [ -92.73, 45.3 ], [ -92.74, 45.3 ], [ -92.75, 45.3 ], [ -92.77, 45.3 ], [ -92.8, 45.3 ], [ -92.82, 45.3 ], [ -92.86, 45.3 ], [ -92.87, 45.3 ], [ -92.88, 45.3 ], [ -92.93, 45.3 ], [ -92.96, 45.3 ], [ -93.02, 45.3 ], [ -93.02, 45.33 ], [ -93.02, 45.34 ], [ -93.02, 45.38 ], [ -93.02, 45.39 ], [ -93.02, 45.41 ], [ -93.02, 45.44 ], [ -93.02, 45.45 ], [ -93.02, 45.47 ], [ -93.02, 45.49 ], [ -93.02, 45.5 ], [ -93.02, 45.56 ], [ -93.04, 45.56 ], [ -93.07, 45.56 ], [ -93.11, 45.56 ], [ -93.13, 45.56 ], [ -93.14, 45.56 ], [ -93.14, 45.57 ], [ -93.14, 45.58 ], [ -93.14, 45.59 ], [ -93.14, 45.61 ], [ -93.14, 45.62 ], [ -93.14, 45.7 ], [ -93.14, 45.72 ], [ -93.14, 45.73 ], [ -93.12, 45.73 ], [ -93.06, 45.73 ] ] ] } },
{ "type": "Feature", "properties": { "WFO": "MPX", "ISSUED": "201804140000", "EXPIRED": "201804160500", "INIT_ISS": "201804130859", "INIT_EXP": "201804150600", "PHENOM": "WS", "GTYPE": "C", "SIG": "W", "ETN": 8, "STATUS": "EXP", "NWS_UGC": "MNZ052", "AREA_KM2": 1167.6832275390625, "UPDATED": "201804160457", "HV_NWSLI": null, "HV_SEV": null, "HV_CAUSE": null, "HV_REC": null, "EMERGENC": false, "POLY_BEG": null, "POLY_END": null, "WINDTAG": null, "HAILTAG": null, "TORNTAG": null, "DAMAGTAG": null, "PROD_ID": "201804130859-KMPX-WWUS43-WSWMPX", "FCSTER": null }, "geometry": { "type": "Polygon", "coordinates": [ [ [ -93.39, 45.73 ], [ -93.37, 45.73 ], [ -93.33, 45.73 ], [ -93.3, 45.73 ], [ -93.25, 45.73 ], [ -93.23, 45.73 ], [ -93.2, 45.73 ], [ -93.18, 45.73 ], [ -93.14, 45.73 ], [ -93.14, 45.72 ], [ -93.14, 45.7 ], [ -93.14, 45.62 ], [ -93.14, 45.61 ], [ -93.14, 45.59 ], [ -93.14, 45.58 ], [ -93.14, 45.57 ], [ -93.14, 45.56 ], [ -93.13, 45.56 ], [ -93.11, 45.56 ], [ -93.07, 45.56 ], [ -93.04, 45.56 ], [ -93.02, 45.56 ], [ -93.02, 45.5 ], [ -93.02, 45.49 ], [ -93.02, 45.47 ], [ -93.02, 45.45 ], [ -93.02, 45.44 ], [ -93.02, 45.41 ], [ -93.03, 45.41 ], [ -93.05, 45.41 ], [ -93.07, 45.41 ], [ -93.08, 45.41 ], [ -93.09, 45.41 ], [ -93.13, 45.41 ], [ -93.14, 45.41 ], [ -93.16, 45.41 ], [ -93.23, 45.41 ], [ -93.25, 45.41 ], [ -93.27, 45.41 ], [ -93.3, 45.41 ], [ -93.36, 45.41 ], [ -93.43, 45.41 ], [ -93.45, 45.41 ], [ -93.47, 45.41 ], [ -93.49, 45.41 ], [ -93.51, 45.42 ], [ -93.51, 45.43 ], [ -93.51, 45.44 ], [ -93.51, 45.47 ], [ -93.51, 45.55 ], [ -93.51, 45.56 ], [ -93.51, 45.63 ], [ -93.51, 45.68 ], [ -93.51, 45.69 ], [ -93.51, 45.71 ], [ -93.51, 45.72 ], [ -93.51, 45.74 ], [ -93.5, 45.73 ], [ -93.47, 45.73 ], [ -93.39, 45.73 ] ] ] } },
{ "type": "Feature", "properties": { "WFO": "DLH", "ISSUED": "201804140900", "EXPIRED": "201804160000", "INIT_ISS": "201804132021", "INIT_EXP": "201804151500", "PHENOM": "LS", "GTYPE": "C", "SIG": "W", "ETN": 1, "STATUS": "EXP", "NWS_UGC": "MNZ037", "AREA_KM2": 4808.8994140625, "UPDATED": "201804152353", "HV_NWSLI": null, "HV_SEV": null, "HV_CAUSE": null, "HV_REC": null, "EMERGENC": false, "POLY_BEG": null, "POLY_END": null, "WINDTAG": null, "HAILTAG": null, "TORNTAG": null, "DAMAGTAG": null, "PROD_ID": "201804132021-KDLH-WHUS43-CFWDLH", "FCSTER": "Huyck" }, "geometry": { "type": "MultiPolygon", "coordinates": [ [ [ [ -92.29, 46.66 ], [ -92.29, 46.64 ], [ -92.29, 46.59 ], [ -92.29, 46.57 ], [ -92.29, 46.5 ], [ -92.29, 46.43 ], [ -92.29, 46.42 ], [ -92.31, 46.42 ], [ -92.37, 46.42 ], [ -92.49, 46.42 ], [ -92.5, 46.42 ], [ -92.55, 46.42 ], [ -92.64, 46.42 ], [ -92.73, 46.42 ], [ -92.76, 46.42 ], [ -92.77, 46.42 ], [ -92.8, 46.42 ], [ -92.82, 46.42 ], [ -92.86, 46.42 ], [ -92.87, 46.42 ], [ -92.88, 46.42 ], [ -92.89, 46.42 ], [ -92.96, 46.42 ], [ -93.05, 46.42 ], [ -93.06, 46.44 ], [ -93.06, 46.5 ], [ -93.06, 46.53 ], [ -93.06, 46.58 ], [ -93.05, 46.59 ], [ -93.06, 46.59 ], [ -93.06, 46.62 ], [ -93.06, 46.63 ], [ -93.06, 46.68 ], [ -93.06, 46.7 ], [ -93.06, 46.75 ], [ -93.06, 46.77 ], [ -93.06, 46.84 ], [ -93.06, 46.87 ], [ -93.06, 46.9 ], [ -93.06, 46.91 ], [ -93.06, 46.94 ], [ -93.06, 46.95 ], [ -93.06, 46.96 ], [ -93.06, 46.98 ], [ -93.06, 47.01 ], [ -93.06, 47.02 ], [ -93.06, 47.03 ], [ -92.69, 47.03 ], [ -92.24, 47.03 ], [ -92.07, 47.02 ], [ -91.99, 47.0 ], [ -91.98, 47.0 ], [ -91.91, 46.97 ], [ -91.83, 46.94 ], [ -91.81, 46.93 ], [ -91.82, 46.93 ], [ -91.83, 46.93 ], [ -91.84, 46.93 ], [ -91.84, 46.92 ], [ -91.85, 46.92 ], [ -91.85, 46.91 ], [ -91.86, 46.91 ], [ -91.87, 46.91 ], [ -91.88, 46.91 ], [ -91.89, 46.9 ], [ -91.91, 46.89 ], [ -91.91, 46.88 ], [ -91.92, 46.88 ], [ -91.94, 46.87 ], [ -91.95, 46.87 ], [ -91.97, 46.86 ], [ -91.98, 46.85 ], [ -91.99, 46.85 ], [ -91.99, 46.84 ], [ -92.0, 46.84 ], [ -92.01, 46.84 ], [ -92.01, 46.83 ], [ -92.02, 46.83 ], [ -92.03, 46.83 ], [ -92.03, 46.82 ], [ -92.04, 46.82 ], [ -92.05, 46.81 ], [ -92.06, 46.81 ], [ -92.06, 46.8 ], [ -92.07, 46.8 ], [ -92.08, 46.8 ], [ -92.09, 46.79 ], [ -92.09, 46.78 ], [ -92.1, 46.78 ], [ -92.1, 46.77 ], [ -92.1, 46.76 ], [ -92.09, 46.75 ], [ -92.1, 46.75 ], [ -92.11, 46.75 ], [ -92.11, 46.76 ], [ -92.12, 46.76 ], [ -92.13, 46.76 ], [ -92.12, 46.75 ], [ -92.13, 46.75 ], [ -92.13, 46.74 ], [ -92.14, 46.75 ], [ -92.15, 46.74 ], [ -92.16, 46.73 ], [ -92.16, 46.72 ], [ -92.17, 46.72 ], [ -92.17, 46.73 ], [ -92.18, 46.73 ], [ -92.18, 46.72 ], [ -92.19, 46.72 ], [ -92.2, 46.72 ], [ -92.2, 46.71 ], [ -92.21, 46.7 ], [ -92.2, 46.69 ], [ -92.21, 46.68 ], [ -92.2, 46.68 ], [ -92.19, 46.68 ], [ -92.2, 46.67 ], [ -92.21, 46.67 ], [ -92.21, 46.66 ], [ -92.22, 46.65 ], [ -92.23, 46.65 ], [ -92.24, 46.65 ], [ -92.25, 46.66 ], [ -92.26, 46.66 ], [ -92.27, 46.66 ], [ -92.28, 46.66 ], [ -92.29, 46.66 ] ] ], [ [ [ -92.09, 46.77 ], [ -92.08, 46.77 ], [ -92.08, 46.76 ], [ -92.09, 46.76 ], [ -92.09, 46.77 ] ] ], [ [ [ -92.07, 46.75 ], [ -92.06, 46.75 ], [ -92.06, 46.74 ], [ -92.07, 46.74 ], [ -92.07, 46.75 ] ] ], [ [ [ -92.05, 46.73 ], [ -92.03, 46.71 ], [ -92.04, 46.72 ], [ -92.05, 46.72 ], [ -92.05, 46.73 ] ] ], [ [ [ -92.16, 46.73 ], [ -92.15, 46.73 ], [ -92.15, 46.72 ], [ -92.16, 46.73 ] ] ], [ [ [ -92.21, 46.66 ], [ -92.2, 46.66 ], [ -92.21, 46.65 ], [ -92.21, 46.66 ] ] ], [ [ [ -92.25, 46.65 ], [ -92.26, 46.65 ], [ -92.26, 46.66 ], [ -92.25, 46.65 ] ] ] ] } },
{ "type": "Feature", "properties": { "WFO": "DLH", "ISSUED": "201804140900", "EXPIRED": "201804160000", "INIT_ISS": "201804132021", "INIT_EXP": "201804151500", "PHENOM": "LS", "GTYPE": "C", "SIG": "W", "ETN": 1, "STATUS": "EXP", "NWS_UGC": "MNZ020", "AREA_KM2": 1658.69580078125, "UPDATED": "201804152353", "HV_NWSLI": null, "HV_SEV": null, "HV_CAUSE": null, "HV_REC": null, "EMERGENC": false, "POLY_BEG": null, "POLY_END": null, "WINDTAG": null, "HAILTAG": null, "TORNTAG": null, "DAMAGTAG": null, "PROD_ID": "201804132021-KDLH-WHUS43-CFWDLH", "FCSTER": "Huyck" }, "geometry": { "type": "Polygon", "coordinates": [ [ [ -91.6, 47.06 ], [ -91.61, 47.06 ], [ -91.62, 47.06 ], [ -91.62, 47.05 ], [ -91.63, 47.05 ], [ -91.63, 47.04 ], [ -91.64, 47.04 ], [ -91.64, 47.03 ], [ -91.65, 47.03 ], [ -91.66, 47.03 ], [ -91.66, 47.02 ], [ -91.66, 47.01 ], [ -91.67, 47.01 ], [ -91.67, 47.02 ], [ -91.68, 47.02 ], [ -91.68, 47.01 ], [ -91.69, 47.01 ], [ -91.7, 47.01 ], [ -91.71, 47.0 ], [ -91.72, 47.0 ], [ -91.72, 46.99 ], [ -91.73, 46.99 ], [ -91.73, 46.98 ], [ -91.74, 46.98 ], [ -91.75, 46.98 ], [ -91.75, 46.97 ], [ -91.76, 46.97 ], [ -91.76, 46.96 ], [ -91.77, 46.96 ], [ -91.77, 46.95 ], [ -91.78, 46.95 ], [ -91.78, 46.94 ], [ -91.79, 46.94 ], [ -91.8, 46.94 ], [ -91.81, 46.93 ], [ -91.83, 46.94 ], [ -91.91, 46.97 ], [ -91.98, 47.0 ], [ -91.99, 47.0 ], [ -91.87, 47.1 ], [ -91.8, 47.15 ], [ -91.79, 47.15 ], [ -91.65, 47.25 ], [ -91.38, 47.42 ], [ -91.18, 47.61 ], [ -91.05, 47.68 ], [ -91.02, 47.7 ], [ -91.02, 47.69 ], [ -91.02, 47.67 ], [ -91.02, 47.66 ], [ -91.02, 47.62 ], [ -91.02, 47.6 ], [ -91.02, 47.59 ], [ -91.02, 47.52 ], [ -91.02, 47.5 ], [ -91.02, 47.46 ], [ -91.03, 47.46 ], [ -91.04, 47.46 ], [ -91.05, 47.46 ], [ -91.05, 47.45 ], [ -91.06, 47.45 ], [ -91.06, 47.44 ], [ -91.07, 47.44 ], [ -91.07, 47.43 ], [ -91.08, 47.43 ], [ -91.09, 47.42 ], [ -91.1, 47.41 ], [ -91.11, 47.41 ], [ -91.12, 47.4 ], [ -91.13, 47.4 ], [ -91.13, 47.39 ], [ -91.14, 47.39 ], [ -91.15, 47.38 ], [ -91.16, 47.38 ], [ -91.16, 47.37 ], [ -91.17, 47.37 ], [ -91.17, 47.36 ], [ -91.18, 47.36 ], [ -91.18, 47.35 ], [ -91.19, 47.35 ], [ -91.18, 47.34 ], [ -91.19, 47.34 ], [ -91.2, 47.34 ], [ -91.2, 47.33 ], [ -91.21, 47.33 ], [ -91.21, 47.32 ], [ -91.22, 47.32 ], [ -91.22, 47.31 ], [ -91.23, 47.31 ], [ -91.24, 47.31 ], [ -91.24, 47.3 ], [ -91.25, 47.3 ], [ -91.25, 47.29 ], [ -91.25, 47.28 ], [ -91.26, 47.28 ], [ -91.26, 47.29 ], [ -91.27, 47.28 ], [ -91.27, 47.27 ], [ -91.28, 47.27 ], [ -91.29, 47.27 ], [ -91.29, 47.26 ], [ -91.3, 47.26 ], [ -91.3, 47.25 ], [ -91.31, 47.25 ], [ -91.32, 47.25 ], [ -91.32, 47.24 ], [ -91.33, 47.24 ], [ -91.33, 47.23 ], [ -91.34, 47.23 ], [ -91.34, 47.22 ], [ -91.35, 47.22 ], [ -91.35, 47.21 ], [ -91.36, 47.21 ], [ -91.37, 47.21 ], [ -91.37, 47.2 ], [ -91.38, 47.2 ], [ -91.38, 47.19 ], [ -91.39, 47.19 ], [ -91.4, 47.19 ], [ -91.4, 47.18 ], [ -91.41, 47.18 ], [ -91.41, 47.17 ], [ -91.42, 47.17 ], [ -91.42, 47.16 ], [ -91.43, 47.17 ], [ -91.43, 47.16 ], [ -91.44, 47.16 ], [ -91.44, 47.15 ], [ -91.45, 47.15 ], [ -91.46, 47.14 ], [ -91.46, 47.13 ], [ -91.47, 47.13 ], [ -91.48, 47.13 ], [ -91.48, 47.12 ], [ -91.49, 47.12 ], [ -91.5, 47.12 ], [ -91.51, 47.12 ], [ -91.51, 47.11 ], [ -91.52, 47.11 ], [ -91.52, 47.1 ], [ -91.53, 47.1 ], [ -91.54, 47.1 ], [ -91.55, 47.1 ], [ -91.55, 47.09 ], [ -91.56, 47.09 ], [ -91.57, 47.09 ], [ -91.58, 47.09 ], [ -91.58, 47.08 ], [ -91.59, 47.07 ], [ -91.6, 47.06 ] ] ] } },
{ "type": "Feature", "properties": { "WFO": "ARX", "ISSUED": "201804141200", "EXPIRED": "201804160000", "INIT_ISS": "201804132104", "INIT_EXP": "201804160000", "PHENOM": "WW", "GTYPE": "C", "SIG": "Y", "ETN": 17, "STATUS": "EXP", "NWS_UGC": "IAZ010", "AREA_KM2": 1783.6578369140625, "UPDATED": "201804152359", "HV_NWSLI": null, "HV_SEV": null, "HV_CAUSE": null, "HV_REC": null, "EMERGENC": false, "POLY_BEG": null, "POLY_END": null, "WINDTAG": null, "HAILTAG": null, "TORNTAG": null, "DAMAGTAG": null, "PROD_ID": "201804132104-KARX-WWUS43-WSWARX", "FCSTER": "04/JM" }, "geometry": { "type": "Polygon", "coordinates": [ [ [ -91.78, 43.5 ], [ -91.74, 43.5 ], [ -91.73, 43.5 ], [ -91.71, 43.5 ], [ -91.7, 43.5 ], [ -91.63, 43.5 ], [ -91.62, 43.5 ], [ -91.61, 43.5 ], [ -91.61, 43.48 ], [ -91.61, 43.44 ], [ -91.61, 43.42 ], [ -91.61, 43.4 ], [ -91.61, 43.37 ], [ -91.61, 43.34 ], [ -91.6, 43.34 ], [ -91.6, 43.32 ], [ -91.6, 43.31 ], [ -91.6, 43.28 ], [ -91.6, 43.26 ], [ -91.6, 43.24 ], [ -91.6, 43.23 ], [ -91.6, 43.15 ], [ -91.61, 43.1 ], [ -91.61, 43.08 ], [ -91.62, 43.08 ], [ -91.65, 43.08 ], [ -91.67, 43.08 ], [ -91.68, 43.08 ], [ -91.72, 43.08 ], [ -91.77, 43.08 ], [ -91.79, 43.08 ], [ -91.86, 43.08 ], [ -91.92, 43.08 ], [ -91.99, 43.08 ], [ -92.08, 43.08 ], [ -92.08, 43.1 ], [ -92.08, 43.12 ], [ -92.08, 43.13 ], [ -92.08, 43.16 ], [ -92.08, 43.17 ], [ -92.08, 43.21 ], [ -92.08, 43.24 ], [ -92.08, 43.36 ], [ -92.08, 43.39 ], [ -92.08, 43.42 ], [ -92.08, 43.44 ], [ -92.08, 43.46 ], [ -92.08, 43.5 ], [ -92.06, 43.5 ], [ -91.99, 43.5 ], [ -91.83, 43.5 ], [ -91.81, 43.5 ], [ -91.78, 43.5 ] ] ] } },
{ "type": "Feature", "properties": { "WFO": "ARX", "ISSUED": "201804141200", "EXPIRED": "201804160000", "INIT_ISS": "201804132104", "INIT_EXP": "201804160000", "PHENOM": "WW", "GTYPE": "C", "SIG": "Y", "ETN": 17, "STATUS": "EXP", "NWS_UGC": "IAZ011", "AREA_KM2": 1702.9215087890625, "UPDATED": "201804152359", "HV_NWSLI": null, "HV_SEV": null, "HV_CAUSE": null, "HV_REC": null, "EMERGENC": false, "POLY_BEG": null, "POLY_END": null, "WINDTAG": null, "HAILTAG": null, "TORNTAG": null, "DAMAGTAG": null, "PROD_ID": "201804132104-KARX-WWUS43-WSWARX", "FCSTER": "04/JM" }, "geometry": { "type": "Polygon", "coordinates": [ [ [ -91.25, 43.5 ], [ -91.23, 43.5 ], [ -91.22, 43.5 ], [ -91.22, 43.49 ], [ -91.22, 43.48 ], [ -91.22, 43.47 ], [ -91.23, 43.46 ], [ -91.23, 43.45 ], [ -91.22, 43.44 ], [ -91.22, 43.43 ], [ -91.21, 43.43 ], [ -91.2, 43.42 ], [ -91.2, 43.41 ], [ -91.2, 43.4 ], [ -91.2, 43.39 ], [ -91.2, 43.38 ], [ -91.21, 43.37 ], [ -91.21, 43.36 ], [ -91.21, 43.35 ], [ -91.2, 43.35 ], [ -91.19, 43.35 ], [ -91.18, 43.35 ], [ -91.17, 43.34 ], [ -91.16, 43.34 ], [ -91.15, 43.33 ], [ -91.14, 43.33 ], [ -91.13, 43.33 ], [ -91.12, 43.32 ], [ -91.11, 43.31 ], [ -91.1, 43.31 ], [ -91.1, 43.3 ], [ -91.09, 43.3 ], [ -91.08, 43.29 ], [ -91.08, 43.28 ], [ -91.07, 43.27 ], [ -91.07, 43.26 ], [ -91.06, 43.26 ], [ -91.06, 43.25 ], [ -91.06, 43.24 ], [ -91.07, 43.24 ], [ -91.08, 43.23 ], [ -91.09, 43.22 ], [ -91.11, 43.21 ], [ -91.11, 43.2 ], [ -91.12, 43.2 ], [ -91.12, 43.19 ], [ -91.13, 43.17 ], [ -91.14, 43.17 ], [ -91.14, 43.16 ], [ -91.15, 43.15 ], [ -91.16, 43.14 ], [ -91.17, 43.14 ], [ -91.18, 43.13 ], [ -91.18, 43.12 ], [ -91.18, 43.11 ], [ -91.18, 43.1 ], [ -91.18, 43.09 ], [ -91.18, 43.08 ], [ -91.22, 43.08 ], [ -91.25, 43.08 ], [ -91.27, 43.08 ], [ -91.3, 43.08 ], [ -91.31, 43.08 ], [ -91.33, 43.08 ], [ -91.43, 43.08 ], [ -91.49, 43.08 ], [ -91.52, 43.08 ], [ -91.61, 43.08 ], [ -91.61, 43.1 ], [ -91.6, 43.15 ], [ -91.6, 43.23 ], [ -91.6, 43.24 ], [ -91.6, 43.26 ], [ -91.6, 43.28 ], [ -91.6, 43.31 ], [ -91.6, 43.32 ], [ -91.6, 43.34 ], [ -91.61, 43.34 ], [ -91.61, 43.37 ], [ -91.61, 43.4 ], [ -91.61, 43.42 ], [ -91.61, 43.44 ], [ -91.61, 43.48 ], [ -91.61, 43.5 ], [ -91.59, 43.5 ], [ -91.53, 43.5 ], [ -91.49, 43.5 ], [ -91.44, 43.5 ], [ -91.4, 43.5 ], [ -91.39, 43.5 ], [ -91.38, 43.5 ], [ -91.37, 43.5 ], [ -91.32, 43.5 ], [ -91.28, 43.5 ], [ -91.26, 43.5 ], [ -91.25, 43.5 ] ] ] } },
{ "type": "Feature", "properties": { "WFO": "DLH", "ISSUED": "201804141800", "EXPIRED": "201804160500", "INIT_ISS": "201804140900", "INIT_EXP": "201804160000", "PHENOM": "WS", "GTYPE": "C", "SIG": "W", "ETN": 12, "STATUS": "EXP", "NWS_UGC": "MNZ038", "AREA_KM2": 3706.325439453125, "UPDATED": "201804160505", "HV_NWSLI": null, "HV_SEV": null, "HV_CAUSE": null, "HV_REC": null, "EMERGENC": false, "POLY_BEG": null, "POLY_END": null, "WINDTAG": null, "HAILTAG": null, "TORNTAG": null, "DAMAGTAG": null, "PROD_ID": "201804140900-KDLH-WWUS43-WSWDLH", "FCSTER": "JTS" }, "geometry": { "type": "Polygon", "coordinates": [ [ [ -92.89, 46.42 ], [ -92.88, 46.42 ], [ -92.87, 46.42 ], [ -92.86, 46.42 ], [ -92.82, 46.42 ], [ -92.8, 46.42 ], [ -92.77, 46.42 ], [ -92.76, 46.42 ], [ -92.73, 46.42 ], [ -92.64, 46.42 ], [ -92.55, 46.42 ], [ -92.5, 46.42 ], [ -92.49, 46.42 ], [ -92.37, 46.42 ], [ -92.31, 46.42 ], [ -92.29, 46.42 ], [ -92.29, 46.32 ], [ -92.29, 46.31 ], [ -92.29, 46.3 ], [ -92.29, 46.28 ], [ -92.29, 46.25 ], [ -92.29, 46.23 ], [ -92.29, 46.19 ], [ -92.29, 46.16 ], [ -92.29, 46.11 ], [ -92.29, 46.1 ], [ -92.29, 46.08 ], [ -92.29, 46.07 ], [ -92.3, 46.07 ], [ -92.31, 46.07 ], [ -92.32, 46.07 ], [ -92.33, 46.07 ], [ -92.33, 46.06 ], [ -92.34, 46.06 ], [ -92.34, 46.05 ], [ -92.34, 46.04 ], [ -92.34, 46.03 ], [ -92.35, 46.03 ], [ -92.35, 46.02 ], [ -92.36, 46.01 ], [ -92.37, 46.01 ], [ -92.38, 46.02 ], [ -92.39, 46.02 ], [ -92.4, 46.02 ], [ -92.41, 46.03 ], [ -92.42, 46.03 ], [ -92.43, 46.02 ], [ -92.44, 46.02 ], [ -92.44, 46.01 ], [ -92.45, 46.01 ], [ -92.45, 46.0 ], [ -92.45, 45.99 ], [ -92.46, 45.99 ], [ -92.46, 45.98 ], [ -92.47, 45.97 ], [ -92.48, 45.97 ], [ -92.48, 45.98 ], [ -92.49, 45.98 ], [ -92.5, 45.98 ], [ -92.51, 45.98 ], [ -92.52, 45.98 ], [ -92.53, 45.98 ], [ -92.54, 45.98 ], [ -92.54, 45.97 ], [ -92.55, 45.97 ], [ -92.55, 45.96 ], [ -92.55, 45.95 ], [ -92.56, 45.95 ], [ -92.57, 45.95 ], [ -92.58, 45.95 ], [ -92.59, 45.94 ], [ -92.6, 45.94 ], [ -92.61, 45.94 ], [ -92.62, 45.93 ], [ -92.62, 45.94 ], [ -92.63, 45.93 ], [ -92.64, 45.93 ], [ -92.64, 45.92 ], [ -92.65, 45.92 ], [ -92.66, 45.92 ], [ -92.67, 45.92 ], [ -92.67, 45.91 ], [ -92.68, 45.91 ], [ -92.68, 45.9 ], [ -92.69, 45.9 ], [ -92.7, 45.9 ], [ -92.71, 45.9 ], [ -92.71, 45.89 ], [ -92.72, 45.89 ], [ -92.72, 45.88 ], [ -92.73, 45.88 ], [ -92.73, 45.87 ], [ -92.74, 45.87 ], [ -92.74, 45.86 ], [ -92.74, 45.85 ], [ -92.74, 45.84 ], [ -92.75, 45.84 ], [ -92.76, 45.84 ], [ -92.76, 45.83 ], [ -92.77, 45.83 ], [ -92.76, 45.82 ], [ -92.76, 45.81 ], [ -92.76, 45.8 ], [ -92.77, 45.8 ], [ -92.78, 45.79 ], [ -92.78, 45.78 ], [ -92.78, 45.77 ], [ -92.79, 45.76 ], [ -92.8, 45.75 ], [ -92.81, 45.75 ], [ -92.81, 45.74 ], [ -92.82, 45.74 ], [ -92.83, 45.74 ], [ -92.83, 45.73 ], [ -92.84, 45.73 ], [ -92.85, 45.73 ], [ -92.91, 45.73 ], [ -92.93, 45.73 ], [ -92.98, 45.73 ], [ -93.0, 45.73 ], [ -93.04, 45.73 ], [ -93.05, 45.73 ], [ -93.06, 45.73 ], [ -93.12, 45.73 ], [ -93.14, 45.73 ], [ -93.14, 45.74 ], [ -93.14, 45.75 ], [ -93.14, 45.79 ], [ -93.14, 45.85 ], [ -93.14, 45.87 ], [ -93.14, 45.9 ], [ -93.14, 45.92 ], [ -93.14, 45.93 ], [ -93.14, 45.96 ], [ -93.14, 45.98 ], [ -93.13, 45.98 ], [ -93.12, 45.98 ], [ -93.1, 45.98 ], [ -93.09, 45.98 ], [ -93.06, 45.98 ], [ -93.06, 46.01 ], [ -93.06, 46.05 ], [ -93.06, 46.07 ], [ -93.05, 46.14 ], [ -93.05, 46.15 ], [ -93.05, 46.16 ], [ -93.05, 46.17 ], [ -93.05, 46.18 ], [ -93.05, 46.23 ], [ -93.05, 46.25 ], [ -93.05, 46.32 ], [ -93.05, 46.34 ], [ -93.05, 46.37 ], [ -93.05, 46.39 ], [ -93.05, 46.42 ], [ -92.96, 46.42 ], [ -92.89, 46.42 ] ] ] } },
{ "type": "Feature", "properties": { "WFO": "ARX", "ISSUED": "201804141800", "EXPIRED": "201804160000", "INIT_ISS": "201804132104", "INIT_EXP": "201804160000", "PHENOM": "WW", "GTYPE": "C", "SIG": "Y", "ETN": 17, "STATUS": "EXP", "NWS_UGC": "IAZ029", "AREA_KM2": 1891.1092529296875, "UPDATED": "201804152359", "HV_NWSLI": null, "HV_SEV": null, "HV_CAUSE": null, "HV_REC": null, "EMERGENC": false, "POLY_BEG": null, "POLY_END": null, "WINDTAG": null, "HAILTAG": null, "TORNTAG": null, "DAMAGTAG": null, "PROD_ID": "201804132104-KARX-WWUS43-WSWARX", "FCSTER": "04/JM" }, "geometry": { "type": "Polygon", "coordinates": [ [ [ -92.08, 43.08 ], [ -91.99, 43.08 ], [ -91.92, 43.08 ], [ -91.86, 43.08 ], [ -91.79, 43.08 ], [ -91.77, 43.08 ], [ -91.72, 43.08 ], [ -91.68, 43.08 ], [ -91.67, 43.08 ], [ -91.65, 43.08 ], [ -91.62, 43.08 ], [ -91.61, 43.08 ], [ -91.61, 43.06 ], [ -91.61, 43.02 ], [ -91.61, 43.01 ], [ -91.61, 43.0 ], [ -91.61, 42.99 ], [ -91.61, 42.94 ], [ -91.61, 42.93 ], [ -91.61, 42.92 ], [ -91.61, 42.82 ], [ -91.61, 42.81 ], [ -91.61, 42.8 ], [ -91.61, 42.76 ], [ -91.61, 42.74 ], [ -91.61, 42.7 ], [ -91.61, 42.68 ], [ -91.61, 42.65 ], [ -91.61, 42.64 ], [ -91.64, 42.64 ], [ -91.69, 42.64 ], [ -91.71, 42.64 ], [ -91.75, 42.64 ], [ -91.81, 42.64 ], [ -91.82, 42.64 ], [ -91.85, 42.64 ], [ -91.88, 42.64 ], [ -91.89, 42.64 ], [ -91.9, 42.64 ], [ -91.91, 42.64 ], [ -91.93, 42.64 ], [ -91.94, 42.64 ], [ -91.95, 42.64 ], [ -91.96, 42.64 ], [ -92.0, 42.64 ], [ -92.08, 42.64 ], [ -92.08, 42.69 ], [ -92.08, 42.7 ], [ -92.08, 42.72 ], [ -92.08, 42.76 ], [ -92.08, 42.82 ], [ -92.08, 42.83 ], [ -92.08, 42.87 ], [ -92.08, 42.89 ], [ -92.08, 42.91 ], [ -92.08, 42.92 ], [ -92.08, 42.97 ], [ -92.08, 42.99 ], [ -92.08, 43.01 ], [ -92.08, 43.02 ], [ -92.08, 43.04 ], [ -92.08, 43.08 ] ] ] } },
{ "type": "Feature", "properties": { "WFO": "ARX", "ISSUED": "201804141800", "EXPIRED": "201804160000", "INIT_ISS": "201804132104", "INIT_EXP": "201804160000", "PHENOM": "WW", "GTYPE": "C", "SIG": "Y", "ETN": 17, "STATUS": "EXP", "NWS_UGC": "IAZ030", "AREA_KM2": 2049.746826171875, "UPDATED": "201804152359", "HV_NWSLI": null, "HV_SEV": null, "HV_CAUSE": null, "HV_REC": null, "EMERGENC": false, "POLY_BEG": null, "POLY_END": null, "WINDTAG": null, "HAILTAG": null, "TORNTAG": null, "DAMAGTAG": null, "PROD_ID": "201804132104-KARX-WWUS43-WSWARX", "FCSTER": "04/JM" }, "geometry": { "type": "Polygon", "coordinates": [ [ [ -91.52, 43.08 ], [ -91.49, 43.08 ], [ -91.43, 43.08 ], [ -91.33, 43.08 ], [ -91.31, 43.08 ], [ -91.3, 43.08 ], [ -91.27, 43.08 ], [ -91.25, 43.08 ], [ -91.22, 43.08 ], [ -91.18, 43.08 ], [ -91.18, 43.07 ], [ -91.18, 43.06 ], [ -91.18, 43.04 ], [ -91.17, 43.04 ], [ -91.17, 43.03 ], [ -91.17, 43.02 ], [ -91.16, 43.0 ], [ -91.16, 42.99 ], [ -91.16, 42.98 ], [ -91.15, 42.97 ], [ -91.15, 42.96 ], [ -91.15, 42.95 ], [ -91.15, 42.94 ], [ -91.15, 42.93 ], [ -91.14, 42.93 ], [ -91.14, 42.92 ], [ -91.15, 42.92 ], [ -91.15, 42.91 ], [ -91.14, 42.91 ], [ -91.14, 42.9 ], [ -91.13, 42.9 ], [ -91.12, 42.9 ], [ -91.11, 42.89 ], [ -91.1, 42.89 ], [ -91.1, 42.88 ], [ -91.1, 42.87 ], [ -91.1, 42.86 ], [ -91.09, 42.85 ], [ -91.09, 42.84 ], [ -91.1, 42.84 ], [ -91.09, 42.83 ], [ -91.08, 42.83 ], [ -91.08, 42.82 ], [ -91.08, 42.81 ], [ -91.08, 42.8 ], [ -91.07, 42.79 ], [ -91.07, 42.78 ], [ -91.07, 42.77 ], [ -91.06, 42.76 ], [ -91.07, 42.75 ], [ -91.06, 42.75 ], [ -91.05, 42.74 ], [ -91.04, 42.74 ], [ -91.03, 42.74 ], [ -91.03, 42.73 ], [ -91.03, 42.72 ], [ -91.02, 42.72 ], [ -91.01, 42.72 ], [ -91.0, 42.72 ], [ -90.99, 42.71 ], [ -90.99, 42.7 ], [ -90.98, 42.7 ], [ -90.97, 42.7 ], [ -90.97, 42.69 ], [ -90.96, 42.69 ], [ -90.95, 42.69 ], [ -90.95, 42.68 ], [ -90.94, 42.68 ], [ -90.93, 42.68 ], [ -90.92, 42.69 ], [ -90.92, 42.68 ], [ -90.91, 42.68 ], [ -90.9, 42.68 ], [ -90.9, 42.65 ], [ -90.97, 42.65 ], [ -91.01, 42.65 ], [ -91.03, 42.65 ], [ -91.04, 42.65 ], [ -91.13, 42.65 ], [ -91.21, 42.65 ], [ -91.23, 42.65 ], [ -91.28, 42.65 ], [ -91.38, 42.64 ], [ -91.41, 42.64 ], [ -91.42, 42.64 ], [ -91.43, 42.64 ], [ -91.45, 42.64 ], [ -91.46, 42.64 ], [ -91.47, 42.64 ], [ -91.49, 42.64 ], [ -91.54, 42.64 ], [ -91.55, 42.64 ], [ -91.61, 42.64 ], [ -91.61, 42.65 ], [ -91.61, 42.68 ], [ -91.61, 42.7 ], [ -91.61, 42.74 ], [ -91.61, 42.76 ], [ -91.61, 42.8 ], [ -91.61, 42.81 ], [ -91.61, 42.82 ], [ -91.61, 42.92 ], [ -91.61, 42.93 ], [ -91.61, 42.94 ], [ -91.61, 42.99 ], [ -91.61, 43.0 ], [ -91.61, 43.01 ], [ -91.61, 43.02 ], [ -91.61, 43.06 ], [ -91.61, 43.08 ], [ -91.52, 43.08 ] ] ] } },
{ "type": "Feature", "properties": { "WFO": "MPX", "ISSUED": "201804141800", "EXPIRED": "201804160500", "INIT_ISS": "201804132012", "INIT_EXP": "201804151200", "PHENOM": "WW", "GTYPE": "C", "SIG": "Y", "ETN": 18, "STATUS": "EXP", "NWS_UGC": "MNZ043", "AREA_KM2": 2979.83251953125, "UPDATED": "201804160457", "HV_NWSLI": null, "HV_SEV": null, "HV_CAUSE": null, "HV_REC": null, "EMERGENC": false, "POLY_BEG": null, "POLY_END": null, "WINDTAG": null, "HAILTAG": null, "TORNTAG": null, "DAMAGTAG": null, "PROD_ID": "201804132012-KMPX-WWUS43-WSWMPX", "FCSTER": "jrb" }, "geometry": { "type": "Polygon", "coordinates": [ [ [ -94.65, 46.34 ], [ -94.64, 46.34 ], [ -94.63, 46.34 ], [ -94.63, 46.33 ], [ -94.62, 46.33 ], [ -94.61, 46.32 ], [ -94.61, 46.33 ], [ -94.6, 46.33 ], [ -94.59, 46.33 ], [ -94.59, 46.32 ], [ -94.58, 46.32 ], [ -94.57, 46.32 ], [ -94.57, 46.31 ], [ -94.56, 46.31 ], [ -94.55, 46.31 ], [ -94.55, 46.3 ], [ -94.54, 46.3 ], [ -94.53, 46.3 ], [ -94.52, 46.31 ], [ -94.51, 46.31 ], [ -94.5, 46.31 ], [ -94.5, 46.32 ], [ -94.49, 46.31 ], [ -94.48, 46.32 ], [ -94.47, 46.32 ], [ -94.47, 46.33 ], [ -94.46, 46.33 ], [ -94.45, 46.33 ], [ -94.44, 46.33 ], [ -94.43, 46.33 ], [ -94.42, 46.33 ], [ -94.41, 46.33 ], [ -94.41, 46.32 ], [ -94.4, 46.32 ], [ -94.4, 46.31 ], [ -94.39, 46.31 ], [ -94.39, 46.3 ], [ -94.38, 46.31 ], [ -94.38, 46.3 ], [ -94.37, 46.3 ], [ -94.36, 46.3 ], [ -94.35, 46.3 ], [ -94.35, 46.29 ], [ -94.34, 46.29 ], [ -94.35, 46.28 ], [ -94.34, 46.28 ], [ -94.34, 46.27 ], [ -94.35, 46.27 ], [ -94.35, 46.26 ], [ -94.36, 46.25 ], [ -94.37, 46.25 ], [ -94.37, 46.24 ], [ -94.38, 46.24 ], [ -94.39, 46.24 ], [ -94.39, 46.23 ], [ -94.39, 46.22 ], [ -94.4, 46.21 ], [ -94.39, 46.21 ], [ -94.39, 46.2 ], [ -94.38, 46.19 ], [ -94.37, 46.19 ], [ -94.37, 46.18 ], [ -94.37, 46.17 ], [ -94.37, 46.16 ], [ -94.36, 46.16 ], [ -94.35, 46.16 ], [ -94.31, 46.16 ], [ -94.3, 46.16 ], [ -94.24, 46.16 ], [ -94.22, 46.16 ], [ -94.2, 46.16 ], [ -94.17, 46.16 ], [ -94.15, 46.16 ], [ -94.1, 46.16 ], [ -94.06, 46.16 ], [ -94.01, 46.16 ], [ -94.0, 46.16 ], [ -93.97, 46.16 ], [ -93.93, 46.16 ], [ -93.91, 46.16 ], [ -93.9, 46.16 ], [ -93.88, 46.16 ], [ -93.86, 46.16 ], [ -93.83, 46.16 ], [ -93.81, 46.16 ], [ -93.81, 46.15 ], [ -93.81, 46.14 ], [ -93.81, 46.12 ], [ -93.81, 46.08 ], [ -93.81, 46.03 ], [ -93.81, 45.98 ], [ -93.77, 45.98 ], [ -93.77, 45.95 ], [ -93.77, 45.94 ], [ -93.77, 45.92 ], [ -93.77, 45.91 ], [ -93.77, 45.88 ], [ -93.77, 45.86 ], [ -93.76, 45.82 ], [ -93.83, 45.82 ], [ -93.85, 45.82 ], [ -93.87, 45.82 ], [ -93.88, 45.82 ], [ -93.89, 45.82 ], [ -93.9, 45.82 ], [ -93.93, 45.82 ], [ -93.94, 45.82 ], [ -93.99, 45.82 ], [ -94.01, 45.82 ], [ -94.07, 45.82 ], [ -94.12, 45.82 ], [ -94.18, 45.82 ], [ -94.21, 45.82 ], [ -94.3, 45.82 ], [ -94.35, 45.82 ], [ -94.34, 45.81 ], [ -94.33, 45.8 ], [ -94.32, 45.8 ], [ -94.31, 45.8 ], [ -94.31, 45.79 ], [ -94.3, 45.79 ], [ -94.3, 45.78 ], [ -94.32, 45.78 ], [ -94.37, 45.78 ], [ -94.39, 45.78 ], [ -94.44, 45.78 ], [ -94.45, 45.78 ], [ -94.48, 45.78 ], [ -94.48, 45.77 ], [ -94.51, 45.77 ], [ -94.54, 45.77 ], [ -94.56, 45.77 ], [ -94.57, 45.77 ], [ -94.58, 45.77 ], [ -94.59, 45.77 ], [ -94.61, 45.77 ], [ -94.64, 45.77 ], [ -94.64, 45.81 ], [ -94.64, 45.85 ], [ -94.64, 45.86 ], [ -94.64, 45.87 ], [ -94.64, 45.89 ], [ -94.64, 45.9 ], [ -94.64, 45.91 ], [ -94.64, 45.92 ], [ -94.64, 45.93 ], [ -94.65, 45.93 ], [ -94.65, 45.96 ], [ -94.65, 46.0 ], [ -94.65, 46.02 ], [ -94.65, 46.05 ], [ -94.65, 46.06 ], [ -94.65, 46.09 ], [ -94.65, 46.14 ], [ -94.65, 46.16 ], [ -94.65, 46.17 ], [ -94.65, 46.19 ], [ -94.65, 46.24 ], [ -94.65, 46.25 ], [ -94.65, 46.28 ], [ -94.65, 46.3 ], [ -94.65, 46.32 ], [ -94.65, 46.34 ] ] ] } },
{ "type": "Feature", "properties": { "WFO": "ARX", "ISSUED": "201804141800", "EXPIRED": "201804160300", "INIT_ISS": "201804132104", "INIT_EXP": "201804151800", "PHENOM": "WS", "GTYPE": "C", "SIG": "W", "ETN": 8, "STATUS": "EXP", "NWS_UGC": "MNZ079", "AREA_KM2": 1421.1058349609375, "UPDATED": "201804160258", "HV_NWSLI": null, "HV_SEV": null, "HV_CAUSE": null, "HV_REC": null, "EMERGENC": false, "POLY_BEG": null, "POLY_END": null, "WINDTAG": null, "HAILTAG": null, "TORNTAG": null, "DAMAGTAG": null, "PROD_ID": "201804132104-KARX-WWUS43-WSWARX", "FCSTER": "04/JM" }, "geometry": { "type": "Polygon", "coordinates": [ [ [ -92.41, 44.46 ], [ -92.4, 44.46 ], [ -92.32, 44.45 ], [ -92.25, 44.45 ], [ -92.24, 44.45 ], [ -92.23, 44.45 ], [ -92.23, 44.44 ], [ -92.22, 44.44 ], [ -92.21, 44.44 ], [ -92.2, 44.43 ], [ -92.17, 44.43 ], [ -92.16, 44.43 ], [ -92.14, 44.42 ], [ -92.12, 44.42 ], [ -92.11, 44.42 ], [ -92.11, 44.41 ], [ -92.1, 44.41 ], [ -92.08, 44.41 ], [ -92.08, 44.4 ], [ -92.07, 44.4 ], [ -92.06, 44.4 ], [ -92.05, 44.4 ], [ -92.05, 44.39 ], [ -92.04, 44.39 ], [ -92.03, 44.39 ], [ -92.02, 44.38 ], [ -92.01, 44.38 ], [ -92.0, 44.38 ], [ -91.99, 44.37 ], [ -91.98, 44.37 ], [ -91.97, 44.37 ], [ -91.97, 44.36 ], [ -91.96, 44.36 ], [ -91.95, 44.35 ], [ -91.94, 44.34 ], [ -91.93, 44.34 ], [ -91.92, 44.33 ], [ -91.92, 44.32 ], [ -91.91, 44.31 ], [ -91.92, 44.3 ], [ -91.92, 44.29 ], [ -91.91, 44.28 ], [ -91.9, 44.28 ], [ -91.9, 44.27 ], [ -91.89, 44.26 ], [ -91.89, 44.25 ], [ -91.89, 44.24 ], [ -91.89, 44.23 ], [ -91.88, 44.22 ], [ -91.88, 44.21 ], [ -91.88, 44.2 ], [ -91.87, 44.2 ], [ -91.86, 44.19 ], [ -91.9, 44.19 ], [ -91.92, 44.19 ], [ -91.95, 44.19 ], [ -92.08, 44.19 ], [ -92.08, 44.18 ], [ -92.08, 44.15 ], [ -92.08, 44.13 ], [ -92.08, 44.12 ], [ -92.08, 44.11 ], [ -92.13, 44.11 ], [ -92.27, 44.11 ], [ -92.32, 44.11 ], [ -92.32, 44.19 ], [ -92.34, 44.19 ], [ -92.35, 44.19 ], [ -92.38, 44.19 ], [ -92.42, 44.19 ], [ -92.44, 44.19 ], [ -92.46, 44.19 ], [ -92.49, 44.19 ], [ -92.5, 44.19 ], [ -92.51, 44.19 ], [ -92.52, 44.19 ], [ -92.54, 44.19 ], [ -92.55, 44.19 ], [ -92.55, 44.27 ], [ -92.55, 44.29 ], [ -92.55, 44.31 ], [ -92.55, 44.33 ], [ -92.55, 44.37 ], [ -92.5, 44.37 ], [ -92.44, 44.37 ], [ -92.43, 44.37 ], [ -92.43, 44.45 ], [ -92.43, 44.46 ], [ -92.42, 44.46 ], [ -92.41, 44.46 ] ] ] } },
{ "type": "Feature", "properties": { "WFO": "ARX", "ISSUED": "201804141800", "EXPIRED": "201804160000", "INIT_ISS": "201804132104", "INIT_EXP": "201804151800", "PHENOM": "WS", "GTYPE": "C", "SIG": "W", "ETN": 8, "STATUS": "EXP", "NWS_UGC": "MNZ088", "AREA_KM2": 1658.4879150390625, "UPDATED": "201804152359", "HV_NWSLI": null, "HV_SEV": null, "HV_CAUSE": null, "HV_REC": null, "EMERGENC": false, "POLY_BEG": null, "POLY_END": null, "WINDTAG": null, "HAILTAG": null, "TORNTAG": null, "DAMAGTAG": null, "PROD_ID": "201804132104-KARX-WWUS43-WSWARX", "FCSTER": "04/JM" }, "geometry": { "type": "Polygon", "coordinates": [ [ [ -91.86, 44.19 ], [ -91.85, 44.19 ], [ -91.84, 44.18 ], [ -91.83, 44.18 ], [ -91.82, 44.16 ], [ -91.81, 44.16 ], [ -91.8, 44.15 ], [ -91.78, 44.15 ], [ -91.77, 44.15 ], [ -91.77, 44.14 ], [ -91.76, 44.14 ], [ -91.75, 44.14 ], [ -91.75, 44.13 ], [ -91.74, 44.13 ], [ -91.73, 44.13 ], [ -91.72, 44.13 ], [ -91.71, 44.12 ], [ -91.71, 44.11 ], [ -91.71, 44.1 ], [ -91.7, 44.1 ], [ -91.69, 44.1 ], [ -91.68, 44.1 ], [ -91.67, 44.09 ], [ -91.66, 44.08 ], [ -91.66, 44.07 ], [ -91.65, 44.07 ], [ -91.65, 44.06 ], [ -91.64, 44.06 ], [ -91.63, 44.06 ], [ -91.62, 44.05 ], [ -91.61, 44.05 ], [ -91.6, 44.04 ], [ -91.6, 44.03 ], [ -91.59, 44.03 ], [ -91.58, 44.03 ], [ -91.57, 44.03 ], [ -91.56, 44.03 ], [ -91.56, 44.02 ], [ -91.55, 44.02 ], [ -91.53, 44.02 ], [ -91.52, 44.02 ], [ -91.51, 44.02 ], [ -91.5, 44.02 ], [ -91.5, 44.01 ], [ -91.49, 44.01 ], [ -91.48, 44.01 ], [ -91.47, 44.01 ], [ -91.46, 44.01 ], [ -91.45, 44.01 ], [ -91.44, 44.0 ], [ -91.43, 44.0 ], [ -91.43, 43.99 ], [ -91.42, 43.98 ], [ -91.41, 43.97 ], [ -91.41, 43.96 ], [ -91.4, 43.96 ], [ -91.39, 43.96 ], [ -91.39, 43.95 ], [ -91.38, 43.94 ], [ -91.37, 43.94 ], [ -91.36, 43.93 ], [ -91.36, 43.92 ], [ -91.35, 43.92 ], [ -91.35, 43.91 ], [ -91.34, 43.91 ], [ -91.34, 43.9 ], [ -91.33, 43.9 ], [ -91.33, 43.89 ], [ -91.32, 43.89 ], [ -91.32, 43.88 ], [ -91.31, 43.88 ], [ -91.31, 43.87 ], [ -91.31, 43.86 ], [ -91.3, 43.86 ], [ -91.29, 43.85 ], [ -91.35, 43.85 ], [ -91.36, 43.85 ], [ -91.38, 43.85 ], [ -91.49, 43.85 ], [ -91.5, 43.85 ], [ -91.63, 43.85 ], [ -91.72, 43.85 ], [ -91.73, 43.85 ], [ -91.74, 43.85 ], [ -91.75, 43.85 ], [ -91.79, 43.85 ], [ -91.8, 43.85 ], [ -91.83, 43.85 ], [ -91.87, 43.85 ], [ -91.88, 43.85 ], [ -91.91, 43.85 ], [ -91.92, 43.85 ], [ -91.96, 43.85 ], [ -92.07, 43.85 ], [ -92.08, 43.85 ], [ -92.08, 43.89 ], [ -92.08, 43.93 ], [ -92.08, 43.95 ], [ -92.08, 43.98 ], [ -92.08, 44.01 ], [ -92.08, 44.02 ], [ -92.08, 44.03 ], [ -92.08, 44.05 ], [ -92.08, 44.11 ], [ -92.08, 44.12 ], [ -92.08, 44.13 ], [ -92.08, 44.15 ], [ -92.08, 44.18 ], [ -92.08, 44.19 ], [ -91.95, 44.19 ], [ -91.92, 44.19 ], [ -91.9, 44.19 ], [ -91.86, 44.19 ] ] ] } },
{ "type": "Feature", "properties": { "WFO": "ARX", "ISSUED": "201804141800", "EXPIRED": "201804160000", "INIT_ISS": "201804132104", "INIT_EXP": "201804160000", "PHENOM": "WW", "GTYPE": "C", "SIG": "Y", "ETN": 17, "STATUS": "EXP", "NWS_UGC": "IAZ019", "AREA_KM2": 1306.843017578125, "UPDATED": "201804152359", "HV_NWSLI": null, "HV_SEV": null, "HV_CAUSE": null, "HV_REC": null, "EMERGENC": false, "POLY_BEG": null, "POLY_END": null, "WINDTAG": null, "HAILTAG": null, "TORNTAG": null, "DAMAGTAG": null, "PROD_ID": "201804132104-KARX-WWUS43-WSWARX", "FCSTER": "04/JM" }, "geometry": { "type": "Polygon", "coordinates": [ [ [ -92.26, 43.21 ], [ -92.24, 43.21 ], [ -92.18, 43.21 ], [ -92.12, 43.21 ], [ -92.09, 43.21 ], [ -92.08, 43.21 ], [ -92.08, 43.17 ], [ -92.08, 43.16 ], [ -92.08, 43.13 ], [ -92.08, 43.12 ], [ -92.08, 43.1 ], [ -92.08, 43.08 ], [ -92.08, 43.04 ], [ -92.08, 43.02 ], [ -92.08, 43.01 ], [ -92.08, 42.99 ], [ -92.08, 42.97 ], [ -92.08, 42.92 ], [ -92.08, 42.91 ], [ -92.15, 42.91 ], [ -92.23, 42.91 ], [ -92.31, 42.91 ], [ -92.32, 42.91 ], [ -92.44, 42.91 ], [ -92.49, 42.91 ], [ -92.5, 42.91 ], [ -92.55, 42.91 ], [ -92.55, 42.92 ], [ -92.55, 42.96 ], [ -92.55, 42.97 ], [ -92.55, 43.0 ], [ -92.55, 43.01 ], [ -92.55, 43.12 ], [ -92.55, 43.17 ], [ -92.55, 43.18 ], [ -92.55, 43.21 ], [ -92.53, 43.21 ], [ -92.51, 43.21 ], [ -92.48, 43.21 ], [ -92.46, 43.21 ], [ -92.43, 43.21 ], [ -92.41, 43.21 ], [ -92.37, 43.21 ], [ -92.36, 43.21 ], [ -92.32, 43.21 ], [ -92.3, 43.21 ], [ -92.28, 43.21 ], [ -92.26, 43.21 ] ] ] } },
{ "type": "Feature", "properties": { "WFO": "ARX", "ISSUED": "201804142016", "EXPIRED": "201804160000", "INIT_ISS": "201804142016", "INIT_EXP": "201804160000", "PHENOM": "WS", "GTYPE": "C", "SIG": "W", "ETN": 8, "STATUS": "EXP", "NWS_UGC": "MNZ096", "AREA_KM2": 1470.706787109375, "UPDATED": "201804152359", "HV_NWSLI": null, "HV_SEV": null, "HV_CAUSE": null, "HV_REC": null, "EMERGENC": false, "POLY_BEG": null, "POLY_END": null, "WINDTAG": null, "HAILTAG": null, "TORNTAG": null, "DAMAGTAG": null, "PROD_ID": "201804142016-KARX-WWUS43-WSWARX", "FCSTER": "04" }, "geometry": { "type": "Polygon", "coordinates": [ [ [ -91.29, 43.85 ], [ -91.28, 43.84 ], [ -91.28, 43.83 ], [ -91.27, 43.82 ], [ -91.27, 43.81 ], [ -91.27, 43.8 ], [ -91.26, 43.8 ], [ -91.26, 43.79 ], [ -91.24, 43.77 ], [ -91.25, 43.77 ], [ -91.25, 43.75 ], [ -91.26, 43.75 ], [ -91.26, 43.74 ], [ -91.26, 43.73 ], [ -91.26, 43.72 ], [ -91.27, 43.71 ], [ -91.27, 43.7 ], [ -91.27, 43.69 ], [ -91.27, 43.68 ], [ -91.27, 43.67 ], [ -91.27, 43.65 ], [ -91.26, 43.65 ], [ -91.26, 43.64 ], [ -91.27, 43.63 ], [ -91.27, 43.62 ], [ -91.27, 43.61 ], [ -91.26, 43.61 ], [ -91.26, 43.6 ], [ -91.25, 43.6 ], [ -91.24, 43.59 ], [ -91.23, 43.59 ], [ -91.23, 43.58 ], [ -91.23, 43.57 ], [ -91.23, 43.56 ], [ -91.24, 43.55 ], [ -91.24, 43.54 ], [ -91.24, 43.53 ], [ -91.23, 43.53 ], [ -91.23, 43.52 ], [ -91.22, 43.52 ], [ -91.22, 43.51 ], [ -91.22, 43.5 ], [ -91.23, 43.5 ], [ -91.25, 43.5 ], [ -91.26, 43.5 ], [ -91.28, 43.5 ], [ -91.32, 43.5 ], [ -91.37, 43.5 ], [ -91.38, 43.5 ], [ -91.39, 43.5 ], [ -91.4, 43.5 ], [ -91.44, 43.5 ], [ -91.49, 43.5 ], [ -91.53, 43.5 ], [ -91.59, 43.5 ], [ -91.61, 43.5 ], [ -91.62, 43.5 ], [ -91.63, 43.5 ], [ -91.7, 43.5 ], [ -91.71, 43.5 ], [ -91.73, 43.5 ], [ -91.73, 43.51 ], [ -91.73, 43.52 ], [ -91.73, 43.58 ], [ -91.73, 43.6 ], [ -91.73, 43.62 ], [ -91.73, 43.64 ], [ -91.73, 43.68 ], [ -91.73, 43.74 ], [ -91.73, 43.79 ], [ -91.73, 43.84 ], [ -91.73, 43.85 ], [ -91.72, 43.85 ], [ -91.63, 43.85 ], [ -91.5, 43.85 ], [ -91.49, 43.85 ], [ -91.38, 43.85 ], [ -91.36, 43.85 ], [ -91.35, 43.85 ], [ -91.29, 43.85 ] ] ] } },
{ "type": "Feature", "properties": { "WFO": "MPX", "ISSUED": "201804142022", "EXPIRED": "201804160500", "INIT_ISS": "201804142022", "INIT_EXP": "201804151800", "PHENOM": "WW", "GTYPE": "C", "SIG": "Y", "ETN": 18, "STATUS": "EXP", "NWS_UGC": "MNZ050", "AREA_KM2": 1066.925537109375, "UPDATED": "201804160457", "HV_NWSLI": null, "HV_SEV": null, "HV_CAUSE": null, "HV_REC": null, "EMERGENC": false, "POLY_BEG": null, "POLY_END": null, "WINDTAG": null, "HAILTAG": null, "TORNTAG": null, "DAMAGTAG": null, "PROD_ID": "201804142022-KMPX-WWUS43-WSWMPX", "FCSTER": "jrb" }, "geometry": { "type": "Polygon", "coordinates": [ [ [ -94.27, 45.76 ], [ -94.27, 45.77 ], [ -94.27, 45.78 ], [ -94.28, 45.78 ], [ -94.29, 45.78 ], [ -94.3, 45.78 ], [ -94.3, 45.79 ], [ -94.31, 45.79 ], [ -94.31, 45.8 ], [ -94.32, 45.8 ], [ -94.33, 45.8 ], [ -94.34, 45.81 ], [ -94.35, 45.82 ], [ -94.3, 45.82 ], [ -94.21, 45.82 ], [ -94.18, 45.82 ], [ -94.12, 45.82 ], [ -94.07, 45.82 ], [ -94.01, 45.82 ], [ -93.99, 45.82 ], [ -93.94, 45.82 ], [ -93.93, 45.82 ], [ -93.9, 45.82 ], [ -93.89, 45.82 ], [ -93.88, 45.82 ], [ -93.87, 45.82 ], [ -93.85, 45.82 ], [ -93.83, 45.82 ], [ -93.76, 45.82 ], [ -93.76, 45.81 ], [ -93.76, 45.77 ], [ -93.76, 45.76 ], [ -93.76, 45.74 ], [ -93.76, 45.73 ], [ -93.76, 45.71 ], [ -93.76, 45.66 ], [ -93.76, 45.63 ], [ -93.76, 45.62 ], [ -93.76, 45.58 ], [ -93.76, 45.56 ], [ -93.8, 45.56 ], [ -93.82, 45.56 ], [ -93.88, 45.56 ], [ -93.9, 45.56 ], [ -93.93, 45.56 ], [ -93.98, 45.56 ], [ -94.0, 45.56 ], [ -94.01, 45.56 ], [ -94.12, 45.56 ], [ -94.13, 45.56 ], [ -94.15, 45.56 ], [ -94.16, 45.56 ], [ -94.16, 45.57 ], [ -94.17, 45.57 ], [ -94.17, 45.58 ], [ -94.17, 45.59 ], [ -94.18, 45.59 ], [ -94.19, 45.6 ], [ -94.2, 45.61 ], [ -94.2, 45.62 ], [ -94.2, 45.63 ], [ -94.2, 45.64 ], [ -94.2, 45.65 ], [ -94.2, 45.66 ], [ -94.2, 45.67 ], [ -94.19, 45.67 ], [ -94.18, 45.68 ], [ -94.19, 45.68 ], [ -94.2, 45.68 ], [ -94.21, 45.69 ], [ -94.21, 45.7 ], [ -94.22, 45.7 ], [ -94.22, 45.71 ], [ -94.22, 45.72 ], [ -94.21, 45.72 ], [ -94.22, 45.73 ], [ -94.23, 45.73 ], [ -94.24, 45.73 ], [ -94.25, 45.74 ], [ -94.26, 45.74 ], [ -94.26, 45.75 ], [ -94.27, 45.75 ], [ -94.27, 45.76 ] ] ] } },
{ "type": "Feature", "properties": { "WFO": "MPX", "ISSUED": "201804142022", "EXPIRED": "201804160500", "INIT_ISS": "201804142022", "INIT_EXP": "201804151800", "PHENOM": "WW", "GTYPE": "C", "SIG": "Y", "ETN": 18, "STATUS": "EXP", "NWS_UGC": "MNZ044", "AREA_KM2": 1761.3701171875, "UPDATED": "201804160457", "HV_NWSLI": null, "HV_SEV": null, "HV_CAUSE": null, "HV_REC": null, "EMERGENC": false, "POLY_BEG": null, "POLY_END": null, "WINDTAG": null, "HAILTAG": null, "TORNTAG": null, "DAMAGTAG": null, "PROD_ID": "201804142022-KMPX-WWUS43-WSWMPX", "FCSTER": "jrb" }, "geometry": { "type": "Polygon", "coordinates": [ [ [ -93.43, 46.15 ], [ -93.43, 46.14 ], [ -93.43, 46.12 ], [ -93.43, 46.11 ], [ -93.43, 46.09 ], [ -93.43, 46.06 ], [ -93.43, 46.05 ], [ -93.43, 46.01 ], [ -93.43, 45.98 ], [ -93.44, 45.98 ], [ -93.45, 45.98 ], [ -93.47, 45.98 ], [ -93.52, 45.98 ], [ -93.52, 45.97 ], [ -93.52, 45.95 ], [ -93.52, 45.92 ], [ -93.52, 45.89 ], [ -93.52, 45.87 ], [ -93.52, 45.85 ], [ -93.52, 45.82 ], [ -93.52, 45.8 ], [ -93.51, 45.78 ], [ -93.51, 45.76 ], [ -93.51, 45.75 ], [ -93.51, 45.74 ], [ -93.51, 45.72 ], [ -93.51, 45.71 ], [ -93.51, 45.69 ], [ -93.51, 45.68 ], [ -93.51, 45.63 ], [ -93.51, 45.56 ], [ -93.52, 45.56 ], [ -93.58, 45.56 ], [ -93.59, 45.56 ], [ -93.62, 45.56 ], [ -93.65, 45.56 ], [ -93.68, 45.56 ], [ -93.76, 45.56 ], [ -93.76, 45.58 ], [ -93.76, 45.62 ], [ -93.76, 45.63 ], [ -93.76, 45.66 ], [ -93.76, 45.71 ], [ -93.76, 45.73 ], [ -93.76, 45.74 ], [ -93.76, 45.76 ], [ -93.76, 45.77 ], [ -93.76, 45.81 ], [ -93.76, 45.82 ], [ -93.77, 45.86 ], [ -93.77, 45.88 ], [ -93.77, 45.91 ], [ -93.77, 45.92 ], [ -93.77, 45.94 ], [ -93.77, 45.95 ], [ -93.77, 45.98 ], [ -93.81, 45.98 ], [ -93.81, 46.03 ], [ -93.81, 46.08 ], [ -93.81, 46.12 ], [ -93.81, 46.14 ], [ -93.81, 46.15 ], [ -93.81, 46.16 ], [ -93.81, 46.18 ], [ -93.81, 46.2 ], [ -93.81, 46.24 ], [ -93.8, 46.24 ], [ -93.79, 46.24 ], [ -93.77, 46.24 ], [ -93.53, 46.25 ], [ -93.48, 46.25 ], [ -93.45, 46.25 ], [ -93.44, 46.25 ], [ -93.43, 46.25 ], [ -93.43, 46.22 ], [ -93.43, 46.21 ], [ -93.43, 46.2 ], [ -93.43, 46.18 ], [ -93.43, 46.16 ], [ -93.43, 46.15 ] ] ] } },
{ "type": "Feature", "properties": { "WFO": "DLH", "ISSUED": "201804150000", "EXPIRED": "201804160500", "INIT_ISS": "201804140900", "INIT_EXP": "201804160000", "PHENOM": "WW", "GTYPE": "C", "SIG": "Y", "ETN": 18, "STATUS": "EXP", "NWS_UGC": "MNZ036", "AREA_KM2": 2706.731201171875, "UPDATED": "201804160505", "HV_NWSLI": null, "HV_SEV": null, "HV_CAUSE": null, "HV_REC": null, "EMERGENC": false, "POLY_BEG": null, "POLY_END": null, "WINDTAG": null, "HAILTAG": null, "TORNTAG": null, "DAMAGTAG": null, "PROD_ID": "201804140900-KDLH-WWUS43-WSWDLH", "FCSTER": "JTS" }, "geometry": { "type": "Polygon", "coordinates": [ [ [ -93.05, 46.23 ], [ -93.05, 46.18 ], [ -93.05, 46.17 ], [ -93.05, 46.16 ], [ -93.06, 46.16 ], [ -93.09, 46.16 ], [ -93.11, 46.16 ], [ -93.13, 46.16 ], [ -93.14, 46.16 ], [ -93.18, 46.16 ], [ -93.2, 46.16 ], [ -93.29, 46.16 ], [ -93.3, 46.16 ], [ -93.32, 46.16 ], [ -93.35, 46.16 ], [ -93.39, 46.16 ], [ -93.41, 46.15 ], [ -93.43, 46.15 ], [ -93.43, 46.16 ], [ -93.43, 46.18 ], [ -93.43, 46.2 ], [ -93.43, 46.21 ], [ -93.43, 46.22 ], [ -93.43, 46.25 ], [ -93.44, 46.25 ], [ -93.45, 46.25 ], [ -93.48, 46.25 ], [ -93.53, 46.25 ], [ -93.77, 46.24 ], [ -93.79, 46.24 ], [ -93.8, 46.24 ], [ -93.8, 46.25 ], [ -93.81, 46.25 ], [ -93.81, 46.36 ], [ -93.81, 46.41 ], [ -93.81, 46.43 ], [ -93.81, 46.5 ], [ -93.81, 46.52 ], [ -93.81, 46.53 ], [ -93.81, 46.54 ], [ -93.81, 46.56 ], [ -93.81, 46.58 ], [ -93.8, 46.59 ], [ -93.79, 46.59 ], [ -93.78, 46.59 ], [ -93.78, 46.63 ], [ -93.06, 46.62 ], [ -93.06, 46.59 ], [ -93.05, 46.59 ], [ -93.06, 46.58 ], [ -93.06, 46.53 ], [ -93.06, 46.5 ], [ -93.06, 46.44 ], [ -93.05, 46.42 ], [ -93.05, 46.39 ], [ -93.05, 46.37 ], [ -93.05, 46.34 ], [ -93.05, 46.32 ], [ -93.05, 46.25 ], [ -93.05, 46.23 ] ] ] } },
{ "type": "Feature", "properties": { "WFO": "DLH", "ISSUED": "201804150000", "EXPIRED": "201804161200", "INIT_ISS": "201804141918", "INIT_EXP": "201804161200", "PHENOM": "WS", "GTYPE": "C", "SIG": "W", "ETN": 12, "STATUS": "EXP", "NWS_UGC": "MNZ037", "AREA_KM2": 4808.8994140625, "UPDATED": "201804161203", "HV_NWSLI": null, "HV_SEV": null, "HV_CAUSE": null, "HV_REC": null, "EMERGENC": false, "POLY_BEG": null, "POLY_END": null, "WINDTAG": null, "HAILTAG": null, "TORNTAG": null, "DAMAGTAG": null, "PROD_ID": "201804141918-KDLH-WWUS43-WSWDLH", "FCSTER": null }, "geometry": { "type": "MultiPolygon", "coordinates": [ [ [ [ -92.29, 46.66 ], [ -92.29, 46.64 ], [ -92.29, 46.59 ], [ -92.29, 46.57 ], [ -92.29, 46.5 ], [ -92.29, 46.43 ], [ -92.29, 46.42 ], [ -92.31, 46.42 ], [ -92.37, 46.42 ], [ -92.49, 46.42 ], [ -92.5, 46.42 ], [ -92.55, 46.42 ], [ -92.64, 46.42 ], [ -92.73, 46.42 ], [ -92.76, 46.42 ], [ -92.77, 46.42 ], [ -92.8, 46.42 ], [ -92.82, 46.42 ], [ -92.86, 46.42 ], [ -92.87, 46.42 ], [ -92.88, 46.42 ], [ -92.89, 46.42 ], [ -92.96, 46.42 ], [ -93.05, 46.42 ], [ -93.06, 46.44 ], [ -93.06, 46.5 ], [ -93.06, 46.53 ], [ -93.06, 46.58 ], [ -93.05, 46.59 ], [ -93.06, 46.59 ], [ -93.06, 46.62 ], [ -93.06, 46.63 ], [ -93.06, 46.68 ], [ -93.06, 46.7 ], [ -93.06, 46.75 ], [ -93.06, 46.77 ], [ -93.06, 46.84 ], [ -93.06, 46.87 ], [ -93.06, 46.9 ], [ -93.06, 46.91 ], [ -93.06, 46.94 ], [ -93.06, 46.95 ], [ -93.06, 46.96 ], [ -93.06, 46.98 ], [ -93.06, 47.01 ], [ -93.06, 47.02 ], [ -93.06, 47.03 ], [ -92.69, 47.03 ], [ -92.24, 47.03 ], [ -92.07, 47.02 ], [ -91.99, 47.0 ], [ -91.98, 47.0 ], [ -91.91, 46.97 ], [ -91.83, 46.94 ], [ -91.81, 46.93 ], [ -91.82, 46.93 ], [ -91.83, 46.93 ], [ -91.84, 46.93 ], [ -91.84, 46.92 ], [ -91.85, 46.92 ], [ -91.85, 46.91 ], [ -91.86, 46.91 ], [ -91.87, 46.91 ], [ -91.88, 46.91 ], [ -91.89, 46.9 ], [ -91.91, 46.89 ], [ -91.91, 46.88 ], [ -91.92, 46.88 ], [ -91.94, 46.87 ], [ -91.95, 46.87 ], [ -91.97, 46.86 ], [ -91.98, 46.85 ], [ -91.99, 46.85 ], [ -91.99, 46.84 ], [ -92.0, 46.84 ], [ -92.01, 46.84 ], [ -92.01, 46.83 ], [ -92.02, 46.83 ], [ -92.03, 46.83 ], [ -92.03, 46.82 ], [ -92.04, 46.82 ], [ -92.05, 46.81 ], [ -92.06, 46.81 ], [ -92.06, 46.8 ], [ -92.07, 46.8 ], [ -92.08, 46.8 ], [ -92.09, 46.79 ], [ -92.09, 46.78 ], [ -92.1, 46.78 ], [ -92.1, 46.77 ], [ -92.1, 46.76 ], [ -92.09, 46.75 ], [ -92.1, 46.75 ], [ -92.11, 46.75 ], [ -92.11, 46.76 ], [ -92.12, 46.76 ], [ -92.13, 46.76 ], [ -92.12, 46.75 ], [ -92.13, 46.75 ], [ -92.13, 46.74 ], [ -92.14, 46.75 ], [ -92.15, 46.74 ], [ -92.16, 46.73 ], [ -92.16, 46.72 ], [ -92.17, 46.72 ], [ -92.17, 46.73 ], [ -92.18, 46.73 ], [ -92.18, 46.72 ], [ -92.19, 46.72 ], [ -92.2, 46.72 ], [ -92.2, 46.71 ], [ -92.21, 46.7 ], [ -92.2, 46.69 ], [ -92.21, 46.68 ], [ -92.2, 46.68 ], [ -92.19, 46.68 ], [ -92.2, 46.67 ], [ -92.21, 46.67 ], [ -92.21, 46.66 ], [ -92.22, 46.65 ], [ -92.23, 46.65 ], [ -92.24, 46.65 ], [ -92.25, 46.66 ], [ -92.26, 46.66 ], [ -92.27, 46.66 ], [ -92.28, 46.66 ], [ -92.29, 46.66 ] ] ], [ [ [ -92.09, 46.77 ], [ -92.08, 46.77 ], [ -92.08, 46.76 ], [ -92.09, 46.76 ], [ -92.09, 46.77 ] ] ], [ [ [ -92.07, 46.75 ], [ -92.06, 46.75 ], [ -92.06, 46.74 ], [ -92.07, 46.74 ], [ -92.07, 46.75 ] ] ], [ [ [ -92.05, 46.73 ], [ -92.03, 46.71 ], [ -92.04, 46.72 ], [ -92.05, 46.72 ], [ -92.05, 46.73 ] ] ], [ [ [ -92.16, 46.73 ], [ -92.15, 46.73 ], [ -92.15, 46.72 ], [ -92.16, 46.73 ] ] ], [ [ [ -92.21, 46.66 ], [ -92.2, 46.66 ], [ -92.21, 46.65 ], [ -92.21, 46.66 ] ] ], [ [ [ -92.25, 46.65 ], [ -92.26, 46.65 ], [ -92.26, 46.66 ], [ -92.25, 46.65 ] ] ] ] } },
{ "type": "Feature", "properties": { "WFO": "DLH", "ISSUED": "201804150145", "EXPIRED": "201804160500", "INIT_ISS": "201804150145", "INIT_EXP": "201804160000", "PHENOM": "WW", "GTYPE": "C", "SIG": "Y", "ETN": 18, "STATUS": "EXP", "NWS_UGC": "MNZ035", "AREA_KM2": 2447.59619140625, "UPDATED": "201804160505", "HV_NWSLI": null, "HV_SEV": null, "HV_CAUSE": null, "HV_REC": null, "EMERGENC": false, "POLY_BEG": null, "POLY_END": null, "WINDTAG": null, "HAILTAG": null, "TORNTAG": null, "DAMAGTAG": null, "PROD_ID": "201804150145-KDLH-WWUS43-WSWDLH", "FCSTER": null }, "geometry": { "type": "Polygon", "coordinates": [ [ [ -93.65, 47.03 ], [ -93.63, 47.03 ], [ -93.59, 47.03 ], [ -93.58, 47.03 ], [ -93.57, 47.03 ], [ -93.56, 47.03 ], [ -93.42, 47.03 ], [ -93.32, 47.03 ], [ -93.28, 47.03 ], [ -93.26, 47.03 ], [ -93.25, 47.03 ], [ -93.21, 47.03 ], [ -93.19, 47.03 ], [ -93.17, 47.03 ], [ -93.12, 47.03 ], [ -93.1, 47.03 ], [ -93.09, 47.03 ], [ -93.08, 47.03 ], [ -93.06, 47.03 ], [ -93.06, 47.02 ], [ -93.06, 47.01 ], [ -93.06, 46.98 ], [ -93.06, 46.96 ], [ -93.06, 46.95 ], [ -93.06, 46.94 ], [ -93.06, 46.91 ], [ -93.06, 46.9 ], [ -93.06, 46.87 ], [ -93.06, 46.84 ], [ -93.06, 46.77 ], [ -93.06, 46.75 ], [ -93.06, 46.7 ], [ -93.06, 46.68 ], [ -93.06, 46.63 ], [ -93.06, 46.62 ], [ -93.78, 46.63 ], [ -93.78, 46.66 ], [ -93.78, 46.75 ], [ -93.78, 46.76 ], [ -93.78, 46.8 ], [ -93.78, 46.85 ], [ -93.78, 46.86 ], [ -93.78, 46.87 ], [ -93.77, 46.93 ], [ -93.78, 46.94 ], [ -93.78, 46.95 ], [ -93.77, 46.99 ], [ -93.77, 47.0 ], [ -93.78, 47.02 ], [ -93.78, 47.03 ], [ -93.73, 47.03 ], [ -93.65, 47.03 ] ] ] } },
{ "type": "Feature", "properties": { "WFO": "DLH", "ISSUED": "201804150145", "EXPIRED": "201804160500", "INIT_ISS": "201804150145", "INIT_EXP": "201804160000", "PHENOM": "WW", "GTYPE": "C", "SIG": "Y", "ETN": 18, "STATUS": "EXP", "NWS_UGC": "MNZ034", "AREA_KM2": 2987.676513671875, "UPDATED": "201804160505", "HV_NWSLI": null, "HV_SEV": null, "HV_CAUSE": null, "HV_REC": null, "EMERGENC": false, "POLY_BEG": null, "POLY_END": null, "WINDTAG": null, "HAILTAG": null, "TORNTAG": null, "DAMAGTAG": null, "PROD_ID": "201804150145-KDLH-WWUS43-WSWDLH", "FCSTER": null }, "geometry": { "type": "Polygon", "coordinates": [ [ [ -93.78, 46.8 ], [ -93.78, 46.76 ], [ -93.78, 46.75 ], [ -93.78, 46.66 ], [ -93.78, 46.63 ], [ -93.78, 46.59 ], [ -93.79, 46.59 ], [ -93.8, 46.59 ], [ -93.81, 46.58 ], [ -93.81, 46.56 ], [ -93.81, 46.54 ], [ -93.81, 46.53 ], [ -93.81, 46.52 ], [ -93.81, 46.5 ], [ -93.81, 46.43 ], [ -93.81, 46.41 ], [ -93.81, 46.36 ], [ -93.81, 46.25 ], [ -93.8, 46.25 ], [ -93.8, 46.24 ], [ -93.81, 46.24 ], [ -93.81, 46.2 ], [ -93.81, 46.18 ], [ -93.81, 46.16 ], [ -93.83, 46.16 ], [ -93.86, 46.16 ], [ -93.88, 46.16 ], [ -93.9, 46.16 ], [ -93.91, 46.16 ], [ -93.93, 46.16 ], [ -93.97, 46.16 ], [ -94.0, 46.16 ], [ -94.01, 46.16 ], [ -94.06, 46.16 ], [ -94.1, 46.16 ], [ -94.15, 46.16 ], [ -94.17, 46.16 ], [ -94.2, 46.16 ], [ -94.22, 46.16 ], [ -94.24, 46.16 ], [ -94.3, 46.16 ], [ -94.31, 46.16 ], [ -94.35, 46.16 ], [ -94.36, 46.16 ], [ -94.37, 46.16 ], [ -94.37, 46.17 ], [ -94.37, 46.18 ], [ -94.37, 46.19 ], [ -94.38, 46.19 ], [ -94.39, 46.2 ], [ -94.39, 46.21 ], [ -94.4, 46.21 ], [ -94.39, 46.22 ], [ -94.39, 46.23 ], [ -94.39, 46.24 ], [ -94.38, 46.24 ], [ -94.37, 46.24 ], [ -94.37, 46.25 ], [ -94.36, 46.25 ], [ -94.35, 46.26 ], [ -94.35, 46.27 ], [ -94.34, 46.27 ], [ -94.34, 46.28 ], [ -94.33, 46.28 ], [ -94.33, 46.29 ], [ -94.33, 46.33 ], [ -94.33, 46.38 ], [ -94.33, 46.41 ], [ -94.33, 46.44 ], [ -94.33, 46.46 ], [ -94.33, 46.48 ], [ -94.33, 46.49 ], [ -94.33, 46.5 ], [ -94.33, 46.53 ], [ -94.33, 46.55 ], [ -94.33, 46.56 ], [ -94.33, 46.57 ], [ -94.33, 46.59 ], [ -94.33, 46.61 ], [ -94.33, 46.63 ], [ -94.35, 46.63 ], [ -94.35, 46.66 ], [ -94.35, 46.67 ], [ -94.35, 46.68 ], [ -94.35, 46.69 ], [ -94.35, 46.72 ], [ -94.34, 46.73 ], [ -94.34, 46.74 ], [ -94.34, 46.76 ], [ -94.34, 46.77 ], [ -94.34, 46.78 ], [ -94.34, 46.8 ], [ -94.34, 46.81 ], [ -94.3, 46.81 ], [ -94.28, 46.81 ], [ -94.25, 46.81 ], [ -94.24, 46.81 ], [ -94.16, 46.8 ], [ -94.11, 46.8 ], [ -94.09, 46.8 ], [ -94.03, 46.8 ], [ -94.01, 46.8 ], [ -93.89, 46.8 ], [ -93.78, 46.8 ] ] ] } },
{ "type": "Feature", "properties": { "WFO": "DVN", "ISSUED": "201804150300", "EXPIRED": "201804160000", "INIT_ISS": "201804140851", "INIT_EXP": "201804160000", "PHENOM": "WW", "GTYPE": "C", "SIG": "Y", "ETN": 27, "STATUS": "EXP", "NWS_UGC": "IAZ042", "AREA_KM2": 1594.415771484375, "UPDATED": "201804152346", "HV_NWSLI": null, "HV_SEV": null, "HV_CAUSE": null, "HV_REC": null, "EMERGENC": false, "POLY_BEG": null, "POLY_END": null, "WINDTAG": null, "HAILTAG": null, "TORNTAG": null, "DAMAGTAG": null, "PROD_ID": "201804140851-KDVN-WWUS43-WSWDVN", "FCSTER": "12/05" }, "geometry": { "type": "Polygon", "coordinates": [ [ [ -90.75, 42.65 ], [ -90.74, 42.65 ], [ -90.73, 42.64 ], [ -90.72, 42.64 ], [ -90.71, 42.64 ], [ -90.71, 42.63 ], [ -90.7, 42.63 ], [ -90.7, 42.62 ], [ -90.69, 42.61 ], [ -90.69, 42.6 ], [ -90.69, 42.59 ], [ -90.68, 42.58 ], [ -90.67, 42.58 ], [ -90.66, 42.57 ], [ -90.66, 42.56 ], [ -90.65, 42.55 ], [ -90.65, 42.54 ], [ -90.64, 42.54 ], [ -90.64, 42.53 ], [ -90.64, 42.52 ], [ -90.64, 42.51 ], [ -90.65, 42.5 ], [ -90.66, 42.49 ], [ -90.66, 42.48 ], [ -90.65, 42.48 ], [ -90.65, 42.47 ], [ -90.64, 42.47 ], [ -90.62, 42.46 ], [ -90.61, 42.45 ], [ -90.6, 42.45 ], [ -90.59, 42.45 ], [ -90.58, 42.44 ], [ -90.57, 42.44 ], [ -90.56, 42.44 ], [ -90.56, 42.43 ], [ -90.56, 42.42 ], [ -90.55, 42.42 ], [ -90.55, 42.41 ], [ -90.54, 42.41 ], [ -90.52, 42.4 ], [ -90.51, 42.4 ], [ -90.5, 42.4 ], [ -90.49, 42.39 ], [ -90.49, 42.38 ], [ -90.5, 42.38 ], [ -90.66, 42.38 ], [ -90.67, 42.36 ], [ -90.67, 42.34 ], [ -90.67, 42.29 ], [ -90.73, 42.3 ], [ -90.75, 42.29 ], [ -90.76, 42.3 ], [ -90.79, 42.29 ], [ -90.81, 42.3 ], [ -90.86, 42.29 ], [ -90.9, 42.3 ], [ -90.94, 42.3 ], [ -90.96, 42.3 ], [ -90.98, 42.3 ], [ -91.0, 42.3 ], [ -91.01, 42.3 ], [ -91.05, 42.3 ], [ -91.12, 42.3 ], [ -91.13, 42.3 ], [ -91.13, 42.45 ], [ -91.13, 42.47 ], [ -91.13, 42.49 ], [ -91.13, 42.5 ], [ -91.13, 42.55 ], [ -91.13, 42.59 ], [ -91.13, 42.62 ], [ -91.13, 42.63 ], [ -91.13, 42.65 ], [ -91.04, 42.65 ], [ -91.03, 42.65 ], [ -91.01, 42.65 ], [ -90.97, 42.65 ], [ -90.9, 42.65 ], [ -90.9, 42.68 ], [ -90.89, 42.67 ], [ -90.87, 42.67 ], [ -90.86, 42.67 ], [ -90.85, 42.66 ], [ -90.84, 42.66 ], [ -90.83, 42.66 ], [ -90.82, 42.66 ], [ -90.81, 42.66 ], [ -90.8, 42.66 ], [ -90.79, 42.65 ], [ -90.78, 42.65 ], [ -90.77, 42.65 ], [ -90.76, 42.65 ], [ -90.75, 42.65 ] ] ] } },
{ "type": "Feature", "properties": { "WFO": "DVN", "ISSUED": "201804150300", "EXPIRED": "201804160000", "INIT_ISS": "201804140851", "INIT_EXP": "201804160000", "PHENOM": "WW", "GTYPE": "C", "SIG": "Y", "ETN": 27, "STATUS": "EXP", "NWS_UGC": "IAZ041", "AREA_KM2": 1497.22705078125, "UPDATED": "201804152346", "HV_NWSLI": null, "HV_SEV": null, "HV_CAUSE": null, "HV_REC": null, "EMERGENC": false, "POLY_BEG": null, "POLY_END": null, "WINDTAG": null, "HAILTAG": null, "TORNTAG": null, "DAMAGTAG": null, "PROD_ID": "201804140851-KDVN-WWUS43-WSWDVN", "FCSTER": "12/05" }, "geometry": { "type": "Polygon", "coordinates": [ [ [ -91.13, 42.65 ], [ -91.13, 42.63 ], [ -91.13, 42.62 ], [ -91.13, 42.59 ], [ -91.13, 42.55 ], [ -91.13, 42.5 ], [ -91.13, 42.49 ], [ -91.13, 42.47 ], [ -91.13, 42.45 ], [ -91.13, 42.3 ], [ -91.21, 42.3 ], [ -91.25, 42.3 ], [ -91.26, 42.3 ], [ -91.27, 42.3 ], [ -91.3, 42.3 ], [ -91.31, 42.3 ], [ -91.32, 42.3 ], [ -91.36, 42.3 ], [ -91.38, 42.3 ], [ -91.4, 42.3 ], [ -91.46, 42.3 ], [ -91.48, 42.3 ], [ -91.6, 42.3 ], [ -91.6, 42.32 ], [ -91.6, 42.38 ], [ -91.6, 42.43 ], [ -91.6, 42.44 ], [ -91.6, 42.47 ], [ -91.61, 42.47 ], [ -91.61, 42.48 ], [ -91.61, 42.53 ], [ -91.61, 42.57 ], [ -91.61, 42.59 ], [ -91.61, 42.6 ], [ -91.61, 42.64 ], [ -91.55, 42.64 ], [ -91.54, 42.64 ], [ -91.49, 42.64 ], [ -91.47, 42.64 ], [ -91.46, 42.64 ], [ -91.45, 42.64 ], [ -91.43, 42.64 ], [ -91.42, 42.64 ], [ -91.41, 42.64 ], [ -91.38, 42.64 ], [ -91.28, 42.65 ], [ -91.23, 42.65 ], [ -91.21, 42.65 ], [ -91.13, 42.65 ] ] ] } },
{ "type": "Feature", "properties": { "WFO": "DVN", "ISSUED": "201804150300", "EXPIRED": "201804160000", "INIT_ISS": "201804140851", "INIT_EXP": "201804160000", "PHENOM": "WW", "GTYPE": "C", "SIG": "Y", "ETN": 27, "STATUS": "EXP", "NWS_UGC": "IAZ040", "AREA_KM2": 1482.56787109375, "UPDATED": "201804152346", "HV_NWSLI": null, "HV_SEV": null, "HV_CAUSE": null, "HV_REC": null, "EMERGENC": false, "POLY_BEG": null, "POLY_END": null, "WINDTAG": null, "HAILTAG": null, "TORNTAG": null, "DAMAGTAG": null, "PROD_ID": "201804140851-KDVN-WWUS43-WSWDVN", "FCSTER": "12/05" }, "geometry": { "type": "Polygon", "coordinates": [ [ [ -91.61, 42.64 ], [ -91.61, 42.6 ], [ -91.61, 42.59 ], [ -91.61, 42.57 ], [ -91.61, 42.53 ], [ -91.61, 42.48 ], [ -91.61, 42.47 ], [ -91.6, 42.47 ], [ -91.6, 42.44 ], [ -91.6, 42.43 ], [ -91.6, 42.38 ], [ -91.6, 42.32 ], [ -91.6, 42.3 ], [ -91.68, 42.3 ], [ -91.71, 42.3 ], [ -91.77, 42.3 ], [ -91.78, 42.3 ], [ -91.83, 42.3 ], [ -91.95, 42.3 ], [ -91.98, 42.3 ], [ -92.0, 42.3 ], [ -92.06, 42.3 ], [ -92.06, 42.32 ], [ -92.06, 42.37 ], [ -92.06, 42.38 ], [ -92.06, 42.45 ], [ -92.06, 42.46 ], [ -92.06, 42.47 ], [ -92.08, 42.47 ], [ -92.08, 42.5 ], [ -92.08, 42.51 ], [ -92.08, 42.57 ], [ -92.08, 42.61 ], [ -92.08, 42.64 ], [ -92.0, 42.64 ], [ -91.96, 42.64 ], [ -91.95, 42.64 ], [ -91.94, 42.64 ], [ -91.93, 42.64 ], [ -91.91, 42.64 ], [ -91.9, 42.64 ], [ -91.89, 42.64 ], [ -91.88, 42.64 ], [ -91.85, 42.64 ], [ -91.82, 42.64 ], [ -91.81, 42.64 ], [ -91.75, 42.64 ], [ -91.71, 42.64 ], [ -91.69, 42.64 ], [ -91.64, 42.64 ], [ -91.61, 42.64 ] ] ] } },
{ "type": "Feature", "properties": { "WFO": "DLH", "ISSUED": "201804150826", "EXPIRED": "201804161200", "INIT_ISS": "201804150826", "INIT_EXP": "201804161200", "PHENOM": "WS", "GTYPE": "C", "SIG": "W", "ETN": 12, "STATUS": "EXP", "NWS_UGC": "MNZ020", "AREA_KM2": 1658.69580078125, "UPDATED": "201804161203", "HV_NWSLI": null, "HV_SEV": null, "HV_CAUSE": null, "HV_REC": null, "EMERGENC": false, "POLY_BEG": null, "POLY_END": null, "WINDTAG": null, "HAILTAG": null, "TORNTAG": null, "DAMAGTAG": null, "PROD_ID": "201804150826-KDLH-WWUS43-WSWDLH", "FCSTER": "JTS" }, "geometry": { "type": "Polygon", "coordinates": [ [ [ -91.6, 47.06 ], [ -91.61, 47.06 ], [ -91.62, 47.06 ], [ -91.62, 47.05 ], [ -91.63, 47.05 ], [ -91.63, 47.04 ], [ -91.64, 47.04 ], [ -91.64, 47.03 ], [ -91.65, 47.03 ], [ -91.66, 47.03 ], [ -91.66, 47.02 ], [ -91.66, 47.01 ], [ -91.67, 47.01 ], [ -91.67, 47.02 ], [ -91.68, 47.02 ], [ -91.68, 47.01 ], [ -91.69, 47.01 ], [ -91.7, 47.01 ], [ -91.71, 47.0 ], [ -91.72, 47.0 ], [ -91.72, 46.99 ], [ -91.73, 46.99 ], [ -91.73, 46.98 ], [ -91.74, 46.98 ], [ -91.75, 46.98 ], [ -91.75, 46.97 ], [ -91.76, 46.97 ], [ -91.76, 46.96 ], [ -91.77, 46.96 ], [ -91.77, 46.95 ], [ -91.78, 46.95 ], [ -91.78, 46.94 ], [ -91.79, 46.94 ], [ -91.8, 46.94 ], [ -91.81, 46.93 ], [ -91.83, 46.94 ], [ -91.91, 46.97 ], [ -91.98, 47.0 ], [ -91.99, 47.0 ], [ -91.87, 47.1 ], [ -91.8, 47.15 ], [ -91.79, 47.15 ], [ -91.65, 47.25 ], [ -91.38, 47.42 ], [ -91.18, 47.61 ], [ -91.05, 47.68 ], [ -91.02, 47.7 ], [ -91.02, 47.69 ], [ -91.02, 47.67 ], [ -91.02, 47.66 ], [ -91.02, 47.62 ], [ -91.02, 47.6 ], [ -91.02, 47.59 ], [ -91.02, 47.52 ], [ -91.02, 47.5 ], [ -91.02, 47.46 ], [ -91.03, 47.46 ], [ -91.04, 47.46 ], [ -91.05, 47.46 ], [ -91.05, 47.45 ], [ -91.06, 47.45 ], [ -91.06, 47.44 ], [ -91.07, 47.44 ], [ -91.07, 47.43 ], [ -91.08, 47.43 ], [ -91.09, 47.42 ], [ -91.1, 47.41 ], [ -91.11, 47.41 ], [ -91.12, 47.4 ], [ -91.13, 47.4 ], [ -91.13, 47.39 ], [ -91.14, 47.39 ], [ -91.15, 47.38 ], [ -91.16, 47.38 ], [ -91.16, 47.37 ], [ -91.17, 47.37 ], [ -91.17, 47.36 ], [ -91.18, 47.36 ], [ -91.18, 47.35 ], [ -91.19, 47.35 ], [ -91.18, 47.34 ], [ -91.19, 47.34 ], [ -91.2, 47.34 ], [ -91.2, 47.33 ], [ -91.21, 47.33 ], [ -91.21, 47.32 ], [ -91.22, 47.32 ], [ -91.22, 47.31 ], [ -91.23, 47.31 ], [ -91.24, 47.31 ], [ -91.24, 47.3 ], [ -91.25, 47.3 ], [ -91.25, 47.29 ], [ -91.25, 47.28 ], [ -91.26, 47.28 ], [ -91.26, 47.29 ], [ -91.27, 47.28 ], [ -91.27, 47.27 ], [ -91.28, 47.27 ], [ -91.29, 47.27 ], [ -91.29, 47.26 ], [ -91.3, 47.26 ], [ -91.3, 47.25 ], [ -91.31, 47.25 ], [ -91.32, 47.25 ], [ -91.32, 47.24 ], [ -91.33, 47.24 ], [ -91.33, 47.23 ], [ -91.34, 47.23 ], [ -91.34, 47.22 ], [ -91.35, 47.22 ], [ -91.35, 47.21 ], [ -91.36, 47.21 ], [ -91.37, 47.21 ], [ -91.37, 47.2 ], [ -91.38, 47.2 ], [ -91.38, 47.19 ], [ -91.39, 47.19 ], [ -91.4, 47.19 ], [ -91.4, 47.18 ], [ -91.41, 47.18 ], [ -91.41, 47.17 ], [ -91.42, 47.17 ], [ -91.42, 47.16 ], [ -91.43, 47.17 ], [ -91.43, 47.16 ], [ -91.44, 47.16 ], [ -91.44, 47.15 ], [ -91.45, 47.15 ], [ -91.46, 47.14 ], [ -91.46, 47.13 ], [ -91.47, 47.13 ], [ -91.48, 47.13 ], [ -91.48, 47.12 ], [ -91.49, 47.12 ], [ -91.5, 47.12 ], [ -91.51, 47.12 ], [ -91.51, 47.11 ], [ -91.52, 47.11 ], [ -91.52, 47.1 ], [ -91.53, 47.1 ], [ -91.54, 47.1 ], [ -91.55, 47.1 ], [ -91.55, 47.09 ], [ -91.56, 47.09 ], [ -91.57, 47.09 ], [ -91.58, 47.09 ], [ -91.58, 47.08 ], [ -91.59, 47.07 ], [ -91.6, 47.06 ] ] ] } },
{ "type": "Feature", "properties": { "WFO": "MPX", "ISSUED": "201804150843", "EXPIRED": "201804160300", "INIT_ISS": "201804150843", "INIT_EXP": "201804160300", "PHENOM": "WW", "GTYPE": "C", "SIG": "Y", "ETN": 19, "STATUS": "EXP", "NWS_UGC": "MNZ049", "AREA_KM2": 3591.442138671875, "UPDATED": "201804160240", "HV_NWSLI": null, "HV_SEV": null, "HV_CAUSE": null, "HV_REC": null, "EMERGENC": false, "POLY_BEG": null, "POLY_END": null, "WINDTAG": null, "HAILTAG": null, "TORNTAG": null, "DAMAGTAG": null, "PROD_ID": "201804150843-KMPX-WWUS43-WSWMPX", "FCSTER": null }, "geometry": { "type": "Polygon", "coordinates": [ [ [ -94.27, 45.76 ], [ -94.27, 45.75 ], [ -94.26, 45.75 ], [ -94.26, 45.74 ], [ -94.25, 45.74 ], [ -94.24, 45.73 ], [ -94.23, 45.73 ], [ -94.22, 45.73 ], [ -94.21, 45.72 ], [ -94.22, 45.72 ], [ -94.22, 45.71 ], [ -94.22, 45.7 ], [ -94.21, 45.7 ], [ -94.21, 45.69 ], [ -94.2, 45.68 ], [ -94.19, 45.68 ], [ -94.18, 45.68 ], [ -94.19, 45.67 ], [ -94.2, 45.67 ], [ -94.2, 45.66 ], [ -94.2, 45.65 ], [ -94.2, 45.64 ], [ -94.2, 45.63 ], [ -94.2, 45.62 ], [ -94.2, 45.61 ], [ -94.19, 45.6 ], [ -94.18, 45.59 ], [ -94.17, 45.59 ], [ -94.17, 45.58 ], [ -94.17, 45.57 ], [ -94.16, 45.57 ], [ -94.16, 45.56 ], [ -94.15, 45.56 ], [ -94.15, 45.55 ], [ -94.15, 45.54 ], [ -94.15, 45.53 ], [ -94.15, 45.52 ], [ -94.14, 45.52 ], [ -94.14, 45.51 ], [ -94.14, 45.5 ], [ -94.14, 45.49 ], [ -94.13, 45.49 ], [ -94.13, 45.48 ], [ -94.12, 45.48 ], [ -94.11, 45.48 ], [ -94.11, 45.47 ], [ -94.1, 45.47 ], [ -94.1, 45.46 ], [ -94.1, 45.45 ], [ -94.09, 45.45 ], [ -94.08, 45.45 ], [ -94.08, 45.44 ], [ -94.07, 45.44 ], [ -94.07, 45.43 ], [ -94.06, 45.43 ], [ -94.05, 45.44 ], [ -94.05, 45.43 ], [ -94.05, 45.42 ], [ -94.06, 45.42 ], [ -94.06, 45.41 ], [ -94.07, 45.41 ], [ -94.07, 45.4 ], [ -94.07, 45.39 ], [ -94.08, 45.39 ], [ -94.08, 45.38 ], [ -94.09, 45.37 ], [ -94.08, 45.37 ], [ -94.08, 45.36 ], [ -94.09, 45.36 ], [ -94.09, 45.35 ], [ -94.09, 45.34 ], [ -94.1, 45.34 ], [ -94.11, 45.34 ], [ -94.11, 45.33 ], [ -94.12, 45.33 ], [ -94.14, 45.32 ], [ -94.16, 45.3 ], [ -94.17, 45.3 ], [ -94.18, 45.3 ], [ -94.18, 45.31 ], [ -94.19, 45.32 ], [ -94.2, 45.32 ], [ -94.21, 45.32 ], [ -94.22, 45.32 ], [ -94.22, 45.31 ], [ -94.23, 45.31 ], [ -94.24, 45.31 ], [ -94.25, 45.31 ], [ -94.26, 45.31 ], [ -94.26, 45.3 ], [ -94.26, 45.28 ], [ -94.29, 45.28 ], [ -94.31, 45.28 ], [ -94.32, 45.28 ], [ -94.36, 45.28 ], [ -94.38, 45.28 ], [ -94.38, 45.32 ], [ -94.38, 45.33 ], [ -94.43, 45.33 ], [ -94.51, 45.33 ], [ -94.53, 45.33 ], [ -94.59, 45.33 ], [ -94.61, 45.33 ], [ -94.64, 45.33 ], [ -94.71, 45.33 ], [ -94.74, 45.33 ], [ -94.76, 45.33 ], [ -94.76, 45.36 ], [ -94.76, 45.39 ], [ -94.76, 45.41 ], [ -94.88, 45.41 ], [ -94.94, 45.41 ], [ -95.0, 45.41 ], [ -95.03, 45.41 ], [ -95.04, 45.41 ], [ -95.07, 45.41 ], [ -95.11, 45.41 ], [ -95.12, 45.41 ], [ -95.13, 45.41 ], [ -95.13, 45.46 ], [ -95.13, 45.47 ], [ -95.13, 45.51 ], [ -95.13, 45.55 ], [ -95.13, 45.56 ], [ -95.13, 45.59 ], [ -95.14, 45.59 ], [ -95.14, 45.6 ], [ -95.14, 45.64 ], [ -95.14, 45.67 ], [ -95.14, 45.72 ], [ -95.14, 45.76 ], [ -95.14, 45.77 ], [ -95.04, 45.77 ], [ -95.02, 45.77 ], [ -95.0, 45.77 ], [ -94.99, 45.77 ], [ -94.98, 45.77 ], [ -94.96, 45.77 ], [ -94.94, 45.77 ], [ -94.91, 45.77 ], [ -94.89, 45.77 ], [ -94.88, 45.77 ], [ -94.86, 45.77 ], [ -94.83, 45.77 ], [ -94.81, 45.77 ], [ -94.71, 45.77 ], [ -94.68, 45.77 ], [ -94.65, 45.77 ], [ -94.64, 45.77 ], [ -94.61, 45.77 ], [ -94.59, 45.77 ], [ -94.58, 45.77 ], [ -94.57, 45.77 ], [ -94.56, 45.77 ], [ -94.54, 45.77 ], [ -94.51, 45.77 ], [ -94.48, 45.77 ], [ -94.48, 45.78 ], [ -94.45, 45.78 ], [ -94.44, 45.78 ], [ -94.39, 45.78 ], [ -94.37, 45.78 ], [ -94.32, 45.78 ], [ -94.29, 45.78 ], [ -94.27, 45.78 ], [ -94.27, 45.77 ], [ -94.27, 45.76 ] ] ] } },
{ "type": "Feature", "properties": { "WFO": "MPX", "ISSUED": "201804150843", "EXPIRED": "201804160000", "INIT_ISS": "201804150843", "INIT_EXP": "201804160000", "PHENOM": "WW", "GTYPE": "C", "SIG": "Y", "ETN": 18, "STATUS": "CON", "NWS_UGC": "MNZ093", "AREA_KM2": 1868.12255859375, "UPDATED": "201804152052", "HV_NWSLI": null, "HV_SEV": null, "HV_CAUSE": null, "HV_REC": null, "EMERGENC": false, "POLY_BEG": null, "POLY_END": null, "WINDTAG": null, "HAILTAG": null, "TORNTAG": null, "DAMAGTAG": null, "PROD_ID": "201804150843-KMPX-WWUS43-WSWMPX", "FCSTER": null }, "geometry": { "type": "Polygon", "coordinates": [ [ [ -93.05, 43.85 ], [ -93.05, 43.76 ], [ -93.05, 43.75 ], [ -93.05, 43.73 ], [ -93.05, 43.64 ], [ -93.05, 43.6 ], [ -93.05, 43.59 ], [ -93.05, 43.56 ], [ -93.05, 43.53 ], [ -93.05, 43.5 ], [ -93.06, 43.5 ], [ -93.25, 43.5 ], [ -93.27, 43.5 ], [ -93.36, 43.5 ], [ -93.48, 43.5 ], [ -93.49, 43.5 ], [ -93.5, 43.5 ], [ -93.64, 43.5 ], [ -93.65, 43.5 ], [ -93.65, 43.55 ], [ -93.65, 43.63 ], [ -93.65, 43.64 ], [ -93.65, 43.67 ], [ -93.65, 43.69 ], [ -93.65, 43.73 ], [ -93.65, 43.78 ], [ -93.65, 43.83 ], [ -93.65, 43.84 ], [ -93.65, 43.85 ], [ -93.62, 43.85 ], [ -93.59, 43.85 ], [ -93.47, 43.85 ], [ -93.43, 43.85 ], [ -93.41, 43.85 ], [ -93.4, 43.85 ], [ -93.06, 43.85 ], [ -93.05, 43.85 ] ] ] } },
{ "type": "Feature", "properties": { "WFO": "MPX", "ISSUED": "201804150843", "EXPIRED": "201804160500", "INIT_ISS": "201804150843", "INIT_EXP": "201804160300", "PHENOM": "WW", "GTYPE": "C", "SIG": "Y", "ETN": 18, "STATUS": "EXP", "NWS_UGC": "MNZ059", "AREA_KM2": 1846.21337890625, "UPDATED": "201804160457", "HV_NWSLI": null, "HV_SEV": null, "HV_CAUSE": null, "HV_REC": null, "EMERGENC": false, "POLY_BEG": null, "POLY_END": null, "WINDTAG": null, "HAILTAG": null, "TORNTAG": null, "DAMAGTAG": null, "PROD_ID": "201804150843-KMPX-WWUS43-WSWMPX", "FCSTER": null }, "geometry": { "type": "Polygon", "coordinates": [ [ [ -94.09, 45.35 ], [ -94.09, 45.36 ], [ -94.08, 45.36 ], [ -94.08, 45.37 ], [ -94.09, 45.37 ], [ -94.08, 45.38 ], [ -94.08, 45.39 ], [ -94.07, 45.39 ], [ -94.07, 45.4 ], [ -94.07, 45.41 ], [ -94.06, 45.41 ], [ -94.06, 45.42 ], [ -94.05, 45.42 ], [ -94.04, 45.42 ], [ -94.04, 45.41 ], [ -94.03, 45.41 ], [ -94.02, 45.4 ], [ -94.01, 45.4 ], [ -94.01, 45.39 ], [ -94.0, 45.39 ], [ -94.0, 45.4 ], [ -93.99, 45.4 ], [ -93.98, 45.4 ], [ -93.98, 45.39 ], [ -93.97, 45.39 ], [ -93.96, 45.38 ], [ -93.95, 45.38 ], [ -93.94, 45.38 ], [ -93.93, 45.38 ], [ -93.93, 45.39 ], [ -93.92, 45.38 ], [ -93.91, 45.38 ], [ -93.91, 45.37 ], [ -93.9, 45.37 ], [ -93.89, 45.36 ], [ -93.88, 45.35 ], [ -93.87, 45.34 ], [ -93.85, 45.34 ], [ -93.84, 45.34 ], [ -93.83, 45.33 ], [ -93.82, 45.32 ], [ -93.81, 45.32 ], [ -93.81, 45.31 ], [ -93.8, 45.31 ], [ -93.79, 45.31 ], [ -93.78, 45.31 ], [ -93.78, 45.3 ], [ -93.77, 45.3 ], [ -93.76, 45.3 ], [ -93.76, 45.29 ], [ -93.75, 45.3 ], [ -93.74, 45.3 ], [ -93.73, 45.3 ], [ -93.72, 45.3 ], [ -93.7, 45.3 ], [ -93.69, 45.3 ], [ -93.68, 45.3 ], [ -93.67, 45.3 ], [ -93.66, 45.3 ], [ -93.65, 45.3 ], [ -93.64, 45.3 ], [ -93.63, 45.3 ], [ -93.62, 45.29 ], [ -93.61, 45.29 ], [ -93.6, 45.29 ], [ -93.59, 45.29 ], [ -93.58, 45.29 ], [ -93.57, 45.29 ], [ -93.57, 45.3 ], [ -93.56, 45.3 ], [ -93.56, 45.29 ], [ -93.56, 45.28 ], [ -93.55, 45.28 ], [ -93.55, 45.27 ], [ -93.55, 45.26 ], [ -93.54, 45.26 ], [ -93.53, 45.25 ], [ -93.52, 45.25 ], [ -93.52, 45.24 ], [ -93.52, 45.23 ], [ -93.53, 45.23 ], [ -93.54, 45.23 ], [ -93.55, 45.23 ], [ -93.56, 45.23 ], [ -93.56, 45.22 ], [ -93.57, 45.22 ], [ -93.58, 45.22 ], [ -93.59, 45.21 ], [ -93.6, 45.21 ], [ -93.61, 45.21 ], [ -93.62, 45.21 ], [ -93.62, 45.2 ], [ -93.63, 45.2 ], [ -93.63, 45.21 ], [ -93.64, 45.21 ], [ -93.64, 45.2 ], [ -93.65, 45.2 ], [ -93.66, 45.2 ], [ -93.66, 45.19 ], [ -93.65, 45.19 ], [ -93.65, 45.18 ], [ -93.64, 45.18 ], [ -93.64, 45.17 ], [ -93.64, 45.16 ], [ -93.65, 45.16 ], [ -93.66, 45.16 ], [ -93.66, 45.15 ], [ -93.67, 45.15 ], [ -93.68, 45.15 ], [ -93.69, 45.14 ], [ -93.7, 45.14 ], [ -93.7, 45.13 ], [ -93.71, 45.13 ], [ -93.71, 45.12 ], [ -93.72, 45.12 ], [ -93.72, 45.11 ], [ -93.73, 45.1 ], [ -93.73, 45.09 ], [ -93.74, 45.08 ], [ -93.75, 45.08 ], [ -93.76, 45.08 ], [ -93.76, 45.07 ], [ -93.77, 45.07 ], [ -93.77, 45.06 ], [ -93.77, 45.05 ], [ -93.77, 45.01 ], [ -93.77, 45.0 ], [ -93.77, 44.99 ], [ -93.77, 44.98 ], [ -93.78, 44.98 ], [ -93.86, 44.98 ], [ -93.88, 44.98 ], [ -93.89, 44.98 ], [ -93.98, 44.98 ], [ -94.01, 44.98 ], [ -94.14, 44.98 ], [ -94.17, 44.98 ], [ -94.26, 44.98 ], [ -94.26, 44.99 ], [ -94.26, 45.03 ], [ -94.26, 45.08 ], [ -94.26, 45.12 ], [ -94.26, 45.2 ], [ -94.26, 45.23 ], [ -94.26, 45.24 ], [ -94.26, 45.25 ], [ -94.26, 45.26 ], [ -94.26, 45.27 ], [ -94.26, 45.28 ], [ -94.26, 45.3 ], [ -94.26, 45.31 ], [ -94.25, 45.31 ], [ -94.24, 45.31 ], [ -94.23, 45.31 ], [ -94.22, 45.31 ], [ -94.22, 45.32 ], [ -94.21, 45.32 ], [ -94.2, 45.32 ], [ -94.19, 45.32 ], [ -94.18, 45.31 ], [ -94.18, 45.3 ], [ -94.17, 45.3 ], [ -94.16, 45.3 ], [ -94.14, 45.32 ], [ -94.12, 45.33 ], [ -94.11, 45.33 ], [ -94.11, 45.34 ], [ -94.1, 45.34 ], [ -94.09, 45.34 ], [ -94.09, 45.35 ] ] ] } },
{ "type": "Feature", "properties": { "WFO": "MPX", "ISSUED": "201804150843", "EXPIRED": "201804160500", "INIT_ISS": "201804150843", "INIT_EXP": "201804160300", "PHENOM": "WS", "GTYPE": "C", "SIG": "W", "ETN": 8, "STATUS": "EXP", "NWS_UGC": "MNZ045", "AREA_KM2": 1378.047607421875, "UPDATED": "201804160457", "HV_NWSLI": null, "HV_SEV": null, "HV_CAUSE": null, "HV_REC": null, "EMERGENC": false, "POLY_BEG": null, "POLY_END": null, "WINDTAG": null, "HAILTAG": null, "TORNTAG": null, "DAMAGTAG": null, "PROD_ID": "201804150843-KMPX-WWUS43-WSWMPX", "FCSTER": null }, "geometry": { "type": "Polygon", "coordinates": [ [ [ -93.2, 46.16 ], [ -93.18, 46.16 ], [ -93.14, 46.16 ], [ -93.13, 46.16 ], [ -93.11, 46.16 ], [ -93.09, 46.16 ], [ -93.06, 46.16 ], [ -93.05, 46.16 ], [ -93.05, 46.15 ], [ -93.05, 46.14 ], [ -93.06, 46.07 ], [ -93.06, 46.05 ], [ -93.06, 46.01 ], [ -93.06, 45.98 ], [ -93.09, 45.98 ], [ -93.1, 45.98 ], [ -93.12, 45.98 ], [ -93.13, 45.98 ], [ -93.14, 45.98 ], [ -93.14, 45.96 ], [ -93.14, 45.93 ], [ -93.14, 45.92 ], [ -93.14, 45.9 ], [ -93.14, 45.87 ], [ -93.14, 45.85 ], [ -93.14, 45.79 ], [ -93.14, 45.75 ], [ -93.14, 45.74 ], [ -93.14, 45.73 ], [ -93.18, 45.73 ], [ -93.2, 45.73 ], [ -93.23, 45.73 ], [ -93.25, 45.73 ], [ -93.3, 45.73 ], [ -93.33, 45.73 ], [ -93.37, 45.73 ], [ -93.39, 45.73 ], [ -93.47, 45.73 ], [ -93.5, 45.73 ], [ -93.51, 45.74 ], [ -93.51, 45.75 ], [ -93.51, 45.76 ], [ -93.51, 45.78 ], [ -93.52, 45.8 ], [ -93.52, 45.82 ], [ -93.52, 45.85 ], [ -93.52, 45.87 ], [ -93.52, 45.89 ], [ -93.52, 45.92 ], [ -93.52, 45.95 ], [ -93.52, 45.97 ], [ -93.52, 45.98 ], [ -93.47, 45.98 ], [ -93.45, 45.98 ], [ -93.44, 45.98 ], [ -93.43, 45.98 ], [ -93.43, 46.01 ], [ -93.43, 46.05 ], [ -93.43, 46.06 ], [ -93.43, 46.09 ], [ -93.43, 46.11 ], [ -93.43, 46.12 ], [ -93.43, 46.14 ], [ -93.43, 46.15 ], [ -93.41, 46.15 ], [ -93.39, 46.16 ], [ -93.35, 46.16 ], [ -93.32, 46.16 ], [ -93.3, 46.16 ], [ -93.29, 46.16 ], [ -93.2, 46.16 ] ] ] } },
{ "type": "Feature", "properties": { "WFO": "MPX", "ISSUED": "201804150843", "EXPIRED": "201804160000", "INIT_ISS": "201804150843", "INIT_EXP": "201804160000", "PHENOM": "WW", "GTYPE": "C", "SIG": "Y", "ETN": 18, "STATUS": "CON", "NWS_UGC": "MNZ058", "AREA_KM2": 1666.9088134765625, "UPDATED": "201804152052", "HV_NWSLI": null, "HV_SEV": null, "HV_CAUSE": null, "HV_REC": null, "EMERGENC": false, "POLY_BEG": null, "POLY_END": null, "WINDTAG": null, "HAILTAG": null, "TORNTAG": null, "DAMAGTAG": null, "PROD_ID": "201804150843-KMPX-WWUS43-WSWMPX", "FCSTER": null }, "geometry": { "type": "Polygon", "coordinates": [ [ [ -94.26, 45.28 ], [ -94.26, 45.27 ], [ -94.26, 45.26 ], [ -94.26, 45.25 ], [ -94.26, 45.24 ], [ -94.26, 45.23 ], [ -94.26, 45.2 ], [ -94.26, 45.12 ], [ -94.26, 45.08 ], [ -94.26, 45.03 ], [ -94.26, 44.99 ], [ -94.26, 44.98 ], [ -94.3, 44.98 ], [ -94.37, 44.98 ], [ -94.4, 44.98 ], [ -94.41, 44.98 ], [ -94.45, 44.98 ], [ -94.5, 44.98 ], [ -94.5, 44.97 ], [ -94.5, 44.94 ], [ -94.5, 44.9 ], [ -94.5, 44.89 ], [ -94.54, 44.89 ], [ -94.57, 44.89 ], [ -94.58, 44.89 ], [ -94.61, 44.89 ], [ -94.67, 44.89 ], [ -94.7, 44.89 ], [ -94.76, 44.89 ], [ -94.76, 44.94 ], [ -94.76, 44.96 ], [ -94.76, 45.03 ], [ -94.76, 45.05 ], [ -94.76, 45.11 ], [ -94.76, 45.13 ], [ -94.76, 45.14 ], [ -94.76, 45.19 ], [ -94.76, 45.21 ], [ -94.76, 45.23 ], [ -94.76, 45.24 ], [ -94.76, 45.25 ], [ -94.76, 45.28 ], [ -94.76, 45.3 ], [ -94.76, 45.31 ], [ -94.76, 45.33 ], [ -94.74, 45.33 ], [ -94.71, 45.33 ], [ -94.64, 45.33 ], [ -94.61, 45.33 ], [ -94.59, 45.33 ], [ -94.53, 45.33 ], [ -94.51, 45.33 ], [ -94.43, 45.33 ], [ -94.38, 45.33 ], [ -94.38, 45.32 ], [ -94.38, 45.28 ], [ -94.36, 45.28 ], [ -94.32, 45.28 ], [ -94.31, 45.28 ], [ -94.29, 45.28 ], [ -94.26, 45.28 ] ] ] } },
{ "type": "Feature", "properties": { "WFO": "MPX", "ISSUED": "201804150843", "EXPIRED": "201804160500", "INIT_ISS": "201804150843", "INIT_EXP": "201804160300", "PHENOM": "WW", "GTYPE": "C", "SIG": "Y", "ETN": 18, "STATUS": "EXP", "NWS_UGC": "MNZ060", "AREA_KM2": 1567.1907958984375, "UPDATED": "201804160457", "HV_NWSLI": null, "HV_SEV": null, "HV_CAUSE": null, "HV_REC": null, "EMERGENC": false, "POLY_BEG": null, "POLY_END": null, "WINDTAG": null, "HAILTAG": null, "TORNTAG": null, "DAMAGTAG": null, "PROD_ID": "201804150843-KMPX-WWUS43-WSWMPX", "FCSTER": null }, "geometry": { "type": "Polygon", "coordinates": [ [ [ -93.63, 45.21 ], [ -93.63, 45.2 ], [ -93.62, 45.2 ], [ -93.62, 45.21 ], [ -93.61, 45.21 ], [ -93.6, 45.21 ], [ -93.59, 45.21 ], [ -93.58, 45.22 ], [ -93.57, 45.22 ], [ -93.56, 45.22 ], [ -93.56, 45.23 ], [ -93.55, 45.23 ], [ -93.54, 45.23 ], [ -93.53, 45.23 ], [ -93.52, 45.23 ], [ -93.52, 45.24 ], [ -93.52, 45.25 ], [ -93.51, 45.25 ], [ -93.5, 45.24 ], [ -93.5, 45.23 ], [ -93.49, 45.23 ], [ -93.48, 45.23 ], [ -93.47, 45.23 ], [ -93.46, 45.22 ], [ -93.45, 45.22 ], [ -93.44, 45.22 ], [ -93.43, 45.22 ], [ -93.43, 45.21 ], [ -93.42, 45.21 ], [ -93.42, 45.2 ], [ -93.41, 45.2 ], [ -93.4, 45.19 ], [ -93.39, 45.19 ], [ -93.38, 45.18 ], [ -93.37, 45.18 ], [ -93.36, 45.18 ], [ -93.35, 45.16 ], [ -93.33, 45.15 ], [ -93.32, 45.15 ], [ -93.31, 45.14 ], [ -93.3, 45.13 ], [ -93.3, 45.12 ], [ -93.29, 45.12 ], [ -93.29, 45.11 ], [ -93.28, 45.11 ], [ -93.28, 45.1 ], [ -93.28, 45.09 ], [ -93.28, 45.08 ], [ -93.28, 45.07 ], [ -93.29, 45.06 ], [ -93.28, 45.05 ], [ -93.28, 45.04 ], [ -93.24, 45.04 ], [ -93.23, 45.04 ], [ -93.22, 45.04 ], [ -93.21, 45.04 ], [ -93.21, 45.03 ], [ -93.21, 45.02 ], [ -93.21, 45.01 ], [ -93.21, 44.96 ], [ -93.21, 44.95 ], [ -93.2, 44.95 ], [ -93.2, 44.94 ], [ -93.2, 44.93 ], [ -93.2, 44.92 ], [ -93.2, 44.91 ], [ -93.19, 44.91 ], [ -93.19, 44.9 ], [ -93.19, 44.89 ], [ -93.18, 44.89 ], [ -93.18, 44.88 ], [ -93.19, 44.88 ], [ -93.19, 44.87 ], [ -93.2, 44.87 ], [ -93.2, 44.86 ], [ -93.2, 44.85 ], [ -93.21, 44.85 ], [ -93.21, 44.84 ], [ -93.22, 44.84 ], [ -93.22, 44.83 ], [ -93.23, 44.83 ], [ -93.23, 44.82 ], [ -93.24, 44.82 ], [ -93.25, 44.81 ], [ -93.27, 44.81 ], [ -93.28, 44.81 ], [ -93.29, 44.8 ], [ -93.3, 44.8 ], [ -93.31, 44.79 ], [ -93.32, 44.79 ], [ -93.33, 44.79 ], [ -93.34, 44.79 ], [ -93.35, 44.79 ], [ -93.36, 44.79 ], [ -93.38, 44.79 ], [ -93.38, 44.8 ], [ -93.39, 44.8 ], [ -93.4, 44.8 ], [ -93.41, 44.8 ], [ -93.41, 44.81 ], [ -93.42, 44.81 ], [ -93.43, 44.81 ], [ -93.44, 44.81 ], [ -93.45, 44.8 ], [ -93.46, 44.8 ], [ -93.46, 44.81 ], [ -93.47, 44.8 ], [ -93.48, 44.8 ], [ -93.48, 44.81 ], [ -93.49, 44.8 ], [ -93.5, 44.81 ], [ -93.5, 44.8 ], [ -93.51, 44.8 ], [ -93.52, 44.8 ], [ -93.52, 44.82 ], [ -93.52, 44.85 ], [ -93.52, 44.86 ], [ -93.52, 44.89 ], [ -93.56, 44.89 ], [ -93.6, 44.89 ], [ -93.61, 44.89 ], [ -93.65, 44.89 ], [ -93.68, 44.89 ], [ -93.71, 44.89 ], [ -93.75, 44.89 ], [ -93.77, 44.89 ], [ -93.77, 44.91 ], [ -93.77, 44.93 ], [ -93.77, 44.98 ], [ -93.77, 44.99 ], [ -93.77, 45.0 ], [ -93.77, 45.01 ], [ -93.77, 45.05 ], [ -93.77, 45.06 ], [ -93.77, 45.07 ], [ -93.76, 45.07 ], [ -93.76, 45.08 ], [ -93.75, 45.08 ], [ -93.74, 45.08 ], [ -93.73, 45.09 ], [ -93.73, 45.1 ], [ -93.72, 45.11 ], [ -93.72, 45.12 ], [ -93.71, 45.12 ], [ -93.71, 45.13 ], [ -93.7, 45.13 ], [ -93.7, 45.14 ], [ -93.69, 45.14 ], [ -93.68, 45.15 ], [ -93.67, 45.15 ], [ -93.66, 45.15 ], [ -93.66, 45.16 ], [ -93.65, 45.16 ], [ -93.64, 45.16 ], [ -93.64, 45.17 ], [ -93.64, 45.18 ], [ -93.65, 45.18 ], [ -93.65, 45.19 ], [ -93.66, 45.19 ], [ -93.66, 45.2 ], [ -93.65, 45.2 ], [ -93.64, 45.2 ], [ -93.64, 45.21 ], [ -93.63, 45.21 ] ] ] } },
{ "type": "Feature", "properties": { "WFO": "MPX", "ISSUED": "201804150843", "EXPIRED": "201804160300", "INIT_ISS": "201804150843", "INIT_EXP": "201804160300", "PHENOM": "WW", "GTYPE": "C", "SIG": "Y", "ETN": 18, "STATUS": "EXP", "NWS_UGC": "MNZ076", "AREA_KM2": 1224.811767578125, "UPDATED": "201804160240", "HV_NWSLI": null, "HV_SEV": null, "HV_CAUSE": null, "HV_REC": null, "EMERGENC": false, "POLY_BEG": null, "POLY_END": null, "WINDTAG": null, "HAILTAG": null, "TORNTAG": null, "DAMAGTAG": null, "PROD_ID": "201804150843-KMPX-WWUS43-WSWMPX", "FCSTER": null }, "geometry": { "type": "Polygon", "coordinates": [ [ [ -93.96, 44.38 ], [ -93.95, 44.38 ], [ -93.95, 44.39 ], [ -93.95, 44.4 ], [ -93.95, 44.41 ], [ -93.94, 44.41 ], [ -93.94, 44.42 ], [ -93.93, 44.43 ], [ -93.93, 44.44 ], [ -93.93, 44.45 ], [ -93.93, 44.46 ], [ -93.92, 44.46 ], [ -93.92, 44.47 ], [ -93.91, 44.47 ], [ -93.9, 44.48 ], [ -93.9, 44.49 ], [ -93.89, 44.49 ], [ -93.89, 44.5 ], [ -93.89, 44.51 ], [ -93.89, 44.52 ], [ -93.89, 44.53 ], [ -93.9, 44.53 ], [ -93.9, 44.54 ], [ -93.89, 44.54 ], [ -93.88, 44.54 ], [ -93.79, 44.54 ], [ -93.78, 44.54 ], [ -93.76, 44.54 ], [ -93.73, 44.54 ], [ -93.67, 44.54 ], [ -93.63, 44.54 ], [ -93.58, 44.54 ], [ -93.57, 44.54 ], [ -93.52, 44.54 ], [ -93.52, 44.53 ], [ -93.52, 44.5 ], [ -93.52, 44.49 ], [ -93.52, 44.47 ], [ -93.52, 44.42 ], [ -93.52, 44.36 ], [ -93.52, 44.34 ], [ -93.52, 44.33 ], [ -93.53, 44.31 ], [ -93.53, 44.29 ], [ -93.53, 44.25 ], [ -93.53, 44.24 ], [ -93.52, 44.24 ], [ -93.53, 44.22 ], [ -93.53, 44.2 ], [ -93.56, 44.2 ], [ -93.6, 44.2 ], [ -93.62, 44.2 ], [ -93.66, 44.2 ], [ -93.69, 44.2 ], [ -93.75, 44.2 ], [ -93.77, 44.2 ], [ -93.77, 44.24 ], [ -93.8, 44.24 ], [ -93.81, 44.24 ], [ -93.83, 44.24 ], [ -93.86, 44.24 ], [ -93.87, 44.24 ], [ -93.89, 44.24 ], [ -93.92, 44.24 ], [ -93.94, 44.24 ], [ -93.95, 44.24 ], [ -93.98, 44.24 ], [ -94.0, 44.24 ], [ -94.01, 44.24 ], [ -94.02, 44.24 ], [ -94.02, 44.25 ], [ -94.01, 44.25 ], [ -94.02, 44.26 ], [ -94.01, 44.27 ], [ -94.01, 44.28 ], [ -94.0, 44.28 ], [ -94.0, 44.29 ], [ -93.99, 44.29 ], [ -93.99, 44.3 ], [ -93.98, 44.3 ], [ -93.97, 44.3 ], [ -93.97, 44.31 ], [ -93.96, 44.31 ], [ -93.95, 44.32 ], [ -93.95, 44.33 ], [ -93.94, 44.33 ], [ -93.95, 44.34 ], [ -93.94, 44.34 ], [ -93.93, 44.34 ], [ -93.94, 44.35 ], [ -93.94, 44.36 ], [ -93.95, 44.36 ], [ -93.96, 44.36 ], [ -93.96, 44.37 ], [ -93.96, 44.38 ] ] ] } },
{ "type": "Feature", "properties": { "WFO": "MPX", "ISSUED": "201804150843", "EXPIRED": "201804160500", "INIT_ISS": "201804150843", "INIT_EXP": "201804160300", "PHENOM": "WW", "GTYPE": "C", "SIG": "Y", "ETN": 18, "STATUS": "EXP", "NWS_UGC": "MNZ063", "AREA_KM2": 1093.4844970703125, "UPDATED": "201804160457", "HV_NWSLI": null, "HV_SEV": null, "HV_CAUSE": null, "HV_REC": null, "EMERGENC": false, "POLY_BEG": null, "POLY_END": null, "WINDTAG": null, "HAILTAG": null, "TORNTAG": null, "DAMAGTAG": null, "PROD_ID": "201804150843-KMPX-WWUS43-WSWMPX", "FCSTER": null }, "geometry": { "type": "Polygon", "coordinates": [ [ [ -93.02, 45.3 ], [ -92.96, 45.3 ], [ -92.93, 45.3 ], [ -92.88, 45.3 ], [ -92.87, 45.3 ], [ -92.86, 45.3 ], [ -92.82, 45.3 ], [ -92.8, 45.3 ], [ -92.77, 45.3 ], [ -92.75, 45.3 ], [ -92.75, 45.29 ], [ -92.76, 45.29 ], [ -92.76, 45.28 ], [ -92.76, 45.27 ], [ -92.75, 45.27 ], [ -92.75, 45.26 ], [ -92.76, 45.25 ], [ -92.76, 45.24 ], [ -92.76, 45.23 ], [ -92.75, 45.22 ], [ -92.75, 45.21 ], [ -92.76, 45.21 ], [ -92.76, 45.2 ], [ -92.77, 45.2 ], [ -92.77, 45.19 ], [ -92.76, 45.18 ], [ -92.75, 45.17 ], [ -92.76, 45.17 ], [ -92.76, 45.16 ], [ -92.76, 45.15 ], [ -92.75, 45.15 ], [ -92.75, 45.14 ], [ -92.75, 45.13 ], [ -92.75, 45.12 ], [ -92.74, 45.12 ], [ -92.74, 45.11 ], [ -92.75, 45.11 ], [ -92.75, 45.1 ], [ -92.76, 45.1 ], [ -92.77, 45.1 ], [ -92.77, 45.09 ], [ -92.78, 45.08 ], [ -92.79, 45.08 ], [ -92.8, 45.07 ], [ -92.8, 45.06 ], [ -92.8, 45.05 ], [ -92.79, 45.05 ], [ -92.79, 45.04 ], [ -92.78, 45.04 ], [ -92.77, 45.03 ], [ -92.76, 45.03 ], [ -92.76, 45.02 ], [ -92.77, 45.01 ], [ -92.77, 45.0 ], [ -92.77, 44.99 ], [ -92.77, 44.98 ], [ -92.77, 44.97 ], [ -92.76, 44.97 ], [ -92.76, 44.96 ], [ -92.75, 44.96 ], [ -92.75, 44.95 ], [ -92.75, 44.94 ], [ -92.75, 44.93 ], [ -92.76, 44.92 ], [ -92.76, 44.91 ], [ -92.77, 44.9 ], [ -92.77, 44.89 ], [ -92.77, 44.88 ], [ -92.76, 44.88 ], [ -92.76, 44.87 ], [ -92.77, 44.87 ], [ -92.77, 44.86 ], [ -92.77, 44.85 ], [ -92.77, 44.84 ], [ -92.77, 44.83 ], [ -92.77, 44.82 ], [ -92.78, 44.82 ], [ -92.78, 44.81 ], [ -92.78, 44.8 ], [ -92.78, 44.79 ], [ -92.79, 44.79 ], [ -92.8, 44.78 ], [ -92.8, 44.77 ], [ -92.81, 44.77 ], [ -92.81, 44.76 ], [ -92.81, 44.75 ], [ -92.82, 44.75 ], [ -92.83, 44.75 ], [ -92.84, 44.75 ], [ -92.85, 44.75 ], [ -92.86, 44.75 ], [ -92.86, 44.76 ], [ -92.87, 44.76 ], [ -92.88, 44.77 ], [ -92.88, 44.78 ], [ -92.89, 44.77 ], [ -92.9, 44.77 ], [ -92.91, 44.77 ], [ -92.92, 44.78 ], [ -92.93, 44.78 ], [ -92.94, 44.78 ], [ -92.94, 44.77 ], [ -92.95, 44.77 ], [ -92.96, 44.77 ], [ -92.97, 44.77 ], [ -92.98, 44.77 ], [ -92.99, 44.78 ], [ -92.99, 44.77 ], [ -93.0, 44.77 ], [ -93.01, 44.77 ], [ -93.02, 44.78 ], [ -93.02, 44.79 ], [ -93.02, 44.8 ], [ -93.01, 44.81 ], [ -93.0, 44.82 ], [ -93.01, 44.82 ], [ -93.01, 44.83 ], [ -93.01, 44.84 ], [ -93.01, 44.85 ], [ -93.01, 44.86 ], [ -93.01, 44.87 ], [ -93.02, 44.88 ], [ -93.02, 44.89 ], [ -92.99, 44.89 ], [ -92.98, 44.89 ], [ -92.98, 44.9 ], [ -92.98, 44.92 ], [ -92.98, 44.93 ], [ -92.98, 44.95 ], [ -92.98, 44.96 ], [ -92.98, 45.0 ], [ -92.98, 45.03 ], [ -92.98, 45.09 ], [ -92.98, 45.12 ], [ -92.99, 45.12 ], [ -93.02, 45.12 ], [ -93.02, 45.15 ], [ -93.02, 45.23 ], [ -93.02, 45.27 ], [ -93.02, 45.3 ] ] ] } },
{ "type": "Feature", "properties": { "WFO": "MPX", "ISSUED": "201804150843", "EXPIRED": "201804160500", "INIT_ISS": "201804150843", "INIT_EXP": "201804160300", "PHENOM": "WW", "GTYPE": "C", "SIG": "Y", "ETN": 18, "STATUS": "EXP", "NWS_UGC": "MNZ062", "AREA_KM2": 439.62399291992188, "UPDATED": "201804160457", "HV_NWSLI": null, "HV_SEV": null, "HV_CAUSE": null, "HV_REC": null, "EMERGENC": false, "POLY_BEG": null, "POLY_END": null, "WINDTAG": null, "HAILTAG": null, "TORNTAG": null, "DAMAGTAG": null, "PROD_ID": "201804150843-KMPX-WWUS43-WSWMPX", "FCSTER": null }, "geometry": { "type": "Polygon", "coordinates": [ [ [ -93.2, 45.12 ], [ -93.15, 45.12 ], [ -93.14, 45.12 ], [ -93.13, 45.12 ], [ -93.11, 45.12 ], [ -93.05, 45.12 ], [ -93.04, 45.12 ], [ -93.02, 45.12 ], [ -92.99, 45.12 ], [ -92.98, 45.12 ], [ -92.98, 45.09 ], [ -92.98, 45.03 ], [ -92.98, 45.0 ], [ -92.98, 44.96 ], [ -92.98, 44.95 ], [ -92.98, 44.93 ], [ -92.98, 44.92 ], [ -92.98, 44.9 ], [ -92.98, 44.89 ], [ -92.99, 44.89 ], [ -93.02, 44.89 ], [ -93.03, 44.9 ], [ -93.04, 44.9 ], [ -93.04, 44.91 ], [ -93.05, 44.92 ], [ -93.09, 44.92 ], [ -93.1, 44.92 ], [ -93.13, 44.92 ], [ -93.13, 44.91 ], [ -93.14, 44.91 ], [ -93.14, 44.9 ], [ -93.15, 44.9 ], [ -93.15, 44.89 ], [ -93.16, 44.89 ], [ -93.17, 44.89 ], [ -93.18, 44.89 ], [ -93.19, 44.89 ], [ -93.19, 44.9 ], [ -93.19, 44.91 ], [ -93.2, 44.91 ], [ -93.2, 44.92 ], [ -93.2, 44.93 ], [ -93.2, 44.94 ], [ -93.2, 44.95 ], [ -93.21, 44.95 ], [ -93.21, 44.96 ], [ -93.21, 45.01 ], [ -93.21, 45.02 ], [ -93.21, 45.03 ], [ -93.21, 45.04 ], [ -93.22, 45.04 ], [ -93.23, 45.04 ], [ -93.23, 45.06 ], [ -93.23, 45.07 ], [ -93.23, 45.09 ], [ -93.23, 45.1 ], [ -93.23, 45.11 ], [ -93.23, 45.12 ], [ -93.2, 45.12 ] ] ] } },
{ "type": "Feature", "properties": { "WFO": "MPX", "ISSUED": "201804150843", "EXPIRED": "201804160000", "INIT_ISS": "201804150843", "INIT_EXP": "201804160000", "PHENOM": "WW", "GTYPE": "C", "SIG": "Y", "ETN": 18, "STATUS": "CON", "NWS_UGC": "MNZ066", "AREA_KM2": 1306.6568603515625, "UPDATED": "201804152052", "HV_NWSLI": null, "HV_SEV": null, "HV_CAUSE": null, "HV_REC": null, "EMERGENC": false, "POLY_BEG": null, "POLY_END": null, "WINDTAG": null, "HAILTAG": null, "TORNTAG": null, "DAMAGTAG": null, "PROD_ID": "201804150843-KMPX-WWUS43-WSWMPX", "FCSTER": null }, "geometry": { "type": "Polygon", "coordinates": [ [ [ -94.26, 44.98 ], [ -94.17, 44.98 ], [ -94.14, 44.98 ], [ -94.01, 44.98 ], [ -94.01, 44.95 ], [ -94.01, 44.94 ], [ -94.01, 44.91 ], [ -94.01, 44.9 ], [ -94.01, 44.89 ], [ -94.01, 44.88 ], [ -94.01, 44.86 ], [ -94.01, 44.78 ], [ -94.01, 44.74 ], [ -94.01, 44.72 ], [ -94.12, 44.72 ], [ -94.23, 44.72 ], [ -94.25, 44.72 ], [ -94.25, 44.7 ], [ -94.25, 44.65 ], [ -94.25, 44.64 ], [ -94.25, 44.63 ], [ -94.26, 44.63 ], [ -94.33, 44.63 ], [ -94.39, 44.63 ], [ -94.42, 44.63 ], [ -94.46, 44.63 ], [ -94.5, 44.63 ], [ -94.5, 44.72 ], [ -94.5, 44.76 ], [ -94.5, 44.8 ], [ -94.5, 44.83 ], [ -94.5, 44.87 ], [ -94.5, 44.89 ], [ -94.5, 44.9 ], [ -94.5, 44.94 ], [ -94.5, 44.97 ], [ -94.5, 44.98 ], [ -94.45, 44.98 ], [ -94.41, 44.98 ], [ -94.4, 44.98 ], [ -94.37, 44.98 ], [ -94.3, 44.98 ], [ -94.26, 44.98 ] ] ] } },
{ "type": "Feature", "properties": { "WFO": "MPX", "ISSUED": "201804150843", "EXPIRED": "201804160000", "INIT_ISS": "201804150843", "INIT_EXP": "201804160000", "PHENOM": "WW", "GTYPE": "C", "SIG": "Y", "ETN": 18, "STATUS": "CON", "NWS_UGC": "MNZ085", "AREA_KM2": 1116.9599609375, "UPDATED": "201804152052", "HV_NWSLI": null, "HV_SEV": null, "HV_CAUSE": null, "HV_REC": null, "EMERGENC": false, "POLY_BEG": null, "POLY_END": null, "WINDTAG": null, "HAILTAG": null, "TORNTAG": null, "DAMAGTAG": null, "PROD_ID": "201804150843-KMPX-WWUS43-WSWMPX", "FCSTER": null }, "geometry": { "type": "Polygon", "coordinates": [ [ [ -93.05, 44.2 ], [ -93.05, 44.16 ], [ -93.05, 44.12 ], [ -93.05, 44.08 ], [ -93.05, 44.04 ], [ -93.05, 44.02 ], [ -93.05, 44.0 ], [ -93.05, 43.94 ], [ -93.05, 43.87 ], [ -93.05, 43.86 ], [ -93.05, 43.85 ], [ -93.06, 43.85 ], [ -93.4, 43.85 ], [ -93.41, 43.85 ], [ -93.41, 43.92 ], [ -93.41, 43.94 ], [ -93.41, 43.99 ], [ -93.41, 44.0 ], [ -93.41, 44.01 ], [ -93.41, 44.02 ], [ -93.41, 44.09 ], [ -93.41, 44.2 ], [ -93.26, 44.2 ], [ -93.19, 44.2 ], [ -93.18, 44.2 ], [ -93.05, 44.2 ] ] ] } },
{ "type": "Feature", "properties": { "WFO": "MPX", "ISSUED": "201804150843", "EXPIRED": "201804160500", "INIT_ISS": "201804150843", "INIT_EXP": "201804160300", "PHENOM": "WW", "GTYPE": "C", "SIG": "Y", "ETN": 18, "STATUS": "EXP", "NWS_UGC": "MNZ070", "AREA_KM2": 1515.3702392578125, "UPDATED": "201804160457", "HV_NWSLI": null, "HV_SEV": null, "HV_CAUSE": null, "HV_REC": null, "EMERGENC": false, "POLY_BEG": null, "POLY_END": null, "WINDTAG": null, "HAILTAG": null, "TORNTAG": null, "DAMAGTAG": null, "PROD_ID": "201804150843-KMPX-WWUS43-WSWMPX", "FCSTER": null }, "geometry": { "type": "Polygon", "coordinates": [ [ [ -93.09, 44.92 ], [ -93.05, 44.92 ], [ -93.04, 44.91 ], [ -93.04, 44.9 ], [ -93.03, 44.9 ], [ -93.02, 44.89 ], [ -93.02, 44.88 ], [ -93.01, 44.87 ], [ -93.01, 44.86 ], [ -93.01, 44.85 ], [ -93.01, 44.84 ], [ -93.01, 44.83 ], [ -93.01, 44.82 ], [ -93.0, 44.82 ], [ -93.01, 44.81 ], [ -93.02, 44.8 ], [ -93.02, 44.79 ], [ -93.02, 44.78 ], [ -93.01, 44.77 ], [ -93.0, 44.77 ], [ -92.99, 44.77 ], [ -92.99, 44.78 ], [ -92.98, 44.77 ], [ -92.97, 44.77 ], [ -92.96, 44.77 ], [ -92.95, 44.77 ], [ -92.94, 44.77 ], [ -92.94, 44.78 ], [ -92.93, 44.78 ], [ -92.92, 44.78 ], [ -92.91, 44.77 ], [ -92.9, 44.77 ], [ -92.89, 44.77 ], [ -92.88, 44.78 ], [ -92.88, 44.77 ], [ -92.87, 44.76 ], [ -92.86, 44.76 ], [ -92.86, 44.75 ], [ -92.85, 44.75 ], [ -92.84, 44.75 ], [ -92.83, 44.75 ], [ -92.82, 44.75 ], [ -92.81, 44.75 ], [ -92.8, 44.75 ], [ -92.8, 44.74 ], [ -92.79, 44.74 ], [ -92.78, 44.74 ], [ -92.78, 44.73 ], [ -92.77, 44.73 ], [ -92.76, 44.73 ], [ -92.76, 44.72 ], [ -92.75, 44.72 ], [ -92.74, 44.72 ], [ -92.73, 44.71 ], [ -92.73, 44.65 ], [ -92.73, 44.63 ], [ -92.78, 44.63 ], [ -92.79, 44.63 ], [ -92.79, 44.6 ], [ -92.79, 44.57 ], [ -92.79, 44.55 ], [ -92.79, 44.54 ], [ -92.8, 44.54 ], [ -92.83, 44.54 ], [ -92.91, 44.54 ], [ -92.92, 44.54 ], [ -92.92, 44.52 ], [ -92.93, 44.51 ], [ -92.94, 44.51 ], [ -92.95, 44.51 ], [ -92.96, 44.51 ], [ -92.96, 44.52 ], [ -92.97, 44.52 ], [ -92.98, 44.51 ], [ -92.98, 44.52 ], [ -92.99, 44.52 ], [ -93.0, 44.52 ], [ -93.01, 44.52 ], [ -93.02, 44.52 ], [ -93.03, 44.52 ], [ -93.03, 44.51 ], [ -93.04, 44.51 ], [ -93.04, 44.5 ], [ -93.04, 44.49 ], [ -93.04, 44.47 ], [ -93.05, 44.47 ], [ -93.08, 44.47 ], [ -93.1, 44.47 ], [ -93.13, 44.47 ], [ -93.16, 44.47 ], [ -93.19, 44.47 ], [ -93.22, 44.47 ], [ -93.24, 44.47 ], [ -93.25, 44.47 ], [ -93.26, 44.47 ], [ -93.28, 44.47 ], [ -93.28, 44.49 ], [ -93.28, 44.54 ], [ -93.28, 44.56 ], [ -93.28, 44.57 ], [ -93.28, 44.63 ], [ -93.32, 44.63 ], [ -93.32, 44.65 ], [ -93.32, 44.68 ], [ -93.32, 44.69 ], [ -93.32, 44.7 ], [ -93.32, 44.72 ], [ -93.33, 44.72 ], [ -93.33, 44.73 ], [ -93.33, 44.77 ], [ -93.33, 44.78 ], [ -93.33, 44.79 ], [ -93.32, 44.79 ], [ -93.31, 44.79 ], [ -93.3, 44.8 ], [ -93.29, 44.8 ], [ -93.28, 44.81 ], [ -93.27, 44.81 ], [ -93.25, 44.81 ], [ -93.24, 44.82 ], [ -93.23, 44.82 ], [ -93.23, 44.83 ], [ -93.22, 44.83 ], [ -93.22, 44.84 ], [ -93.21, 44.84 ], [ -93.21, 44.85 ], [ -93.2, 44.85 ], [ -93.2, 44.86 ], [ -93.2, 44.87 ], [ -93.19, 44.87 ], [ -93.19, 44.88 ], [ -93.18, 44.88 ], [ -93.18, 44.89 ], [ -93.17, 44.89 ], [ -93.16, 44.89 ], [ -93.15, 44.89 ], [ -93.15, 44.9 ], [ -93.14, 44.9 ], [ -93.14, 44.91 ], [ -93.13, 44.91 ], [ -93.13, 44.92 ], [ -93.1, 44.92 ], [ -93.09, 44.92 ] ] ] } },
{ "type": "Feature", "properties": { "WFO": "MPX", "ISSUED": "201804150843", "EXPIRED": "201804160500", "INIT_ISS": "201804150843", "INIT_EXP": "201804160300", "PHENOM": "WW", "GTYPE": "C", "SIG": "Y", "ETN": 18, "STATUS": "EXP", "NWS_UGC": "MNZ069", "AREA_KM2": 952.00262451171875, "UPDATED": "201804160457", "HV_NWSLI": null, "HV_SEV": null, "HV_CAUSE": null, "HV_REC": null, "EMERGENC": false, "POLY_BEG": null, "POLY_END": null, "WINDTAG": null, "HAILTAG": null, "TORNTAG": null, "DAMAGTAG": null, "PROD_ID": "201804150843-KMPX-WWUS43-WSWMPX", "FCSTER": null }, "geometry": { "type": "MultiPolygon", "coordinates": [ [ [ [ -93.9, 44.54 ], [ -93.89, 44.55 ], [ -93.9, 44.55 ], [ -93.9, 44.56 ], [ -93.89, 44.56 ], [ -93.89, 44.57 ], [ -93.9, 44.57 ], [ -93.89, 44.58 ], [ -93.89, 44.59 ], [ -93.89, 44.6 ], [ -93.88, 44.6 ], [ -93.88, 44.61 ], [ -93.87, 44.6 ], [ -93.86, 44.6 ], [ -93.86, 44.61 ], [ -93.86, 44.62 ], [ -93.85, 44.62 ], [ -93.84, 44.63 ], [ -93.84, 44.62 ], [ -93.82, 44.63 ], [ -93.81, 44.63 ], [ -93.8, 44.63 ], [ -93.79, 44.63 ], [ -93.78, 44.63 ], [ -93.78, 44.64 ], [ -93.77, 44.64 ], [ -93.76, 44.64 ], [ -93.75, 44.64 ], [ -93.75, 44.65 ], [ -93.74, 44.65 ], [ -93.73, 44.65 ], [ -93.73, 44.66 ], [ -93.72, 44.65 ], [ -93.72, 44.66 ], [ -93.71, 44.67 ], [ -93.7, 44.67 ], [ -93.69, 44.68 ], [ -93.68, 44.68 ], [ -93.68, 44.69 ], [ -93.67, 44.69 ], [ -93.67, 44.7 ], [ -93.66, 44.7 ], [ -93.66, 44.69 ], [ -93.65, 44.69 ], [ -93.64, 44.69 ], [ -93.64, 44.7 ], [ -93.63, 44.7 ], [ -93.62, 44.71 ], [ -93.63, 44.71 ], [ -93.63, 44.72 ], [ -93.63, 44.73 ], [ -93.63, 44.74 ], [ -93.62, 44.74 ], [ -93.62, 44.75 ], [ -93.61, 44.75 ], [ -93.61, 44.76 ], [ -93.62, 44.76 ], [ -93.61, 44.77 ], [ -93.6, 44.77 ], [ -93.59, 44.78 ], [ -93.58, 44.78 ], [ -93.58, 44.79 ], [ -93.57, 44.8 ], [ -93.56, 44.8 ], [ -93.55, 44.8 ], [ -93.54, 44.8 ], [ -93.52, 44.8 ], [ -93.51, 44.8 ], [ -93.5, 44.8 ], [ -93.5, 44.81 ], [ -93.49, 44.8 ], [ -93.48, 44.81 ], [ -93.48, 44.8 ], [ -93.47, 44.8 ], [ -93.46, 44.81 ], [ -93.46, 44.8 ], [ -93.45, 44.8 ], [ -93.44, 44.81 ], [ -93.43, 44.81 ], [ -93.42, 44.81 ], [ -93.41, 44.81 ], [ -93.41, 44.8 ], [ -93.4, 44.8 ], [ -93.39, 44.8 ], [ -93.38, 44.8 ], [ -93.38, 44.79 ], [ -93.36, 44.79 ], [ -93.35, 44.79 ], [ -93.34, 44.79 ], [ -93.33, 44.79 ], [ -93.33, 44.78 ], [ -93.33, 44.77 ], [ -93.33, 44.73 ], [ -93.33, 44.72 ], [ -93.32, 44.72 ], [ -93.32, 44.7 ], [ -93.32, 44.69 ], [ -93.32, 44.68 ], [ -93.32, 44.65 ], [ -93.32, 44.63 ], [ -93.28, 44.63 ], [ -93.28, 44.57 ], [ -93.28, 44.56 ], [ -93.28, 44.54 ], [ -93.36, 44.54 ], [ -93.41, 44.54 ], [ -93.46, 44.54 ], [ -93.5, 44.54 ], [ -93.52, 44.54 ], [ -93.57, 44.54 ], [ -93.58, 44.54 ], [ -93.63, 44.54 ], [ -93.67, 44.54 ], [ -93.73, 44.54 ], [ -93.76, 44.54 ], [ -93.78, 44.54 ], [ -93.79, 44.54 ], [ -93.88, 44.54 ], [ -93.89, 44.54 ], [ -93.9, 44.54 ] ], [ [ -93.77, 44.64 ], [ -93.77, 44.63 ], [ -93.76, 44.63 ], [ -93.77, 44.64 ] ] ], [ [ [ -93.9, 44.54 ], [ -93.91, 44.54 ], [ -93.91, 44.55 ], [ -93.9, 44.55 ], [ -93.9, 44.54 ] ] ] ] } },
{ "type": "Feature", "properties": { "WFO": "MPX", "ISSUED": "201804150843", "EXPIRED": "201804160500", "INIT_ISS": "201804150843", "INIT_EXP": "201804160300", "PHENOM": "WW", "GTYPE": "C", "SIG": "Y", "ETN": 18, "STATUS": "EXP", "NWS_UGC": "MNZ068", "AREA_KM2": 972.08282470703125, "UPDATED": "201804160457", "HV_NWSLI": null, "HV_SEV": null, "HV_CAUSE": null, "HV_REC": null, "EMERGENC": false, "POLY_BEG": null, "POLY_END": null, "WINDTAG": null, "HAILTAG": null, "TORNTAG": null, "DAMAGTAG": null, "PROD_ID": "201804150843-KMPX-WWUS43-WSWMPX", "FCSTER": null }, "geometry": { "type": "Polygon", "coordinates": [ [ [ -93.77, 44.98 ], [ -93.77, 44.93 ], [ -93.77, 44.91 ], [ -93.77, 44.89 ], [ -93.75, 44.89 ], [ -93.71, 44.89 ], [ -93.68, 44.89 ], [ -93.65, 44.89 ], [ -93.61, 44.89 ], [ -93.6, 44.89 ], [ -93.56, 44.89 ], [ -93.52, 44.89 ], [ -93.52, 44.86 ], [ -93.52, 44.85 ], [ -93.52, 44.82 ], [ -93.52, 44.8 ], [ -93.54, 44.8 ], [ -93.55, 44.8 ], [ -93.56, 44.8 ], [ -93.57, 44.8 ], [ -93.58, 44.79 ], [ -93.58, 44.78 ], [ -93.59, 44.78 ], [ -93.6, 44.77 ], [ -93.61, 44.77 ], [ -93.62, 44.76 ], [ -93.61, 44.76 ], [ -93.61, 44.75 ], [ -93.62, 44.75 ], [ -93.62, 44.74 ], [ -93.63, 44.74 ], [ -93.63, 44.73 ], [ -93.63, 44.72 ], [ -93.63, 44.71 ], [ -93.62, 44.71 ], [ -93.63, 44.7 ], [ -93.64, 44.7 ], [ -93.64, 44.69 ], [ -93.65, 44.69 ], [ -93.66, 44.69 ], [ -93.66, 44.7 ], [ -93.67, 44.7 ], [ -93.67, 44.69 ], [ -93.68, 44.69 ], [ -93.68, 44.68 ], [ -93.69, 44.68 ], [ -93.7, 44.67 ], [ -93.71, 44.67 ], [ -93.72, 44.66 ], [ -93.72, 44.65 ], [ -93.73, 44.66 ], [ -93.73, 44.65 ], [ -93.74, 44.65 ], [ -93.75, 44.65 ], [ -93.75, 44.64 ], [ -93.76, 44.64 ], [ -93.77, 44.64 ], [ -93.77, 44.67 ], [ -93.83, 44.67 ], [ -93.84, 44.67 ], [ -93.87, 44.67 ], [ -93.89, 44.67 ], [ -93.89, 44.69 ], [ -93.89, 44.72 ], [ -93.96, 44.72 ], [ -94.01, 44.72 ], [ -94.01, 44.74 ], [ -94.01, 44.78 ], [ -94.01, 44.86 ], [ -94.01, 44.88 ], [ -94.01, 44.89 ], [ -94.01, 44.9 ], [ -94.01, 44.91 ], [ -94.01, 44.94 ], [ -94.01, 44.95 ], [ -94.01, 44.98 ], [ -93.98, 44.98 ], [ -93.89, 44.98 ], [ -93.88, 44.98 ], [ -93.86, 44.98 ], [ -93.78, 44.98 ], [ -93.77, 44.98 ] ] ] } },
{ "type": "Feature", "properties": { "WFO": "MPX", "ISSUED": "201804150843", "EXPIRED": "201804160500", "INIT_ISS": "201804150843", "INIT_EXP": "201804160300", "PHENOM": "WW", "GTYPE": "C", "SIG": "Y", "ETN": 18, "STATUS": "EXP", "NWS_UGC": "MNZ061", "AREA_KM2": 1152.9273681640625, "UPDATED": "201804160457", "HV_NWSLI": null, "HV_SEV": null, "HV_CAUSE": null, "HV_REC": null, "EMERGENC": false, "POLY_BEG": null, "POLY_END": null, "WINDTAG": null, "HAILTAG": null, "TORNTAG": null, "DAMAGTAG": null, "PROD_ID": "201804150843-KMPX-WWUS43-WSWMPX", "FCSTER": null }, "geometry": { "type": "Polygon", "coordinates": [ [ [ -93.47, 45.41 ], [ -93.45, 45.41 ], [ -93.43, 45.41 ], [ -93.36, 45.41 ], [ -93.3, 45.41 ], [ -93.27, 45.41 ], [ -93.25, 45.41 ], [ -93.23, 45.41 ], [ -93.16, 45.41 ], [ -93.14, 45.41 ], [ -93.13, 45.41 ], [ -93.09, 45.41 ], [ -93.08, 45.41 ], [ -93.07, 45.41 ], [ -93.05, 45.41 ], [ -93.03, 45.41 ], [ -93.02, 45.41 ], [ -93.02, 45.39 ], [ -93.02, 45.38 ], [ -93.02, 45.34 ], [ -93.02, 45.33 ], [ -93.02, 45.3 ], [ -93.02, 45.27 ], [ -93.02, 45.23 ], [ -93.02, 45.15 ], [ -93.02, 45.12 ], [ -93.04, 45.12 ], [ -93.05, 45.12 ], [ -93.11, 45.12 ], [ -93.13, 45.12 ], [ -93.14, 45.12 ], [ -93.15, 45.12 ], [ -93.2, 45.12 ], [ -93.23, 45.12 ], [ -93.23, 45.11 ], [ -93.23, 45.1 ], [ -93.23, 45.09 ], [ -93.23, 45.07 ], [ -93.23, 45.06 ], [ -93.23, 45.04 ], [ -93.24, 45.04 ], [ -93.28, 45.04 ], [ -93.28, 45.05 ], [ -93.29, 45.06 ], [ -93.28, 45.07 ], [ -93.28, 45.08 ], [ -93.28, 45.09 ], [ -93.28, 45.1 ], [ -93.28, 45.11 ], [ -93.29, 45.11 ], [ -93.29, 45.12 ], [ -93.3, 45.12 ], [ -93.3, 45.13 ], [ -93.31, 45.14 ], [ -93.32, 45.15 ], [ -93.33, 45.15 ], [ -93.35, 45.16 ], [ -93.36, 45.18 ], [ -93.37, 45.18 ], [ -93.38, 45.18 ], [ -93.39, 45.19 ], [ -93.4, 45.19 ], [ -93.41, 45.2 ], [ -93.42, 45.2 ], [ -93.42, 45.21 ], [ -93.43, 45.21 ], [ -93.43, 45.22 ], [ -93.44, 45.22 ], [ -93.45, 45.22 ], [ -93.46, 45.22 ], [ -93.47, 45.23 ], [ -93.48, 45.23 ], [ -93.49, 45.23 ], [ -93.5, 45.23 ], [ -93.5, 45.24 ], [ -93.51, 45.25 ], [ -93.51, 45.33 ], [ -93.51, 45.34 ], [ -93.51, 45.35 ], [ -93.51, 45.36 ], [ -93.51, 45.39 ], [ -93.51, 45.41 ], [ -93.51, 45.42 ], [ -93.49, 45.41 ], [ -93.47, 45.41 ] ] ] } },
{ "type": "Feature", "properties": { "WFO": "MPX", "ISSUED": "201804150843", "EXPIRED": "201804160500", "INIT_ISS": "201804150843", "INIT_EXP": "201804160300", "PHENOM": "WW", "GTYPE": "C", "SIG": "Y", "ETN": 18, "STATUS": "EXP", "NWS_UGC": "MNZ051", "AREA_KM2": 1165.333984375, "UPDATED": "201804160457", "HV_NWSLI": null, "HV_SEV": null, "HV_CAUSE": null, "HV_REC": null, "EMERGENC": false, "POLY_BEG": null, "POLY_END": null, "WINDTAG": null, "HAILTAG": null, "TORNTAG": null, "DAMAGTAG": null, "PROD_ID": "201804150843-KMPX-WWUS43-WSWMPX", "FCSTER": null }, "geometry": { "type": "Polygon", "coordinates": [ [ [ -93.76, 45.56 ], [ -93.68, 45.56 ], [ -93.65, 45.56 ], [ -93.62, 45.56 ], [ -93.59, 45.56 ], [ -93.58, 45.56 ], [ -93.52, 45.56 ], [ -93.51, 45.56 ], [ -93.51, 45.55 ], [ -93.51, 45.47 ], [ -93.51, 45.44 ], [ -93.51, 45.43 ], [ -93.51, 45.42 ], [ -93.51, 45.41 ], [ -93.51, 45.39 ], [ -93.51, 45.36 ], [ -93.51, 45.35 ], [ -93.51, 45.34 ], [ -93.51, 45.33 ], [ -93.51, 45.25 ], [ -93.52, 45.25 ], [ -93.53, 45.25 ], [ -93.54, 45.26 ], [ -93.55, 45.26 ], [ -93.55, 45.27 ], [ -93.55, 45.28 ], [ -93.56, 45.28 ], [ -93.56, 45.29 ], [ -93.56, 45.3 ], [ -93.57, 45.3 ], [ -93.57, 45.29 ], [ -93.58, 45.29 ], [ -93.59, 45.29 ], [ -93.6, 45.29 ], [ -93.61, 45.29 ], [ -93.62, 45.29 ], [ -93.63, 45.3 ], [ -93.64, 45.3 ], [ -93.65, 45.3 ], [ -93.66, 45.3 ], [ -93.67, 45.3 ], [ -93.68, 45.3 ], [ -93.69, 45.3 ], [ -93.7, 45.3 ], [ -93.72, 45.3 ], [ -93.73, 45.3 ], [ -93.74, 45.3 ], [ -93.75, 45.3 ], [ -93.76, 45.29 ], [ -93.76, 45.3 ], [ -93.77, 45.3 ], [ -93.78, 45.3 ], [ -93.78, 45.31 ], [ -93.79, 45.31 ], [ -93.8, 45.31 ], [ -93.81, 45.31 ], [ -93.81, 45.32 ], [ -93.82, 45.32 ], [ -93.83, 45.33 ], [ -93.84, 45.34 ], [ -93.85, 45.34 ], [ -93.87, 45.34 ], [ -93.88, 45.35 ], [ -93.89, 45.36 ], [ -93.9, 45.37 ], [ -93.91, 45.37 ], [ -93.91, 45.38 ], [ -93.92, 45.38 ], [ -93.93, 45.39 ], [ -93.93, 45.38 ], [ -93.94, 45.38 ], [ -93.95, 45.38 ], [ -93.96, 45.38 ], [ -93.97, 45.39 ], [ -93.98, 45.39 ], [ -93.98, 45.4 ], [ -93.99, 45.4 ], [ -94.0, 45.4 ], [ -94.0, 45.39 ], [ -94.01, 45.39 ], [ -94.01, 45.4 ], [ -94.02, 45.4 ], [ -94.03, 45.41 ], [ -94.04, 45.41 ], [ -94.04, 45.42 ], [ -94.05, 45.42 ], [ -94.05, 45.43 ], [ -94.05, 45.44 ], [ -94.06, 45.43 ], [ -94.07, 45.43 ], [ -94.07, 45.44 ], [ -94.08, 45.44 ], [ -94.08, 45.45 ], [ -94.09, 45.45 ], [ -94.1, 45.45 ], [ -94.1, 45.46 ], [ -94.1, 45.47 ], [ -94.11, 45.47 ], [ -94.11, 45.48 ], [ -94.12, 45.48 ], [ -94.13, 45.48 ], [ -94.13, 45.49 ], [ -94.14, 45.49 ], [ -94.14, 45.5 ], [ -94.14, 45.51 ], [ -94.14, 45.52 ], [ -94.15, 45.52 ], [ -94.15, 45.53 ], [ -94.15, 45.54 ], [ -94.15, 45.55 ], [ -94.15, 45.56 ], [ -94.13, 45.56 ], [ -94.12, 45.56 ], [ -94.01, 45.56 ], [ -94.0, 45.56 ], [ -93.98, 45.56 ], [ -93.93, 45.56 ], [ -93.9, 45.56 ], [ -93.88, 45.56 ], [ -93.82, 45.56 ], [ -93.8, 45.56 ], [ -93.76, 45.56 ] ] ] } },
{ "type": "Feature", "properties": { "WFO": "MPX", "ISSUED": "201804150843", "EXPIRED": "201804160300", "INIT_ISS": "201804150843", "INIT_EXP": "201804160300", "PHENOM": "WW", "GTYPE": "C", "SIG": "Y", "ETN": 18, "STATUS": "EXP", "NWS_UGC": "MNZ077", "AREA_KM2": 1333.9932861328125, "UPDATED": "201804160240", "HV_NWSLI": null, "HV_SEV": null, "HV_CAUSE": null, "HV_REC": null, "EMERGENC": false, "POLY_BEG": null, "POLY_END": null, "WINDTAG": null, "HAILTAG": null, "TORNTAG": null, "DAMAGTAG": null, "PROD_ID": "201804150843-KMPX-WWUS43-WSWMPX", "FCSTER": null }, "geometry": { "type": "Polygon", "coordinates": [ [ [ -93.28, 44.54 ], [ -93.28, 44.49 ], [ -93.28, 44.47 ], [ -93.26, 44.47 ], [ -93.25, 44.47 ], [ -93.24, 44.47 ], [ -93.22, 44.47 ], [ -93.19, 44.47 ], [ -93.16, 44.47 ], [ -93.13, 44.47 ], [ -93.1, 44.47 ], [ -93.08, 44.47 ], [ -93.05, 44.47 ], [ -93.04, 44.47 ], [ -93.04, 44.45 ], [ -93.04, 44.43 ], [ -93.04, 44.42 ], [ -93.04, 44.39 ], [ -93.04, 44.32 ], [ -93.04, 44.28 ], [ -93.04, 44.27 ], [ -93.04, 44.25 ], [ -93.04, 44.24 ], [ -93.04, 44.2 ], [ -93.05, 44.2 ], [ -93.18, 44.2 ], [ -93.19, 44.2 ], [ -93.26, 44.2 ], [ -93.41, 44.2 ], [ -93.49, 44.2 ], [ -93.53, 44.2 ], [ -93.53, 44.22 ], [ -93.52, 44.24 ], [ -93.53, 44.24 ], [ -93.53, 44.25 ], [ -93.53, 44.29 ], [ -93.53, 44.31 ], [ -93.52, 44.33 ], [ -93.52, 44.34 ], [ -93.52, 44.36 ], [ -93.52, 44.42 ], [ -93.52, 44.47 ], [ -93.52, 44.49 ], [ -93.52, 44.5 ], [ -93.52, 44.53 ], [ -93.52, 44.54 ], [ -93.5, 44.54 ], [ -93.46, 44.54 ], [ -93.41, 44.54 ], [ -93.36, 44.54 ], [ -93.28, 44.54 ] ] ] } },
{ "type": "Feature", "properties": { "WFO": "MPX", "ISSUED": "201804150843", "EXPIRED": "201804160000", "INIT_ISS": "201804150843", "INIT_EXP": "201804160000", "PHENOM": "WW", "GTYPE": "C", "SIG": "Y", "ETN": 18, "STATUS": "CON", "NWS_UGC": "MNZ067", "AREA_KM2": 1552.0018310546875, "UPDATED": "201804152052", "HV_NWSLI": null, "HV_SEV": null, "HV_CAUSE": null, "HV_REC": null, "EMERGENC": false, "POLY_BEG": null, "POLY_END": null, "WINDTAG": null, "HAILTAG": null, "TORNTAG": null, "DAMAGTAG": null, "PROD_ID": "201804150843-KMPX-WWUS43-WSWMPX", "FCSTER": null }, "geometry": { "type": "MultiPolygon", "coordinates": [ [ [ [ -94.01, 44.72 ], [ -93.96, 44.72 ], [ -93.89, 44.72 ], [ -93.89, 44.69 ], [ -93.89, 44.67 ], [ -93.87, 44.67 ], [ -93.84, 44.67 ], [ -93.83, 44.67 ], [ -93.77, 44.67 ], [ -93.77, 44.64 ], [ -93.78, 44.64 ], [ -93.78, 44.63 ], [ -93.79, 44.63 ], [ -93.8, 44.63 ], [ -93.81, 44.63 ], [ -93.82, 44.63 ], [ -93.84, 44.62 ], [ -93.84, 44.63 ], [ -93.85, 44.62 ], [ -93.86, 44.62 ], [ -93.86, 44.61 ], [ -93.86, 44.6 ], [ -93.87, 44.6 ], [ -93.88, 44.61 ], [ -93.88, 44.6 ], [ -93.89, 44.6 ], [ -93.89, 44.59 ], [ -93.89, 44.58 ], [ -93.9, 44.57 ], [ -93.89, 44.57 ], [ -93.89, 44.56 ], [ -93.9, 44.56 ], [ -93.9, 44.55 ], [ -93.91, 44.55 ], [ -93.91, 44.54 ], [ -93.9, 44.54 ], [ -93.9, 44.53 ], [ -93.89, 44.53 ], [ -93.89, 44.52 ], [ -93.89, 44.51 ], [ -93.89, 44.5 ], [ -93.89, 44.49 ], [ -93.9, 44.49 ], [ -93.9, 44.48 ], [ -93.91, 44.47 ], [ -93.92, 44.47 ], [ -93.92, 44.46 ], [ -93.93, 44.46 ], [ -93.94, 44.46 ], [ -93.96, 44.46 ], [ -94.02, 44.46 ], [ -94.12, 44.46 ], [ -94.15, 44.46 ], [ -94.17, 44.46 ], [ -94.18, 44.46 ], [ -94.2, 44.46 ], [ -94.21, 44.46 ], [ -94.23, 44.46 ], [ -94.29, 44.46 ], [ -94.34, 44.46 ], [ -94.37, 44.46 ], [ -94.45, 44.46 ], [ -94.5, 44.46 ], [ -94.52, 44.46 ], [ -94.57, 44.46 ], [ -94.62, 44.46 ], [ -94.62, 44.47 ], [ -94.62, 44.5 ], [ -94.62, 44.53 ], [ -94.62, 44.54 ], [ -94.63, 44.54 ], [ -94.63, 44.63 ], [ -94.63, 44.67 ], [ -94.63, 44.72 ], [ -94.6, 44.72 ], [ -94.5, 44.72 ], [ -94.5, 44.63 ], [ -94.46, 44.63 ], [ -94.42, 44.63 ], [ -94.39, 44.63 ], [ -94.33, 44.63 ], [ -94.26, 44.63 ], [ -94.25, 44.63 ], [ -94.25, 44.64 ], [ -94.25, 44.65 ], [ -94.25, 44.7 ], [ -94.25, 44.72 ], [ -94.23, 44.72 ], [ -94.12, 44.72 ], [ -94.01, 44.72 ] ] ], [ [ [ -93.9, 44.54 ], [ -93.9, 44.55 ], [ -93.89, 44.55 ], [ -93.9, 44.54 ] ] ], [ [ [ -93.77, 44.64 ], [ -93.76, 44.63 ], [ -93.77, 44.63 ], [ -93.77, 44.64 ] ] ] ] } },
{ "type": "Feature", "properties": { "WFO": "MPX", "ISSUED": "201804150843", "EXPIRED": "201804160300", "INIT_ISS": "201804150843", "INIT_EXP": "201804160300", "PHENOM": "WW", "GTYPE": "C", "SIG": "Y", "ETN": 18, "STATUS": "EXP", "NWS_UGC": "MNZ078", "AREA_KM2": 2017.197265625, "UPDATED": "201804160240", "HV_NWSLI": null, "HV_SEV": null, "HV_CAUSE": null, "HV_REC": null, "EMERGENC": false, "POLY_BEG": null, "POLY_END": null, "WINDTAG": null, "HAILTAG": null, "TORNTAG": null, "DAMAGTAG": null, "PROD_ID": "201804150843-KMPX-WWUS43-WSWMPX", "FCSTER": null }, "geometry": { "type": "Polygon", "coordinates": [ [ [ -93.04, 44.51 ], [ -93.03, 44.51 ], [ -93.03, 44.52 ], [ -93.02, 44.52 ], [ -93.01, 44.52 ], [ -93.0, 44.52 ], [ -92.99, 44.52 ], [ -92.98, 44.52 ], [ -92.98, 44.51 ], [ -92.97, 44.52 ], [ -92.96, 44.52 ], [ -92.96, 44.51 ], [ -92.95, 44.51 ], [ -92.94, 44.51 ], [ -92.93, 44.51 ], [ -92.92, 44.52 ], [ -92.92, 44.54 ], [ -92.91, 44.54 ], [ -92.83, 44.54 ], [ -92.8, 44.54 ], [ -92.79, 44.54 ], [ -92.79, 44.55 ], [ -92.79, 44.57 ], [ -92.79, 44.6 ], [ -92.79, 44.63 ], [ -92.78, 44.63 ], [ -92.73, 44.63 ], [ -92.73, 44.65 ], [ -92.73, 44.71 ], [ -92.72, 44.71 ], [ -92.7, 44.69 ], [ -92.69, 44.69 ], [ -92.69, 44.68 ], [ -92.68, 44.68 ], [ -92.68, 44.67 ], [ -92.67, 44.67 ], [ -92.66, 44.66 ], [ -92.65, 44.65 ], [ -92.64, 44.65 ], [ -92.63, 44.65 ], [ -92.62, 44.64 ], [ -92.62, 44.63 ], [ -92.62, 44.62 ], [ -92.62, 44.61 ], [ -92.61, 44.61 ], [ -92.6, 44.61 ], [ -92.59, 44.61 ], [ -92.59, 44.6 ], [ -92.58, 44.6 ], [ -92.57, 44.6 ], [ -92.56, 44.6 ], [ -92.56, 44.59 ], [ -92.55, 44.58 ], [ -92.55, 44.57 ], [ -92.54, 44.57 ], [ -92.53, 44.57 ], [ -92.52, 44.57 ], [ -92.51, 44.57 ], [ -92.49, 44.57 ], [ -92.48, 44.57 ], [ -92.47, 44.57 ], [ -92.46, 44.56 ], [ -92.45, 44.56 ], [ -92.44, 44.56 ], [ -92.43, 44.57 ], [ -92.42, 44.56 ], [ -92.41, 44.56 ], [ -92.4, 44.56 ], [ -92.39, 44.56 ], [ -92.38, 44.56 ], [ -92.37, 44.56 ], [ -92.36, 44.56 ], [ -92.35, 44.56 ], [ -92.34, 44.56 ], [ -92.34, 44.55 ], [ -92.33, 44.55 ], [ -92.32, 44.55 ], [ -92.32, 44.54 ], [ -92.31, 44.54 ], [ -92.31, 44.53 ], [ -92.31, 44.52 ], [ -92.3, 44.52 ], [ -92.3, 44.51 ], [ -92.3, 44.5 ], [ -92.3, 44.49 ], [ -92.29, 44.49 ], [ -92.29, 44.48 ], [ -92.28, 44.48 ], [ -92.28, 44.47 ], [ -92.27, 44.47 ], [ -92.26, 44.47 ], [ -92.26, 44.46 ], [ -92.25, 44.46 ], [ -92.24, 44.46 ], [ -92.24, 44.45 ], [ -92.25, 44.45 ], [ -92.32, 44.45 ], [ -92.4, 44.46 ], [ -92.41, 44.46 ], [ -92.42, 44.46 ], [ -92.43, 44.46 ], [ -92.43, 44.45 ], [ -92.43, 44.37 ], [ -92.44, 44.37 ], [ -92.5, 44.37 ], [ -92.55, 44.37 ], [ -92.55, 44.33 ], [ -92.55, 44.31 ], [ -92.55, 44.29 ], [ -92.55, 44.27 ], [ -92.55, 44.19 ], [ -92.58, 44.19 ], [ -92.59, 44.2 ], [ -92.6, 44.19 ], [ -92.6, 44.2 ], [ -92.61, 44.2 ], [ -92.63, 44.2 ], [ -92.67, 44.2 ], [ -92.68, 44.2 ], [ -92.74, 44.2 ], [ -92.76, 44.2 ], [ -92.81, 44.2 ], [ -92.87, 44.2 ], [ -92.94, 44.2 ], [ -92.97, 44.2 ], [ -92.98, 44.2 ], [ -93.04, 44.2 ], [ -93.04, 44.24 ], [ -93.04, 44.25 ], [ -93.04, 44.27 ], [ -93.04, 44.28 ], [ -93.04, 44.32 ], [ -93.04, 44.39 ], [ -93.04, 44.42 ], [ -93.04, 44.43 ], [ -93.04, 44.45 ], [ -93.04, 44.47 ], [ -93.04, 44.49 ], [ -93.04, 44.5 ], [ -93.04, 44.51 ] ] ] } },
{ "type": "Feature", "properties": { "WFO": "MPX", "ISSUED": "201804150843", "EXPIRED": "201804160000", "INIT_ISS": "201804150843", "INIT_EXP": "201804160000", "PHENOM": "WW", "GTYPE": "C", "SIG": "Y", "ETN": 18, "STATUS": "CON", "NWS_UGC": "MNZ084", "AREA_KM2": 1118.6544189453125, "UPDATED": "201804152052", "HV_NWSLI": null, "HV_SEV": null, "HV_CAUSE": null, "HV_REC": null, "EMERGENC": false, "POLY_BEG": null, "POLY_END": null, "WINDTAG": null, "HAILTAG": null, "TORNTAG": null, "DAMAGTAG": null, "PROD_ID": "201804150843-KMPX-WWUS43-WSWMPX", "FCSTER": null }, "geometry": { "type": "Polygon", "coordinates": [ [ [ -93.41, 43.85 ], [ -93.43, 43.85 ], [ -93.47, 43.85 ], [ -93.59, 43.85 ], [ -93.62, 43.85 ], [ -93.65, 43.85 ], [ -93.76, 43.85 ], [ -93.77, 43.85 ], [ -93.77, 43.92 ], [ -93.77, 43.94 ], [ -93.77, 43.95 ], [ -93.77, 43.98 ], [ -93.77, 44.05 ], [ -93.77, 44.1 ], [ -93.77, 44.12 ], [ -93.77, 44.15 ], [ -93.77, 44.18 ], [ -93.77, 44.2 ], [ -93.75, 44.2 ], [ -93.69, 44.2 ], [ -93.66, 44.2 ], [ -93.62, 44.2 ], [ -93.6, 44.2 ], [ -93.56, 44.2 ], [ -93.53, 44.2 ], [ -93.49, 44.2 ], [ -93.41, 44.2 ], [ -93.41, 44.09 ], [ -93.41, 44.02 ], [ -93.41, 44.01 ], [ -93.41, 44.0 ], [ -93.41, 43.99 ], [ -93.41, 43.94 ], [ -93.41, 43.92 ], [ -93.41, 43.85 ] ] ] } },
{ "type": "Feature", "properties": { "WFO": "DVN", "ISSUED": "201804150848", "EXPIRED": "201804160000", "INIT_ISS": "201804150848", "INIT_EXP": "201804160000", "PHENOM": "WW", "GTYPE": "C", "SIG": "Y", "ETN": 27, "STATUS": "EXP", "NWS_UGC": "IAZ054", "AREA_KM2": 1680.2783203125, "UPDATED": "201804152346", "HV_NWSLI": null, "HV_SEV": null, "HV_CAUSE": null, "HV_REC": null, "EMERGENC": false, "POLY_BEG": null, "POLY_END": null, "WINDTAG": null, "HAILTAG": null, "TORNTAG": null, "DAMAGTAG": null, "PROD_ID": "201804150848-KDVN-WWUS43-WSWDVN", "FCSTER": "05/12" }, "geometry": { "type": "Polygon", "coordinates": [ [ [ -90.5, 42.38 ], [ -90.48, 42.38 ], [ -90.47, 42.38 ], [ -90.47, 42.37 ], [ -90.46, 42.37 ], [ -90.46, 42.36 ], [ -90.45, 42.36 ], [ -90.44, 42.36 ], [ -90.44, 42.35 ], [ -90.43, 42.34 ], [ -90.43, 42.33 ], [ -90.42, 42.33 ], [ -90.42, 42.32 ], [ -90.42, 42.31 ], [ -90.42, 42.3 ], [ -90.42, 42.29 ], [ -90.43, 42.29 ], [ -90.43, 42.28 ], [ -90.43, 42.27 ], [ -90.42, 42.27 ], [ -90.42, 42.26 ], [ -90.42, 42.25 ], [ -90.41, 42.25 ], [ -90.4, 42.24 ], [ -90.4, 42.23 ], [ -90.39, 42.23 ], [ -90.39, 42.22 ], [ -90.38, 42.22 ], [ -90.37, 42.21 ], [ -90.36, 42.21 ], [ -90.35, 42.2 ], [ -90.34, 42.2 ], [ -90.33, 42.2 ], [ -90.32, 42.19 ], [ -90.31, 42.19 ], [ -90.3, 42.19 ], [ -90.28, 42.18 ], [ -90.27, 42.17 ], [ -90.26, 42.17 ], [ -90.25, 42.17 ], [ -90.24, 42.17 ], [ -90.23, 42.17 ], [ -90.22, 42.16 ], [ -90.21, 42.15 ], [ -90.2, 42.14 ], [ -90.2, 42.13 ], [ -90.19, 42.13 ], [ -90.17, 42.12 ], [ -90.16, 42.12 ], [ -90.16, 42.11 ], [ -90.16, 42.1 ], [ -90.16, 42.09 ], [ -90.17, 42.08 ], [ -90.17, 42.07 ], [ -90.17, 42.06 ], [ -90.17, 42.05 ], [ -90.16, 42.05 ], [ -90.16, 42.04 ], [ -90.16, 42.03 ], [ -90.17, 42.03 ], [ -90.21, 42.03 ], [ -90.24, 42.03 ], [ -90.27, 42.03 ], [ -90.3, 42.03 ], [ -90.37, 42.03 ], [ -90.42, 42.03 ], [ -90.44, 42.03 ], [ -90.5, 42.03 ], [ -90.58, 42.03 ], [ -90.6, 42.03 ], [ -90.61, 42.03 ], [ -90.63, 42.03 ], [ -90.7, 42.03 ], [ -90.72, 42.03 ], [ -90.75, 42.03 ], [ -90.77, 42.03 ], [ -90.81, 42.03 ], [ -90.82, 42.03 ], [ -90.83, 42.03 ], [ -90.84, 42.03 ], [ -90.9, 42.03 ], [ -90.9, 42.08 ], [ -90.9, 42.12 ], [ -90.9, 42.14 ], [ -90.9, 42.19 ], [ -90.9, 42.3 ], [ -90.86, 42.29 ], [ -90.81, 42.3 ], [ -90.79, 42.29 ], [ -90.76, 42.3 ], [ -90.75, 42.29 ], [ -90.73, 42.3 ], [ -90.67, 42.29 ], [ -90.67, 42.34 ], [ -90.67, 42.36 ], [ -90.66, 42.38 ], [ -90.5, 42.38 ] ] ] } },
{ "type": "Feature", "properties": { "WFO": "DVN", "ISSUED": "201804150848", "EXPIRED": "201804160000", "INIT_ISS": "201804150848", "INIT_EXP": "201804160000", "PHENOM": "WW", "GTYPE": "C", "SIG": "Y", "ETN": 27, "STATUS": "EXP", "NWS_UGC": "IAZ051", "AREA_KM2": 1858.115966796875, "UPDATED": "201804152346", "HV_NWSLI": null, "HV_SEV": null, "HV_CAUSE": null, "HV_REC": null, "EMERGENC": false, "POLY_BEG": null, "POLY_END": null, "WINDTAG": null, "HAILTAG": null, "TORNTAG": null, "DAMAGTAG": null, "PROD_ID": "201804150848-KDVN-WWUS43-WSWDVN", "FCSTER": "05/12" }, "geometry": { "type": "Polygon", "coordinates": [ [ [ -91.83, 42.3 ], [ -91.83, 42.28 ], [ -91.83, 42.27 ], [ -91.83, 42.22 ], [ -91.83, 42.2 ], [ -91.83, 42.16 ], [ -91.83, 42.14 ], [ -91.83, 42.12 ], [ -91.83, 42.09 ], [ -91.83, 42.08 ], [ -91.83, 42.07 ], [ -91.84, 42.04 ], [ -91.83, 41.94 ], [ -91.83, 41.93 ], [ -91.83, 41.9 ], [ -91.83, 41.88 ], [ -91.83, 41.87 ], [ -91.83, 41.86 ], [ -91.85, 41.86 ], [ -91.87, 41.86 ], [ -91.9, 41.86 ], [ -91.93, 41.86 ], [ -91.96, 41.86 ], [ -91.97, 41.86 ], [ -91.99, 41.86 ], [ -92.0, 41.86 ], [ -92.01, 41.86 ], [ -92.05, 41.86 ], [ -92.07, 41.86 ], [ -92.14, 41.86 ], [ -92.23, 41.86 ], [ -92.25, 41.86 ], [ -92.3, 41.86 ], [ -92.3, 41.89 ], [ -92.3, 41.9 ], [ -92.3, 41.94 ], [ -92.3, 41.96 ], [ -92.3, 41.97 ], [ -92.3, 41.98 ], [ -92.3, 42.0 ], [ -92.3, 42.02 ], [ -92.3, 42.04 ], [ -92.3, 42.05 ], [ -92.3, 42.1 ], [ -92.3, 42.15 ], [ -92.3, 42.23 ], [ -92.3, 42.25 ], [ -92.3, 42.26 ], [ -92.3, 42.3 ], [ -92.15, 42.3 ], [ -92.08, 42.3 ], [ -92.06, 42.3 ], [ -92.0, 42.3 ], [ -91.98, 42.3 ], [ -91.95, 42.3 ], [ -91.83, 42.3 ] ] ] } },
{ "type": "Feature", "properties": { "WFO": "DVN", "ISSUED": "201804150848", "EXPIRED": "201804160000", "INIT_ISS": "201804150848", "INIT_EXP": "201804160000", "PHENOM": "WW", "GTYPE": "C", "SIG": "Y", "ETN": 27, "STATUS": "EXP", "NWS_UGC": "IAZ053", "AREA_KM2": 1491.2271728515625, "UPDATED": "201804152346", "HV_NWSLI": null, "HV_SEV": null, "HV_CAUSE": null, "HV_REC": null, "EMERGENC": false, "POLY_BEG": null, "POLY_END": null, "WINDTAG": null, "HAILTAG": null, "TORNTAG": null, "DAMAGTAG": null, "PROD_ID": "201804150848-KDVN-WWUS43-WSWDVN", "FCSTER": "05/12" }, "geometry": { "type": "Polygon", "coordinates": [ [ [ -91.32, 42.3 ], [ -91.31, 42.3 ], [ -91.3, 42.3 ], [ -91.27, 42.3 ], [ -91.26, 42.3 ], [ -91.25, 42.3 ], [ -91.21, 42.3 ], [ -91.13, 42.3 ], [ -91.12, 42.3 ], [ -91.05, 42.3 ], [ -91.01, 42.3 ], [ -91.0, 42.3 ], [ -90.98, 42.3 ], [ -90.96, 42.3 ], [ -90.94, 42.3 ], [ -90.9, 42.3 ], [ -90.9, 42.19 ], [ -90.9, 42.14 ], [ -90.9, 42.12 ], [ -90.9, 42.08 ], [ -90.9, 42.03 ], [ -90.9, 42.0 ], [ -90.9, 41.96 ], [ -90.9, 41.95 ], [ -90.91, 41.95 ], [ -90.95, 41.95 ], [ -91.13, 41.95 ], [ -91.2, 41.95 ], [ -91.23, 41.95 ], [ -91.25, 41.95 ], [ -91.37, 41.95 ], [ -91.37, 41.96 ], [ -91.37, 41.99 ], [ -91.36, 42.0 ], [ -91.36, 42.01 ], [ -91.36, 42.03 ], [ -91.36, 42.12 ], [ -91.36, 42.13 ], [ -91.36, 42.18 ], [ -91.36, 42.3 ], [ -91.32, 42.3 ] ] ] } },
{ "type": "Feature", "properties": { "WFO": "DVN", "ISSUED": "201804150848", "EXPIRED": "201804160000", "INIT_ISS": "201804150848", "INIT_EXP": "201804160000", "PHENOM": "WW", "GTYPE": "C", "SIG": "Y", "ETN": 27, "STATUS": "EXP", "NWS_UGC": "IAZ052", "AREA_KM2": 1873.4979248046875, "UPDATED": "201804152346", "HV_NWSLI": null, "HV_SEV": null, "HV_CAUSE": null, "HV_REC": null, "EMERGENC": false, "POLY_BEG": null, "POLY_END": null, "WINDTAG": null, "HAILTAG": null, "TORNTAG": null, "DAMAGTAG": null, "PROD_ID": "201804150848-KDVN-WWUS43-WSWDVN", "FCSTER": "05/12" }, "geometry": { "type": "Polygon", "coordinates": [ [ [ -91.78, 42.3 ], [ -91.77, 42.3 ], [ -91.71, 42.3 ], [ -91.68, 42.3 ], [ -91.6, 42.3 ], [ -91.48, 42.3 ], [ -91.46, 42.3 ], [ -91.4, 42.3 ], [ -91.38, 42.3 ], [ -91.36, 42.3 ], [ -91.36, 42.18 ], [ -91.36, 42.13 ], [ -91.36, 42.12 ], [ -91.36, 42.03 ], [ -91.36, 42.01 ], [ -91.36, 42.0 ], [ -91.37, 41.99 ], [ -91.37, 41.96 ], [ -91.37, 41.95 ], [ -91.37, 41.88 ], [ -91.37, 41.86 ], [ -91.49, 41.86 ], [ -91.5, 41.86 ], [ -91.53, 41.86 ], [ -91.6, 41.86 ], [ -91.7, 41.86 ], [ -91.74, 41.86 ], [ -91.83, 41.86 ], [ -91.83, 41.87 ], [ -91.83, 41.88 ], [ -91.83, 41.9 ], [ -91.83, 41.93 ], [ -91.83, 41.94 ], [ -91.84, 42.04 ], [ -91.83, 42.07 ], [ -91.83, 42.08 ], [ -91.83, 42.09 ], [ -91.83, 42.12 ], [ -91.83, 42.14 ], [ -91.83, 42.16 ], [ -91.83, 42.2 ], [ -91.83, 42.22 ], [ -91.83, 42.27 ], [ -91.83, 42.28 ], [ -91.83, 42.3 ], [ -91.78, 42.3 ] ] ] } },
{ "type": "Feature", "properties": { "WFO": "ARX", "ISSUED": "201804150913", "EXPIRED": "201804160000", "INIT_ISS": "201804150913", "INIT_EXP": "201804160000", "PHENOM": "WW", "GTYPE": "C", "SIG": "Y", "ETN": 18, "STATUS": "EXP", "NWS_UGC": "MNZ094", "AREA_KM2": 1839.818359375, "UPDATED": "201804152359", "HV_NWSLI": null, "HV_SEV": null, "HV_CAUSE": null, "HV_REC": null, "EMERGENC": false, "POLY_BEG": null, "POLY_END": null, "WINDTAG": null, "HAILTAG": null, "TORNTAG": null, "DAMAGTAG": null, "PROD_ID": "201804150913-KARX-WWUS43-WSWARX", "FCSTER": "RRS" }, "geometry": { "type": "Polygon", "coordinates": [ [ [ -92.69, 43.85 ], [ -92.69, 43.84 ], [ -92.69, 43.83 ], [ -92.63, 43.83 ], [ -92.59, 43.83 ], [ -92.55, 43.83 ], [ -92.53, 43.83 ], [ -92.5, 43.83 ], [ -92.49, 43.83 ], [ -92.47, 43.83 ], [ -92.46, 43.83 ], [ -92.45, 43.83 ], [ -92.45, 43.75 ], [ -92.45, 43.67 ], [ -92.45, 43.64 ], [ -92.45, 43.63 ], [ -92.45, 43.62 ], [ -92.45, 43.53 ], [ -92.45, 43.5 ], [ -92.5, 43.5 ], [ -92.51, 43.5 ], [ -92.55, 43.5 ], [ -92.56, 43.5 ], [ -92.61, 43.5 ], [ -92.63, 43.5 ], [ -92.64, 43.5 ], [ -92.77, 43.5 ], [ -92.78, 43.5 ], [ -92.79, 43.5 ], [ -92.81, 43.5 ], [ -92.99, 43.5 ], [ -93.0, 43.5 ], [ -93.02, 43.5 ], [ -93.05, 43.5 ], [ -93.05, 43.53 ], [ -93.05, 43.56 ], [ -93.05, 43.59 ], [ -93.05, 43.6 ], [ -93.05, 43.64 ], [ -93.05, 43.73 ], [ -93.05, 43.75 ], [ -93.05, 43.76 ], [ -93.05, 43.85 ], [ -92.93, 43.85 ], [ -92.87, 43.85 ], [ -92.79, 43.85 ], [ -92.76, 43.85 ], [ -92.73, 43.85 ], [ -92.7, 43.85 ], [ -92.69, 43.85 ] ] ] } },
{ "type": "Feature", "properties": { "WFO": "ARX", "ISSUED": "201804150913", "EXPIRED": "201804160000", "INIT_ISS": "201804150913", "INIT_EXP": "201804160000", "PHENOM": "WW", "GTYPE": "C", "SIG": "Y", "ETN": 17, "STATUS": "EXP", "NWS_UGC": "MNZ087", "AREA_KM2": 1691.7724609375, "UPDATED": "201804152359", "HV_NWSLI": null, "HV_SEV": null, "HV_CAUSE": null, "HV_REC": null, "EMERGENC": false, "POLY_BEG": null, "POLY_END": null, "WINDTAG": null, "HAILTAG": null, "TORNTAG": null, "DAMAGTAG": null, "PROD_ID": "201804150913-KARX-WWUS43-WSWARX", "FCSTER": "RRS" }, "geometry": { "type": "Polygon", "coordinates": [ [ [ -92.67, 44.2 ], [ -92.63, 44.2 ], [ -92.61, 44.2 ], [ -92.6, 44.2 ], [ -92.6, 44.19 ], [ -92.59, 44.2 ], [ -92.58, 44.19 ], [ -92.55, 44.19 ], [ -92.54, 44.19 ], [ -92.52, 44.19 ], [ -92.51, 44.19 ], [ -92.5, 44.19 ], [ -92.49, 44.19 ], [ -92.46, 44.19 ], [ -92.44, 44.19 ], [ -92.42, 44.19 ], [ -92.38, 44.19 ], [ -92.35, 44.19 ], [ -92.34, 44.19 ], [ -92.32, 44.19 ], [ -92.32, 44.11 ], [ -92.27, 44.11 ], [ -92.13, 44.11 ], [ -92.08, 44.11 ], [ -92.08, 44.05 ], [ -92.08, 44.03 ], [ -92.08, 44.02 ], [ -92.08, 44.01 ], [ -92.08, 43.98 ], [ -92.08, 43.95 ], [ -92.08, 43.93 ], [ -92.08, 43.89 ], [ -92.08, 43.85 ], [ -92.09, 43.85 ], [ -92.22, 43.85 ], [ -92.24, 43.85 ], [ -92.32, 43.85 ], [ -92.35, 43.85 ], [ -92.39, 43.85 ], [ -92.45, 43.85 ], [ -92.45, 43.83 ], [ -92.46, 43.83 ], [ -92.47, 43.83 ], [ -92.49, 43.83 ], [ -92.5, 43.83 ], [ -92.53, 43.83 ], [ -92.55, 43.83 ], [ -92.59, 43.83 ], [ -92.63, 43.83 ], [ -92.69, 43.83 ], [ -92.69, 43.84 ], [ -92.69, 43.85 ], [ -92.68, 43.85 ], [ -92.68, 43.86 ], [ -92.68, 43.92 ], [ -92.68, 43.94 ], [ -92.68, 43.95 ], [ -92.68, 43.97 ], [ -92.68, 43.99 ], [ -92.68, 44.01 ], [ -92.68, 44.08 ], [ -92.68, 44.11 ], [ -92.68, 44.12 ], [ -92.68, 44.17 ], [ -92.68, 44.2 ], [ -92.67, 44.2 ] ] ] } },
{ "type": "Feature", "properties": { "WFO": "ARX", "ISSUED": "201804150913", "EXPIRED": "201804160000", "INIT_ISS": "201804150913", "INIT_EXP": "201804160000", "PHENOM": "WW", "GTYPE": "C", "SIG": "Y", "ETN": 18, "STATUS": "EXP", "NWS_UGC": "IAZ008", "AREA_KM2": 1213.5260009765625, "UPDATED": "201804152359", "HV_NWSLI": null, "HV_SEV": null, "HV_CAUSE": null, "HV_REC": null, "EMERGENC": false, "POLY_BEG": null, "POLY_END": null, "WINDTAG": null, "HAILTAG": null, "TORNTAG": null, "DAMAGTAG": null, "PROD_ID": "201804150913-KARX-WWUS43-WSWARX", "FCSTER": "RRS" }, "geometry": { "type": "Polygon", "coordinates": [ [ [ -92.55, 43.5 ], [ -92.55, 43.47 ], [ -92.55, 43.44 ], [ -92.55, 43.41 ], [ -92.55, 43.39 ], [ -92.55, 43.38 ], [ -92.55, 43.36 ], [ -92.55, 43.34 ], [ -92.55, 43.31 ], [ -92.55, 43.3 ], [ -92.55, 43.24 ], [ -92.55, 43.21 ], [ -92.57, 43.21 ], [ -92.63, 43.21 ], [ -92.64, 43.21 ], [ -92.69, 43.21 ], [ -92.72, 43.21 ], [ -92.79, 43.21 ], [ -92.85, 43.21 ], [ -92.87, 43.21 ], [ -92.92, 43.21 ], [ -92.96, 43.21 ], [ -93.01, 43.21 ], [ -93.02, 43.21 ], [ -93.02, 43.24 ], [ -93.02, 43.26 ], [ -93.02, 43.28 ], [ -93.02, 43.31 ], [ -93.02, 43.36 ], [ -93.02, 43.39 ], [ -93.02, 43.45 ], [ -93.02, 43.49 ], [ -93.02, 43.5 ], [ -93.0, 43.5 ], [ -92.99, 43.5 ], [ -92.81, 43.5 ], [ -92.79, 43.5 ], [ -92.78, 43.5 ], [ -92.77, 43.5 ], [ -92.64, 43.5 ], [ -92.63, 43.5 ], [ -92.61, 43.5 ], [ -92.56, 43.5 ], [ -92.55, 43.5 ] ] ] } },
{ "type": "Feature", "properties": { "WFO": "ARX", "ISSUED": "201804150913", "EXPIRED": "201804160000", "INIT_ISS": "201804150913", "INIT_EXP": "201804160000", "PHENOM": "WW", "GTYPE": "C", "SIG": "Y", "ETN": 18, "STATUS": "EXP", "NWS_UGC": "IAZ009", "AREA_KM2": 1224.7872314453125, "UPDATED": "201804152359", "HV_NWSLI": null, "HV_SEV": null, "HV_CAUSE": null, "HV_REC": null, "EMERGENC": false, "POLY_BEG": null, "POLY_END": null, "WINDTAG": null, "HAILTAG": null, "TORNTAG": null, "DAMAGTAG": null, "PROD_ID": "201804150913-KARX-WWUS43-WSWARX", "FCSTER": "RRS" }, "geometry": { "type": "Polygon", "coordinates": [ [ [ -92.45, 43.5 ], [ -92.38, 43.5 ], [ -92.37, 43.5 ], [ -92.29, 43.5 ], [ -92.22, 43.5 ], [ -92.2, 43.5 ], [ -92.17, 43.5 ], [ -92.14, 43.5 ], [ -92.13, 43.5 ], [ -92.12, 43.5 ], [ -92.08, 43.5 ], [ -92.08, 43.46 ], [ -92.08, 43.44 ], [ -92.08, 43.42 ], [ -92.08, 43.39 ], [ -92.08, 43.36 ], [ -92.08, 43.24 ], [ -92.08, 43.21 ], [ -92.09, 43.21 ], [ -92.12, 43.21 ], [ -92.18, 43.21 ], [ -92.24, 43.21 ], [ -92.26, 43.21 ], [ -92.28, 43.21 ], [ -92.3, 43.21 ], [ -92.32, 43.21 ], [ -92.36, 43.21 ], [ -92.37, 43.21 ], [ -92.41, 43.21 ], [ -92.43, 43.21 ], [ -92.46, 43.21 ], [ -92.48, 43.21 ], [ -92.51, 43.21 ], [ -92.53, 43.21 ], [ -92.55, 43.21 ], [ -92.55, 43.24 ], [ -92.55, 43.3 ], [ -92.55, 43.31 ], [ -92.55, 43.34 ], [ -92.55, 43.36 ], [ -92.55, 43.38 ], [ -92.55, 43.39 ], [ -92.55, 43.41 ], [ -92.55, 43.44 ], [ -92.55, 43.47 ], [ -92.55, 43.5 ], [ -92.51, 43.5 ], [ -92.5, 43.5 ], [ -92.45, 43.5 ] ] ] } },
{ "type": "Feature", "properties": { "WFO": "ARX", "ISSUED": "201804150913", "EXPIRED": "201804160000", "INIT_ISS": "201804150913", "INIT_EXP": "201804160000", "PHENOM": "WW", "GTYPE": "C", "SIG": "Y", "ETN": 17, "STATUS": "EXP", "NWS_UGC": "MNZ086", "AREA_KM2": 1136.32470703125, "UPDATED": "201804152359", "HV_NWSLI": null, "HV_SEV": null, "HV_CAUSE": null, "HV_REC": null, "EMERGENC": false, "POLY_BEG": null, "POLY_END": null, "WINDTAG": null, "HAILTAG": null, "TORNTAG": null, "DAMAGTAG": null, "PROD_ID": "201804150913-KARX-WWUS43-WSWARX", "FCSTER": "RRS" }, "geometry": { "type": "Polygon", "coordinates": [ [ [ -92.87, 44.2 ], [ -92.81, 44.2 ], [ -92.76, 44.2 ], [ -92.74, 44.2 ], [ -92.68, 44.2 ], [ -92.68, 44.17 ], [ -92.68, 44.12 ], [ -92.68, 44.11 ], [ -92.68, 44.08 ], [ -92.68, 44.01 ], [ -92.68, 43.99 ], [ -92.68, 43.97 ], [ -92.68, 43.95 ], [ -92.68, 43.94 ], [ -92.68, 43.92 ], [ -92.68, 43.86 ], [ -92.68, 43.85 ], [ -92.69, 43.85 ], [ -92.7, 43.85 ], [ -92.73, 43.85 ], [ -92.76, 43.85 ], [ -92.79, 43.85 ], [ -92.87, 43.85 ], [ -92.93, 43.85 ], [ -93.05, 43.85 ], [ -93.05, 43.86 ], [ -93.05, 43.87 ], [ -93.05, 43.94 ], [ -93.05, 44.0 ], [ -93.05, 44.02 ], [ -93.05, 44.04 ], [ -93.05, 44.08 ], [ -93.05, 44.12 ], [ -93.05, 44.16 ], [ -93.05, 44.2 ], [ -93.04, 44.2 ], [ -92.98, 44.2 ], [ -92.97, 44.2 ], [ -92.94, 44.2 ], [ -92.87, 44.2 ] ] ] } },
{ "type": "Feature", "properties": { "WFO": "ARX", "ISSUED": "201804150913", "EXPIRED": "201804160000", "INIT_ISS": "201804150913", "INIT_EXP": "201804160000", "PHENOM": "WW", "GTYPE": "C", "SIG": "Y", "ETN": 18, "STATUS": "EXP", "NWS_UGC": "MNZ095", "AREA_KM2": 2228.6328125, "UPDATED": "201804152359", "HV_NWSLI": null, "HV_SEV": null, "HV_CAUSE": null, "HV_REC": null, "EMERGENC": false, "POLY_BEG": null, "POLY_END": null, "WINDTAG": null, "HAILTAG": null, "TORNTAG": null, "DAMAGTAG": null, "PROD_ID": "201804150913-KARX-WWUS43-WSWARX", "FCSTER": "RRS" }, "geometry": { "type": "Polygon", "coordinates": [ [ [ -92.39, 43.85 ], [ -92.35, 43.85 ], [ -92.32, 43.85 ], [ -92.24, 43.85 ], [ -92.22, 43.85 ], [ -92.09, 43.85 ], [ -92.08, 43.85 ], [ -92.07, 43.85 ], [ -91.96, 43.85 ], [ -91.92, 43.85 ], [ -91.91, 43.85 ], [ -91.88, 43.85 ], [ -91.87, 43.85 ], [ -91.83, 43.85 ], [ -91.8, 43.85 ], [ -91.79, 43.85 ], [ -91.75, 43.85 ], [ -91.74, 43.85 ], [ -91.73, 43.85 ], [ -91.73, 43.84 ], [ -91.73, 43.79 ], [ -91.73, 43.74 ], [ -91.73, 43.68 ], [ -91.73, 43.64 ], [ -91.73, 43.62 ], [ -91.73, 43.6 ], [ -91.73, 43.58 ], [ -91.73, 43.52 ], [ -91.73, 43.51 ], [ -91.73, 43.5 ], [ -91.74, 43.5 ], [ -91.78, 43.5 ], [ -91.81, 43.5 ], [ -91.83, 43.5 ], [ -91.99, 43.5 ], [ -92.06, 43.5 ], [ -92.08, 43.5 ], [ -92.12, 43.5 ], [ -92.13, 43.5 ], [ -92.14, 43.5 ], [ -92.17, 43.5 ], [ -92.2, 43.5 ], [ -92.22, 43.5 ], [ -92.29, 43.5 ], [ -92.37, 43.5 ], [ -92.38, 43.5 ], [ -92.45, 43.5 ], [ -92.45, 43.53 ], [ -92.45, 43.62 ], [ -92.45, 43.63 ], [ -92.45, 43.64 ], [ -92.45, 43.67 ], [ -92.45, 43.75 ], [ -92.45, 43.83 ], [ -92.45, 43.85 ], [ -92.39, 43.85 ] ] ] } },
{ "type": "Feature", "properties": { "WFO": "ARX", "ISSUED": "201804150913", "EXPIRED": "201804160000", "INIT_ISS": "201804150913", "INIT_EXP": "201804160000", "PHENOM": "WW", "GTYPE": "C", "SIG": "Y", "ETN": 17, "STATUS": "EXP", "NWS_UGC": "IAZ018", "AREA_KM2": 1295.991943359375, "UPDATED": "201804152359", "HV_NWSLI": null, "HV_SEV": null, "HV_CAUSE": null, "HV_REC": null, "EMERGENC": false, "POLY_BEG": null, "POLY_END": null, "WINDTAG": null, "HAILTAG": null, "TORNTAG": null, "DAMAGTAG": null, "PROD_ID": "201804150913-KARX-WWUS43-WSWARX", "FCSTER": "RRS" }, "geometry": { "type": "Polygon", "coordinates": [ [ [ -92.72, 43.21 ], [ -92.69, 43.21 ], [ -92.64, 43.21 ], [ -92.63, 43.21 ], [ -92.57, 43.21 ], [ -92.55, 43.21 ], [ -92.55, 43.18 ], [ -92.55, 43.17 ], [ -92.55, 43.12 ], [ -92.55, 43.01 ], [ -92.55, 43.0 ], [ -92.55, 42.97 ], [ -92.55, 42.96 ], [ -92.55, 42.92 ], [ -92.55, 42.91 ], [ -92.61, 42.91 ], [ -92.62, 42.91 ], [ -92.63, 42.91 ], [ -92.65, 42.91 ], [ -92.72, 42.91 ], [ -92.77, 42.91 ], [ -92.82, 42.91 ], [ -92.83, 42.91 ], [ -92.89, 42.91 ], [ -92.99, 42.91 ], [ -93.0, 42.91 ], [ -93.02, 42.91 ], [ -93.02, 42.98 ], [ -93.02, 42.99 ], [ -93.02, 43.02 ], [ -93.02, 43.03 ], [ -93.02, 43.04 ], [ -93.02, 43.07 ], [ -93.02, 43.08 ], [ -93.02, 43.09 ], [ -93.02, 43.1 ], [ -93.02, 43.11 ], [ -93.02, 43.13 ], [ -93.02, 43.14 ], [ -93.02, 43.16 ], [ -93.02, 43.21 ], [ -93.01, 43.21 ], [ -92.96, 43.21 ], [ -92.92, 43.21 ], [ -92.87, 43.21 ], [ -92.85, 43.21 ], [ -92.79, 43.21 ], [ -92.72, 43.21 ] ] ] } },
{ "type": "Feature", "properties": { "WFO": "DLH", "ISSUED": "201804151200", "EXPIRED": "201804160022", "INIT_ISS": "201804141918", "INIT_EXP": "201804161200", "PHENOM": "WW", "GTYPE": "C", "SIG": "Y", "ETN": 18, "STATUS": "UPG", "NWS_UGC": "MNZ021", "AREA_KM2": 2013.86669921875, "UPDATED": "201804160022", "HV_NWSLI": null, "HV_SEV": null, "HV_CAUSE": null, "HV_REC": null, "EMERGENC": false, "POLY_BEG": null, "POLY_END": null, "WINDTAG": null, "HAILTAG": null, "TORNTAG": null, "DAMAGTAG": null, "PROD_ID": "201804141918-KDLH-WWUS43-WSWDLH", "FCSTER": null }, "geometry": { "type": "MultiPolygon", "coordinates": [ [ [ [ -91.02, 47.47 ], [ -91.02, 47.5 ], [ -91.02, 47.52 ], [ -91.02, 47.59 ], [ -91.02, 47.6 ], [ -91.02, 47.62 ], [ -91.02, 47.66 ], [ -91.02, 47.67 ], [ -91.02, 47.69 ], [ -91.02, 47.7 ], [ -90.94, 47.75 ], [ -90.64, 47.86 ], [ -90.38, 47.92 ], [ -90.08, 47.98 ], [ -90.01, 48.0 ], [ -89.99, 48.01 ], [ -89.96, 48.01 ], [ -89.95, 48.01 ], [ -89.95, 48.02 ], [ -89.94, 48.01 ], [ -89.94, 48.02 ], [ -89.93, 48.02 ], [ -89.93, 48.01 ], [ -89.93, 48.0 ], [ -89.92, 48.0 ], [ -89.92, 47.99 ], [ -89.91, 47.99 ], [ -89.9, 47.99 ], [ -89.89, 47.99 ], [ -89.88, 47.99 ], [ -89.87, 47.99 ], [ -89.86, 47.99 ], [ -89.85, 47.99 ], [ -89.84, 48.0 ], [ -89.83, 48.0 ], [ -89.83, 48.01 ], [ -89.82, 48.01 ], [ -89.82, 48.02 ], [ -89.81, 48.02 ], [ -89.81, 48.01 ], [ -89.8, 48.01 ], [ -89.8, 48.02 ], [ -89.79, 48.02 ], [ -89.78, 48.02 ], [ -89.77, 48.02 ], [ -89.76, 48.02 ], [ -89.75, 48.02 ], [ -89.74, 48.02 ], [ -89.73, 48.02 ], [ -89.72, 48.02 ], [ -89.72, 48.01 ], [ -89.71, 48.01 ], [ -89.7, 48.01 ], [ -89.69, 48.01 ], [ -89.68, 48.01 ], [ -89.67, 48.01 ], [ -89.66, 48.01 ], [ -89.65, 48.01 ], [ -89.64, 48.01 ], [ -89.63, 48.01 ], [ -89.62, 48.01 ], [ -89.61, 48.01 ], [ -89.6, 48.01 ], [ -89.6, 48.0 ], [ -89.59, 48.0 ], [ -89.58, 48.0 ], [ -89.57, 48.0 ], [ -89.56, 48.0 ], [ -89.49, 48.01 ], [ -89.48, 48.01 ], [ -89.49, 48.0 ], [ -89.5, 48.0 ], [ -89.51, 48.0 ], [ -89.52, 48.0 ], [ -89.53, 48.0 ], [ -89.54, 48.0 ], [ -89.54, 47.99 ], [ -89.55, 47.99 ], [ -89.56, 47.99 ], [ -89.57, 47.99 ], [ -89.57, 47.98 ], [ -89.58, 47.97 ], [ -89.58, 47.98 ], [ -89.59, 47.98 ], [ -89.6, 47.98 ], [ -89.61, 47.98 ], [ -89.62, 47.98 ], [ -89.62, 47.99 ], [ -89.63, 47.99 ], [ -89.64, 47.99 ], [ -89.64, 47.98 ], [ -89.65, 47.98 ], [ -89.65, 47.97 ], [ -89.66, 47.97 ], [ -89.67, 47.97 ], [ -89.68, 47.96 ], [ -89.69, 47.96 ], [ -89.69, 47.95 ], [ -89.68, 47.95 ], [ -89.68, 47.94 ], [ -89.69, 47.94 ], [ -89.7, 47.94 ], [ -89.71, 47.94 ], [ -89.71, 47.93 ], [ -89.72, 47.93 ], [ -89.73, 47.93 ], [ -89.73, 47.92 ], [ -89.74, 47.92 ], [ -89.74, 47.91 ], [ -89.75, 47.91 ], [ -89.76, 47.91 ], [ -89.76, 47.9 ], [ -89.77, 47.9 ], [ -89.78, 47.9 ], [ -89.79, 47.9 ], [ -89.79, 47.89 ], [ -89.8, 47.89 ], [ -89.81, 47.89 ], [ -89.82, 47.89 ], [ -89.82, 47.88 ], [ -89.83, 47.88 ], [ -89.84, 47.88 ], [ -89.85, 47.88 ], [ -89.85, 47.87 ], [ -89.86, 47.87 ], [ -89.87, 47.87 ], [ -89.88, 47.87 ], [ -89.89, 47.87 ], [ -89.9, 47.87 ], [ -89.91, 47.86 ], [ -89.92, 47.86 ], [ -89.93, 47.86 ], [ -89.93, 47.85 ], [ -89.94, 47.85 ], [ -89.94, 47.84 ], [ -89.95, 47.84 ], [ -89.96, 47.84 ], [ -89.97, 47.84 ], [ -89.97, 47.83 ], [ -89.98, 47.83 ], [ -89.99, 47.83 ], [ -90.0, 47.83 ], [ -90.0, 47.82 ], [ -90.01, 47.82 ], [ -90.02, 47.82 ], [ -90.03, 47.82 ], [ -90.04, 47.82 ], [ -90.05, 47.82 ], [ -90.05, 47.81 ], [ -90.06, 47.81 ], [ -90.07, 47.81 ], [ -90.08, 47.81 ], [ -90.08, 47.8 ], [ -90.09, 47.8 ], [ -90.1, 47.8 ], [ -90.11, 47.8 ], [ -90.12, 47.8 ], [ -90.13, 47.8 ], [ -90.14, 47.79 ], [ -90.15, 47.79 ], [ -90.16, 47.79 ], [ -90.17, 47.79 ], [ -90.18, 47.79 ], [ -90.18, 47.78 ], [ -90.19, 47.78 ], [ -90.2, 47.78 ], [ -90.21, 47.78 ], [ -90.22, 47.78 ], [ -90.23, 47.78 ], [ -90.24, 47.77 ], [ -90.25, 47.77 ], [ -90.26, 47.77 ], [ -90.27, 47.77 ], [ -90.28, 47.76 ], [ -90.29, 47.76 ], [ -90.3, 47.76 ], [ -90.31, 47.76 ], [ -90.32, 47.76 ], [ -90.32, 47.75 ], [ -90.33, 47.75 ], [ -90.34, 47.74 ], [ -90.35, 47.75 ], [ -90.35, 47.74 ], [ -90.36, 47.74 ], [ -90.37, 47.74 ], [ -90.38, 47.74 ], [ -90.39, 47.74 ], [ -90.4, 47.74 ], [ -90.41, 47.74 ], [ -90.42, 47.74 ], [ -90.42, 47.73 ], [ -90.43, 47.73 ], [ -90.44, 47.73 ], [ -90.44, 47.72 ], [ -90.45, 47.72 ], [ -90.46, 47.72 ], [ -90.47, 47.72 ], [ -90.48, 47.72 ], [ -90.49, 47.72 ], [ -90.49, 47.71 ], [ -90.5, 47.71 ], [ -90.51, 47.71 ], [ -90.52, 47.71 ], [ -90.53, 47.71 ], [ -90.53, 47.7 ], [ -90.54, 47.7 ], [ -90.55, 47.69 ], [ -90.56, 47.69 ], [ -90.57, 47.69 ], [ -90.57, 47.68 ], [ -90.58, 47.68 ], [ -90.59, 47.68 ], [ -90.6, 47.67 ], [ -90.61, 47.67 ], [ -90.62, 47.67 ], [ -90.63, 47.67 ], [ -90.63, 47.66 ], [ -90.64, 47.66 ], [ -90.65, 47.66 ], [ -90.65, 47.65 ], [ -90.66, 47.65 ], [ -90.67, 47.65 ], [ -90.68, 47.65 ], [ -90.68, 47.64 ], [ -90.69, 47.64 ], [ -90.7, 47.64 ], [ -90.71, 47.64 ], [ -90.71, 47.63 ], [ -90.72, 47.63 ], [ -90.73, 47.63 ], [ -90.74, 47.62 ], [ -90.75, 47.62 ], [ -90.76, 47.61 ], [ -90.77, 47.61 ], [ -90.78, 47.61 ], [ -90.78, 47.6 ], [ -90.79, 47.6 ], [ -90.8, 47.59 ], [ -90.81, 47.59 ], [ -90.82, 47.58 ], [ -90.83, 47.58 ], [ -90.83, 47.57 ], [ -90.84, 47.57 ], [ -90.85, 47.57 ], [ -90.85, 47.56 ], [ -90.86, 47.56 ], [ -90.87, 47.56 ], [ -90.87, 47.55 ], [ -90.88, 47.55 ], [ -90.89, 47.55 ], [ -90.89, 47.54 ], [ -90.9, 47.54 ], [ -90.9, 47.53 ], [ -90.91, 47.53 ], [ -90.92, 47.52 ], [ -90.93, 47.52 ], [ -90.94, 47.52 ], [ -90.94, 47.51 ], [ -90.95, 47.51 ], [ -90.96, 47.51 ], [ -90.96, 47.5 ], [ -90.97, 47.5 ], [ -90.97, 47.49 ], [ -90.98, 47.49 ], [ -90.99, 47.49 ], [ -90.99, 47.48 ], [ -91.0, 47.48 ], [ -91.01, 47.47 ], [ -91.02, 47.47 ] ], [ [ -89.62, 47.99 ], [ -89.61, 47.99 ], [ -89.61, 48.0 ], [ -89.62, 48.0 ], [ -89.62, 47.99 ] ] ], [ [ [ -89.58, 47.97 ], [ -89.57, 47.97 ], [ -89.57, 47.96 ], [ -89.58, 47.96 ], [ -89.58, 47.97 ] ] ], [ [ [ -89.65, 47.97 ], [ -89.64, 47.97 ], [ -89.64, 47.96 ], [ -89.65, 47.96 ], [ -89.65, 47.97 ] ] ] ] } },
{ "type": "Feature", "properties": { "WFO": "DLH", "ISSUED": "201804151200", "EXPIRED": "201804161200", "INIT_ISS": "201804141918", "INIT_EXP": "201804161200", "PHENOM": "WW", "GTYPE": "C", "SIG": "Y", "ETN": 18, "STATUS": "EXP", "NWS_UGC": "MNZ019", "AREA_KM2": 8758.10546875, "UPDATED": "201804161203", "HV_NWSLI": null, "HV_SEV": null, "HV_CAUSE": null, "HV_REC": null, "EMERGENC": false, "POLY_BEG": null, "POLY_END": null, "WINDTAG": null, "HAILTAG": null, "TORNTAG": null, "DAMAGTAG": null, "PROD_ID": "201804141918-KDLH-WWUS43-WSWDLH", "FCSTER": null }, "geometry": { "type": "Polygon", "coordinates": [ [ [ -91.8, 47.72 ], [ -91.8, 47.7 ], [ -91.8, 47.69 ], [ -91.8, 47.68 ], [ -91.8, 47.67 ], [ -91.79, 47.66 ], [ -91.79, 47.64 ], [ -91.79, 47.62 ], [ -91.79, 47.59 ], [ -91.79, 47.58 ], [ -91.79, 47.56 ], [ -91.79, 47.55 ], [ -91.79, 47.53 ], [ -91.79, 47.5 ], [ -91.79, 47.37 ], [ -91.79, 47.26 ], [ -91.79, 47.23 ], [ -91.79, 47.16 ], [ -91.79, 47.15 ], [ -91.8, 47.15 ], [ -91.87, 47.1 ], [ -91.99, 47.0 ], [ -92.07, 47.02 ], [ -92.24, 47.03 ], [ -92.69, 47.03 ], [ -93.06, 47.03 ], [ -93.06, 47.06 ], [ -93.06, 47.11 ], [ -93.07, 47.11 ], [ -93.07, 47.18 ], [ -93.07, 47.23 ], [ -93.07, 47.25 ], [ -93.07, 47.26 ], [ -93.07, 47.27 ], [ -93.07, 47.28 ], [ -93.07, 47.29 ], [ -93.07, 47.31 ], [ -93.06, 47.33 ], [ -93.06, 47.36 ], [ -93.06, 47.37 ], [ -93.07, 47.37 ], [ -93.07, 47.38 ], [ -93.07, 47.39 ], [ -93.07, 47.41 ], [ -93.07, 47.43 ], [ -93.07, 47.44 ], [ -93.07, 47.45 ], [ -93.07, 47.46 ], [ -93.07, 47.47 ], [ -93.07, 47.5 ], [ -93.06, 47.52 ], [ -93.06, 47.53 ], [ -93.06, 47.54 ], [ -93.06, 47.57 ], [ -93.06, 47.58 ], [ -93.06, 47.59 ], [ -93.06, 47.6 ], [ -93.06, 47.62 ], [ -93.06, 47.65 ], [ -93.06, 47.67 ], [ -93.06, 47.7 ], [ -93.06, 47.72 ], [ -93.08, 47.72 ], [ -93.08, 47.73 ], [ -93.08, 47.75 ], [ -93.08, 47.77 ], [ -93.08, 47.79 ], [ -93.08, 47.81 ], [ -93.08, 47.82 ], [ -93.08, 47.85 ], [ -93.08, 47.86 ], [ -91.8, 47.86 ], [ -91.8, 47.85 ], [ -91.8, 47.83 ], [ -91.8, 47.81 ], [ -91.8, 47.78 ], [ -91.8, 47.76 ], [ -91.8, 47.74 ], [ -91.8, 47.73 ], [ -91.8, 47.72 ] ] ] } },
{ "type": "Feature", "properties": { "WFO": "DLH", "ISSUED": "201804151200", "EXPIRED": "201804160022", "INIT_ISS": "201804141918", "INIT_EXP": "201804161200", "PHENOM": "WW", "GTYPE": "C", "SIG": "Y", "ETN": 18, "STATUS": "UPG", "NWS_UGC": "MNZ012", "AREA_KM2": 6572.75732421875, "UPDATED": "201804160022", "HV_NWSLI": null, "HV_SEV": null, "HV_CAUSE": null, "HV_REC": null, "EMERGENC": false, "POLY_BEG": null, "POLY_END": null, "WINDTAG": null, "HAILTAG": null, "TORNTAG": null, "DAMAGTAG": null, "PROD_ID": "201804141918-KDLH-WWUS43-WSWDLH", "FCSTER": null }, "geometry": { "type": "Polygon", "coordinates": [ [ [ -91.7, 48.12 ], [ -91.69, 48.12 ], [ -91.68, 48.12 ], [ -91.69, 48.11 ], [ -91.68, 48.11 ], [ -91.67, 48.11 ], [ -91.66, 48.11 ], [ -91.65, 48.11 ], [ -91.65, 48.1 ], [ -91.64, 48.1 ], [ -91.62, 48.1 ], [ -91.59, 48.1 ], [ -91.58, 48.11 ], [ -91.56, 48.11 ], [ -91.55, 48.1 ], [ -91.57, 48.09 ], [ -91.57, 48.07 ], [ -91.58, 48.07 ], [ -91.57, 48.06 ], [ -91.58, 48.05 ], [ -91.57, 48.04 ], [ -91.54, 48.05 ], [ -91.49, 48.07 ], [ -91.47, 48.07 ], [ -91.46, 48.07 ], [ -91.45, 48.07 ], [ -91.45, 48.06 ], [ -91.44, 48.05 ], [ -91.43, 48.05 ], [ -91.42, 48.05 ], [ -91.41, 48.05 ], [ -91.39, 48.06 ], [ -91.38, 48.07 ], [ -91.37, 48.07 ], [ -91.36, 48.07 ], [ -91.35, 48.07 ], [ -91.34, 48.07 ], [ -91.33, 48.07 ], [ -91.32, 48.07 ], [ -91.31, 48.07 ], [ -91.29, 48.07 ], [ -91.28, 48.08 ], [ -91.27, 48.08 ], [ -91.25, 48.08 ], [ -91.23, 48.1 ], [ -91.22, 48.1 ], [ -91.21, 48.1 ], [ -91.21, 48.11 ], [ -91.19, 48.12 ], [ -91.18, 48.12 ], [ -91.18, 48.13 ], [ -91.16, 48.14 ], [ -91.14, 48.15 ], [ -91.14, 48.16 ], [ -91.12, 48.16 ], [ -91.11, 48.17 ], [ -91.1, 48.17 ], [ -91.09, 48.17 ], [ -91.09, 48.18 ], [ -91.08, 48.18 ], [ -91.07, 48.18 ], [ -91.06, 48.19 ], [ -91.05, 48.19 ], [ -91.04, 48.19 ], [ -91.03, 48.19 ], [ -91.02, 48.19 ], [ -91.02, 48.2 ], [ -91.01, 48.2 ], [ -91.0, 48.2 ], [ -91.0, 48.21 ], [ -90.98, 48.22 ], [ -90.93, 48.23 ], [ -90.92, 48.23 ], [ -90.91, 48.23 ], [ -90.91, 48.24 ], [ -90.89, 48.25 ], [ -90.88, 48.24 ], [ -90.87, 48.24 ], [ -90.85, 48.24 ], [ -90.84, 48.24 ], [ -90.84, 48.23 ], [ -90.84, 48.22 ], [ -90.84, 48.21 ], [ -90.83, 48.2 ], [ -90.83, 48.19 ], [ -90.84, 48.18 ], [ -90.83, 48.17 ], [ -90.83, 48.18 ], [ -90.82, 48.18 ], [ -90.81, 48.18 ], [ -90.8, 48.18 ], [ -90.8, 48.17 ], [ -90.8, 48.16 ], [ -90.79, 48.16 ], [ -90.78, 48.16 ], [ -90.78, 48.15 ], [ -90.79, 48.14 ], [ -90.78, 48.14 ], [ -90.78, 48.13 ], [ -90.78, 48.12 ], [ -90.77, 48.12 ], [ -90.77, 48.11 ], [ -90.76, 48.1 ], [ -90.75, 48.09 ], [ -90.74, 48.09 ], [ -90.7, 48.1 ], [ -90.69, 48.1 ], [ -90.64, 48.1 ], [ -90.63, 48.11 ], [ -90.62, 48.11 ], [ -90.61, 48.11 ], [ -90.61, 48.12 ], [ -90.59, 48.12 ], [ -90.58, 48.12 ], [ -90.57, 48.12 ], [ -90.56, 48.12 ], [ -90.57, 48.11 ], [ -90.57, 48.1 ], [ -90.56, 48.1 ], [ -90.52, 48.1 ], [ -90.51, 48.1 ], [ -90.5, 48.1 ], [ -90.49, 48.1 ], [ -90.48, 48.1 ], [ -90.48, 48.11 ], [ -90.47, 48.11 ], [ -90.46, 48.11 ], [ -90.45, 48.11 ], [ -90.45, 48.1 ], [ -90.44, 48.1 ], [ -90.41, 48.11 ], [ -90.4, 48.11 ], [ -90.4, 48.1 ], [ -90.39, 48.1 ], [ -90.38, 48.09 ], [ -90.37, 48.09 ], [ -90.36, 48.09 ], [ -90.35, 48.1 ], [ -90.35, 48.09 ], [ -90.34, 48.09 ], [ -90.34, 48.1 ], [ -90.33, 48.1 ], [ -90.32, 48.1 ], [ -90.31, 48.11 ], [ -90.3, 48.1 ], [ -90.29, 48.1 ], [ -90.27, 48.1 ], [ -90.26, 48.1 ], [ -90.25, 48.1 ], [ -90.23, 48.11 ], [ -90.22, 48.11 ], [ -90.21, 48.11 ], [ -90.2, 48.11 ], [ -90.19, 48.11 ], [ -90.18, 48.11 ], [ -90.16, 48.11 ], [ -90.15, 48.11 ], [ -90.14, 48.11 ], [ -90.13, 48.11 ], [ -90.12, 48.11 ], [ -90.12, 48.1 ], [ -90.09, 48.1 ], [ -90.07, 48.1 ], [ -90.06, 48.1 ], [ -90.05, 48.09 ], [ -90.04, 48.09 ], [ -90.03, 48.09 ], [ -90.02, 48.08 ], [ -90.02, 48.07 ], [ -90.01, 48.07 ], [ -90.0, 48.07 ], [ -90.0, 48.06 ], [ -89.99, 48.05 ], [ -90.0, 48.04 ], [ -90.0, 48.03 ], [ -89.99, 48.03 ], [ -89.98, 48.03 ], [ -89.98, 48.02 ], [ -89.97, 48.02 ], [ -89.97, 48.01 ], [ -89.99, 48.01 ], [ -90.01, 48.0 ], [ -90.08, 47.98 ], [ -90.38, 47.92 ], [ -90.64, 47.86 ], [ -90.94, 47.75 ], [ -91.02, 47.7 ], [ -91.05, 47.68 ], [ -91.18, 47.61 ], [ -91.38, 47.42 ], [ -91.65, 47.25 ], [ -91.79, 47.15 ], [ -91.79, 47.16 ], [ -91.79, 47.23 ], [ -91.79, 47.26 ], [ -91.79, 47.37 ], [ -91.79, 47.5 ], [ -91.79, 47.53 ], [ -91.79, 47.55 ], [ -91.79, 47.56 ], [ -91.79, 47.58 ], [ -91.79, 47.59 ], [ -91.79, 47.62 ], [ -91.79, 47.64 ], [ -91.79, 47.66 ], [ -91.8, 47.67 ], [ -91.8, 47.68 ], [ -91.8, 47.69 ], [ -91.8, 47.7 ], [ -91.8, 47.72 ], [ -91.8, 47.73 ], [ -91.8, 47.74 ], [ -91.8, 47.76 ], [ -91.8, 47.78 ], [ -91.8, 47.81 ], [ -91.8, 47.83 ], [ -91.8, 47.85 ], [ -91.8, 47.86 ], [ -91.8, 47.89 ], [ -91.8, 47.9 ], [ -91.8, 47.91 ], [ -91.8, 47.92 ], [ -91.8, 47.94 ], [ -91.8, 47.95 ], [ -91.8, 47.98 ], [ -91.8, 48.01 ], [ -91.8, 48.02 ], [ -91.8, 48.03 ], [ -91.8, 48.04 ], [ -91.8, 48.08 ], [ -91.8, 48.12 ], [ -91.8, 48.13 ], [ -91.8, 48.2 ], [ -91.79, 48.2 ], [ -91.78, 48.2 ], [ -91.76, 48.2 ], [ -91.76, 48.21 ], [ -91.75, 48.2 ], [ -91.74, 48.2 ], [ -91.72, 48.2 ], [ -91.71, 48.2 ], [ -91.71, 48.19 ], [ -91.72, 48.18 ], [ -91.72, 48.17 ], [ -91.71, 48.17 ], [ -91.71, 48.16 ], [ -91.71, 48.15 ], [ -91.7, 48.15 ], [ -91.7, 48.14 ], [ -91.7, 48.13 ], [ -91.7, 48.12 ] ], [ [ -91.7, 48.12 ], [ -91.71, 48.12 ], [ -91.71, 48.11 ], [ -91.7, 48.11 ], [ -91.7, 48.12 ] ] ] } },
{ "type": "Feature", "properties": { "WFO": "DLH", "ISSUED": "201804151200", "EXPIRED": "201804161200", "INIT_ISS": "201804141918", "INIT_EXP": "201804161200", "PHENOM": "WW", "GTYPE": "C", "SIG": "Y", "ETN": 18, "STATUS": "EXP", "NWS_UGC": "MNZ011", "AREA_KM2": 5900.91796875, "UPDATED": "201804161203", "HV_NWSLI": null, "HV_SEV": null, "HV_CAUSE": null, "HV_REC": null, "EMERGENC": false, "POLY_BEG": null, "POLY_END": null, "WINDTAG": null, "HAILTAG": null, "TORNTAG": null, "DAMAGTAG": null, "PROD_ID": "201804141918-KDLH-WWUS43-WSWDLH", "FCSTER": null }, "geometry": { "type": "Polygon", "coordinates": [ [ [ -93.08, 47.86 ], [ -93.08, 47.87 ], [ -93.08, 47.89 ], [ -93.08, 47.91 ], [ -93.08, 47.93 ], [ -93.08, 47.94 ], [ -93.08, 47.98 ], [ -93.09, 47.98 ], [ -93.09, 47.99 ], [ -93.09, 48.0 ], [ -93.09, 48.01 ], [ -93.09, 48.05 ], [ -93.09, 48.07 ], [ -93.1, 48.07 ], [ -93.1, 48.09 ], [ -93.1, 48.14 ], [ -93.1, 48.16 ], [ -93.1, 48.24 ], [ -93.09, 48.24 ], [ -93.1, 48.25 ], [ -93.09, 48.26 ], [ -93.09, 48.28 ], [ -93.09, 48.33 ], [ -93.09, 48.35 ], [ -93.09, 48.37 ], [ -93.09, 48.4 ], [ -93.09, 48.41 ], [ -93.09, 48.42 ], [ -93.09, 48.52 ], [ -93.09, 48.54 ], [ -93.09, 48.55 ], [ -93.09, 48.6 ], [ -93.09, 48.63 ], [ -92.98, 48.62 ], [ -92.95, 48.63 ], [ -92.95, 48.62 ], [ -92.95, 48.61 ], [ -92.93, 48.61 ], [ -92.91, 48.6 ], [ -92.89, 48.59 ], [ -92.73, 48.54 ], [ -92.66, 48.55 ], [ -92.63, 48.54 ], [ -92.63, 48.52 ], [ -92.63, 48.51 ], [ -92.63, 48.5 ], [ -92.64, 48.5 ], [ -92.65, 48.5 ], [ -92.66, 48.5 ], [ -92.68, 48.5 ], [ -92.7, 48.49 ], [ -92.7, 48.48 ], [ -92.71, 48.47 ], [ -92.71, 48.46 ], [ -92.69, 48.44 ], [ -92.66, 48.44 ], [ -92.61, 48.44 ], [ -92.58, 48.44 ], [ -92.54, 48.45 ], [ -92.51, 48.45 ], [ -92.5, 48.44 ], [ -92.49, 48.43 ], [ -92.48, 48.43 ], [ -92.48, 48.42 ], [ -92.46, 48.41 ], [ -92.46, 48.4 ], [ -92.46, 48.39 ], [ -92.48, 48.37 ], [ -92.47, 48.35 ], [ -92.45, 48.33 ], [ -92.44, 48.32 ], [ -92.44, 48.31 ], [ -92.43, 48.31 ], [ -92.43, 48.3 ], [ -92.42, 48.3 ], [ -92.42, 48.29 ], [ -92.41, 48.28 ], [ -92.4, 48.27 ], [ -92.39, 48.26 ], [ -92.39, 48.25 ], [ -92.39, 48.24 ], [ -92.38, 48.24 ], [ -92.38, 48.23 ], [ -92.37, 48.23 ], [ -92.37, 48.22 ], [ -92.36, 48.22 ], [ -92.36, 48.23 ], [ -92.35, 48.23 ], [ -92.34, 48.23 ], [ -92.34, 48.24 ], [ -92.33, 48.23 ], [ -92.33, 48.24 ], [ -92.32, 48.24 ], [ -92.31, 48.24 ], [ -92.28, 48.24 ], [ -92.27, 48.25 ], [ -92.27, 48.26 ], [ -92.29, 48.26 ], [ -92.29, 48.27 ], [ -92.29, 48.28 ], [ -92.3, 48.28 ], [ -92.3, 48.29 ], [ -92.29, 48.31 ], [ -92.31, 48.32 ], [ -92.3, 48.32 ], [ -92.29, 48.34 ], [ -92.26, 48.35 ], [ -92.24, 48.35 ], [ -92.22, 48.35 ], [ -92.21, 48.35 ], [ -92.2, 48.35 ], [ -92.19, 48.35 ], [ -92.18, 48.35 ], [ -92.18, 48.36 ], [ -92.16, 48.36 ], [ -92.15, 48.37 ], [ -92.14, 48.36 ], [ -92.09, 48.35 ], [ -92.08, 48.35 ], [ -92.08, 48.36 ], [ -92.07, 48.36 ], [ -92.06, 48.36 ], [ -92.05, 48.35 ], [ -92.05, 48.34 ], [ -92.05, 48.33 ], [ -92.04, 48.33 ], [ -92.03, 48.33 ], [ -92.0, 48.32 ], [ -92.01, 48.31 ], [ -92.01, 48.3 ], [ -92.01, 48.29 ], [ -92.01, 48.28 ], [ -92.01, 48.27 ], [ -92.0, 48.26 ], [ -91.99, 48.26 ], [ -91.98, 48.25 ], [ -91.98, 48.24 ], [ -91.97, 48.25 ], [ -91.96, 48.25 ], [ -91.95, 48.25 ], [ -91.95, 48.24 ], [ -91.96, 48.24 ], [ -91.96, 48.23 ], [ -91.95, 48.23 ], [ -91.94, 48.23 ], [ -91.93, 48.23 ], [ -91.93, 48.24 ], [ -91.92, 48.24 ], [ -91.91, 48.24 ], [ -91.9, 48.24 ], [ -91.89, 48.24 ], [ -91.89, 48.23 ], [ -91.88, 48.23 ], [ -91.87, 48.22 ], [ -91.86, 48.21 ], [ -91.85, 48.21 ], [ -91.84, 48.21 ], [ -91.83, 48.21 ], [ -91.82, 48.21 ], [ -91.81, 48.21 ], [ -91.8, 48.2 ], [ -91.8, 48.13 ], [ -91.8, 48.12 ], [ -91.8, 48.08 ], [ -91.8, 48.04 ], [ -91.8, 48.03 ], [ -91.8, 48.02 ], [ -91.8, 48.01 ], [ -91.8, 47.98 ], [ -91.8, 47.95 ], [ -91.8, 47.94 ], [ -91.8, 47.92 ], [ -91.8, 47.91 ], [ -91.8, 47.9 ], [ -91.8, 47.89 ], [ -91.8, 47.86 ], [ -93.08, 47.86 ] ] ] } }
]
}
