{
"type": "FeatureCollection",
"name": "alerts_20180414_1300Z",
"crs": { "type": "name", "properties": { "name": "urn:ogc:def:crs:OGC:1.3:CRS84" } },
"features": [
{ "type": "Feature", "properties": { "WFO": "FSD", "ISSUED": "201804141040", "EXPIRED": "201804162100", "INIT_ISS": "201804141040", "INIT_EXP": "201804162100", "PHENOM": "FL", "GTYPE": "P", "SIG": "W", "ETN": 43, "STATUS": "NEW", "NWS_UGC": null, "AREA_KM2": 148.19608662808074, "UPDATED": "201804131441", "HV_NWSLI": "RAPI4", "HV_SEV": "1", "HV_CAUSE": "ER", "HV_REC": "NO", "EMERGENC": false, "POLY_BEG": "201804141040", "POLY_END": "201804140209", "WINDTAG": null, "HAILTAG": null, "TORNTAG": null, "DAMAGTAG": null, "PROD_ID": "201804131441-KFSD-WGUS43-FLWFSD", "FCSTER": null }, "geometry": { "type": "Polygon", "coordinates": [ [ [ -96.25, 43.5 ], [ -96.14, 43.5 ], [ -96.11, 43.38 ], [ -96.18, 43.31 ], [ -96.25, 43.34 ], [ -96.19, 43.41 ], [ -96.25, 43.5 ] ] ] } },
{ "type": "Feature", "properties": { "WFO": "FSD", "ISSUED": "201804141230", "EXPIRED": "201804151230", "INIT_ISS": "201804141230", "INIT_EXP": "201804151230", "PHENOM": "FL", "GTYPE": "P", "SIG": "W", "ETN": 48, "STATUS": "NEW", "NWS_UGC": null, "AREA_KM2": 143.70603420370196, "UPDATED": "201804141230", "HV_NWSLI": "MIFI4", "HV_SEV": "1", "HV_CAUSE": "ER", "HV_REC": "NO", "EMERGENC": false, "POLY_BEG": "201804141230", "POLY_END": "201804141536", "WINDTAG": null, "HAILTAG": null, "TORNTAG": null, "DAMAGTAG": null, "PROD_ID": "201804141230-KFSD-WGUS43-FLWFSD", "FCSTER": null }, "geometry": { "type": "Polygon", "coordinates": [ [ [ -95.33, 43.5 ], [ -95.26, 43.5 ], [ -95.19, 43.34 ], [ -95.16, 43.34 ], [ -95.17, 43.28 ], [ -95.24, 43.29 ], [ -95.33, 43.5 ] ] ] } },
{ "type": "Feature", "properties": { "WFO": "FSD", "ISSUED": "201804140600", "EXPIRED": "201804141441", "INIT_ISS": "201804140600", "INIT_EXP": "201804141441", "PHENOM": "FL", "GTYPE": "P", "SIG": "W", "ETN": 46, "STATUS": "NEW", "NWS_UGC": null, "AREA_KM2": 95.267149063532756, "UPDATED": "201804131441", "HV_NWSLI": "SPWI4", "HV_SEV": "1", "HV_CAUSE": "ER", "HV_REC": "NO", "EMERGENC": false, "POLY_BEG": "201804140600", "POLY_END": "201804140209", "WINDTAG": null, "HAILTAG": null, "TORNTAG": null, "DAMAGTAG": null, "PROD_ID": "201804131441-KFSD-WGUS43-FLWFSD", "FCSTER": null }, "geometry": { "type": "Polygon", "coordinates": [ [ [ -95.18, 43.15 ], [ -95.12, 43.15 ], [ -95.05, 43.15 ], [ -95.03, 42.99 ], [ -95.1, 43.02 ], [ -95.1, 43.1 ], [ -95.18, 43.15 ] ] ] } },
{ "type": "Feature", "properties": { "WFO": "FSD", "ISSUED": "201804140000", "EXPIRED": "201804150300", "INIT_ISS": "201804122045", "INIT_EXP": "201804150000", "PHENOM": "BZ", "GTYPE": "C", "SIG": "W", "ETN": 3, "STATUS": "EXP", "NWS_UGC": "SDZ066", "AREA_KM2": 1596.4334716796875, "UPDATED": "201804150250", "HV_NWSLI": null, "HV_SEV": null, "HV_CAUSE": null, "HV_REC": null, "EMERGENC": false, "POLY_BEG": null, "POLY_END": null, "WINDTAG": null, "HAILTAG": null, "TORNTAG": null, "DAMAGTAG": null, "PROD_ID": "201804122045-KFSD-WWUS43-WSWFSD", "FCSTER": null }, "geometry": { "type": "Polygon", "coordinates": [ [ [ -96.93, 43.5 ], [ -96.92, 43.5 ], [ -96.92, 43.44 ], [ -96.92, 43.4 ], [ -96.92, 43.25 ], [ -96.92, 43.22 ], [ -96.92, 43.19 ], [ -96.92, 43.18 ], [ -96.92, 43.17 ], [ -96.92, 43.08 ], [ -96.98, 43.08 ], [ -96.99, 43.08 ], [ -97.01, 43.08 ], [ -97.11, 43.08 ], [ -97.15, 43.08 ], [ -97.16, 43.08 ], [ -97.16, 43.09 ], [ -97.16, 43.11 ], [ -97.16, 43.17 ], [ -97.27, 43.17 ], [ -97.4, 43.17 ], [ -97.4, 43.24 ], [ -97.4, 43.26 ], [ -97.4, 43.27 ], [ -97.4, 43.3 ], [ -97.4, 43.34 ], [ -97.4, 43.37 ], [ -97.4, 43.39 ], [ -97.4, 43.4 ], [ -97.4, 43.42 ], [ -97.4, 43.43 ], [ -97.4, 43.45 ], [ -97.4, 43.5 ], [ -97.39, 43.5 ], [ -97.38, 43.5 ], [ -97.37, 43.5 ], [ -97.33, 43.5 ], [ -97.14, 43.5 ], [ -97.13, 43.5 ], [ -97.12, 43.5 ], [ -97.08, 43.5 ], [ -97.02, 43.5 ], [ -96.98, 43.5 ], [ -96.97, 43.5 ], [ -96.94, 43.5 ], [ -96.93, 43.5 ] ] ] } },
{ "type": "Feature", "properties": { "WFO": "FSD", "ISSUED": "201804140000", "EXPIRED": "201804150300", "INIT_ISS": "201804122045", "INIT_EXP": "201804150000", "PHENOM": "BZ", "GTYPE": "C", "SIG": "W", "ETN": 3, "STATUS": "EXP", "NWS_UGC": "SDZ039", "AREA_KM2": 2232.25, "UPDATED": "201804150250", "HV_NWSLI": null, "HV_SEV": null, "HV_CAUSE": null, "HV_REC": null, "EMERGENC": false, "POLY_BEG": null, "POLY_END": null, "WINDTAG": null, "HAILTAG": null, "TORNTAG": null, "DAMAGTAG": null, "PROD_ID": "201804122045-KFSD-WWUS43-WSWFSD", "FCSTER": null }, "geometry": { "type": "Polygon", "coordinates": [ [ [ -97.49, 44.54 ], [ -97.39, 44.54 ], [ -97.35, 44.54 ], [ -97.28, 44.54 ], [ -97.21, 44.54 ], [ -97.13, 44.54 ], [ -97.13, 44.53 ], [ -97.13, 44.46 ], [ -97.13, 44.43 ], [ -97.13, 44.38 ], [ -97.13, 44.37 ], [ -97.13, 44.36 ], [ -97.13, 44.33 ], [ -97.13, 44.32 ], [ -97.13, 44.28 ], [ -97.13, 44.26 ], [ -97.13, 44.23 ], [ -97.13, 44.21 ], [ -97.13, 44.2 ], [ -97.23, 44.2 ], [ -97.27, 44.2 ], [ -97.37, 44.2 ], [ -97.42, 44.19 ], [ -97.45, 44.2 ], [ -97.53, 44.19 ], [ -97.58, 44.2 ], [ -97.64, 44.19 ], [ -97.65, 44.19 ], [ -97.67, 44.19 ], [ -97.69, 44.19 ], [ -97.77, 44.2 ], [ -97.81, 44.2 ], [ -97.83, 44.2 ], [ -97.85, 44.2 ], [ -97.85, 44.24 ], [ -97.85, 44.25 ], [ -97.85, 44.31 ], [ -97.85, 44.36 ], [ -97.85, 44.37 ], [ -97.85, 44.4 ], [ -97.85, 44.41 ], [ -97.85, 44.46 ], [ -97.85, 44.48 ], [ -97.85, 44.5 ], [ -97.85, 44.51 ], [ -97.85, 44.54 ], [ -97.83, 44.54 ], [ -97.73, 44.54 ], [ -97.69, 44.54 ], [ -97.6, 44.54 ], [ -97.59, 44.54 ], [ -97.49, 44.54 ] ] ] } },
{ "type": "Feature", "properties": { "WFO": "FSD", "ISSUED": "201804140000", "EXPIRED": "201804150300", "INIT_ISS": "201804122045", "INIT_EXP": "201804150000", "PHENOM": "BZ", "GTYPE": "C", "SIG": "W", "ETN": 3, "STATUS": "EXP", "NWS_UGC": "SDZ069", "AREA_KM2": 1376.9483642578125, "UPDATED": "201804150250", "HV_NWSLI": null, "HV_SEV": null, "HV_CAUSE": null, "HV_REC": null, "EMERGENC": false, "POLY_BEG": null, "POLY_END": null, "WINDTAG": null, "HAILTAG": null, "TORNTAG": null, "DAMAGTAG": null, "PROD_ID": "201804122045-KFSD-WWUS43-WSWFSD", "FCSTER": null }, "geometry": { "type": "Polygon", "coordinates": [ [ [ -97.16, 43.17 ], [ -97.16, 43.11 ], [ -97.16, 43.09 ], [ -97.16, 43.08 ], [ -97.16, 43.04 ], [ -97.16, 43.01 ], [ -97.16, 43.0 ], [ -97.16, 42.95 ], [ -97.16, 42.93 ], [ -97.16, 42.92 ], [ -97.16, 42.89 ], [ -97.16, 42.88 ], [ -97.16, 42.84 ], [ -97.16, 42.83 ], [ -97.16, 42.81 ], [ -97.16, 42.8 ], [ -97.17, 42.8 ], [ -97.18, 42.8 ], [ -97.19, 42.8 ], [ -97.19, 42.81 ], [ -97.2, 42.81 ], [ -97.21, 42.81 ], [ -97.21, 42.82 ], [ -97.22, 42.83 ], [ -97.22, 42.84 ], [ -97.22, 42.85 ], [ -97.23, 42.85 ], [ -97.24, 42.85 ], [ -97.25, 42.86 ], [ -97.26, 42.85 ], [ -97.27, 42.85 ], [ -97.28, 42.85 ], [ -97.29, 42.86 ], [ -97.3, 42.86 ], [ -97.31, 42.87 ], [ -97.32, 42.86 ], [ -97.33, 42.86 ], [ -97.34, 42.86 ], [ -97.35, 42.86 ], [ -97.36, 42.86 ], [ -97.37, 42.86 ], [ -97.38, 42.86 ], [ -97.38, 42.87 ], [ -97.39, 42.86 ], [ -97.4, 42.87 ], [ -97.41, 42.87 ], [ -97.42, 42.87 ], [ -97.42, 42.86 ], [ -97.43, 42.86 ], [ -97.43, 42.85 ], [ -97.44, 42.85 ], [ -97.45, 42.85 ], [ -97.46, 42.85 ], [ -97.47, 42.85 ], [ -97.48, 42.85 ], [ -97.49, 42.85 ], [ -97.5, 42.85 ], [ -97.5, 42.86 ], [ -97.51, 42.86 ], [ -97.52, 42.85 ], [ -97.53, 42.85 ], [ -97.54, 42.85 ], [ -97.55, 42.85 ], [ -97.56, 42.85 ], [ -97.57, 42.85 ], [ -97.58, 42.85 ], [ -97.59, 42.85 ], [ -97.6, 42.86 ], [ -97.61, 42.86 ], [ -97.62, 42.86 ], [ -97.62, 42.85 ], [ -97.63, 42.85 ], [ -97.64, 42.85 ], [ -97.64, 42.87 ], [ -97.63, 42.89 ], [ -97.64, 42.9 ], [ -97.64, 42.93 ], [ -97.64, 43.0 ], [ -97.64, 43.01 ], [ -97.64, 43.02 ], [ -97.64, 43.04 ], [ -97.64, 43.06 ], [ -97.64, 43.1 ], [ -97.64, 43.11 ], [ -97.64, 43.15 ], [ -97.64, 43.17 ], [ -97.6, 43.17 ], [ -97.58, 43.17 ], [ -97.5, 43.17 ], [ -97.43, 43.17 ], [ -97.41, 43.17 ], [ -97.4, 43.17 ], [ -97.27, 43.17 ], [ -97.16, 43.17 ] ] ] } },
{ "type": "Feature", "properties": { "WFO": "FSD", "ISSUED": "201804140000", "EXPIRED": "201804150300", "INIT_ISS": "201804122045", "INIT_EXP": "201804150000", "PHENOM": "BZ", "GTYPE": "C", "SIG": "W", "ETN": 3, "STATUS": "EXP", "NWS_UGC": "SDZ055", "AREA_KM2": 1486.412109375, "UPDATED": "201804150250", "HV_NWSLI": null, "HV_SEV": null, "HV_CAUSE": null, "HV_REC": null, "EMERGENC": false, "POLY_BEG": null, "POLY_END": null, "WINDTAG": null, "HAILTAG": null, "TORNTAG": null, "DAMAGTAG": null, "PROD_ID": "201804122045-KFSD-WWUS43-WSWFSD", "FCSTER": null }, "geometry": { "type": "Polygon", "coordinates": [ [ [ -97.13, 44.2 ], [ -97.02, 44.2 ], [ -96.99, 44.2 ], [ -96.97, 44.2 ], [ -96.89, 44.2 ], [ -96.89, 44.19 ], [ -96.89, 44.18 ], [ -96.89, 44.17 ], [ -96.89, 44.16 ], [ -96.89, 44.14 ], [ -96.89, 44.08 ], [ -96.89, 44.04 ], [ -96.89, 44.02 ], [ -96.89, 43.96 ], [ -96.89, 43.91 ], [ -96.89, 43.89 ], [ -96.89, 43.87 ], [ -96.89, 43.86 ], [ -96.89, 43.85 ], [ -96.96, 43.85 ], [ -96.99, 43.85 ], [ -97.12, 43.85 ], [ -97.13, 43.85 ], [ -97.19, 43.85 ], [ -97.28, 43.85 ], [ -97.37, 43.85 ], [ -97.37, 43.88 ], [ -97.37, 43.89 ], [ -97.37, 43.94 ], [ -97.37, 43.98 ], [ -97.37, 44.0 ], [ -97.37, 44.14 ], [ -97.37, 44.15 ], [ -97.37, 44.19 ], [ -97.37, 44.2 ], [ -97.27, 44.2 ], [ -97.23, 44.2 ], [ -97.13, 44.2 ] ] ] } },
{ "type": "Feature", "properties": { "WFO": "FSD", "ISSUED": "201804140000", "EXPIRED": "201804150300", "INIT_ISS": "201804122045", "INIT_EXP": "201804150000", "PHENOM": "BZ", "GTYPE": "C", "SIG": "W", "ETN": 3, "STATUS": "EXP", "NWS_UGC": "SDZ065", "AREA_KM2": 2105.405517578125, "UPDATED": "201804150250", "HV_NWSLI": null, "HV_SEV": null, "HV_CAUSE": null, "HV_REC": null, "EMERGENC": false, "POLY_BEG": null, "POLY_END": null, "WINDTAG": null, "HAILTAG": null, "TORNTAG": null, "DAMAGTAG": null, "PROD_ID": "201804122045-KFSD-WWUS43-WSWFSD", "FCSTER": null }, "geometry": { "type": "Polygon", "coordinates": [ [ [ -97.61, 43.5 ], [ -97.4, 43.5 ], [ -97.4, 43.45 ], [ -97.4, 43.43 ], [ -97.4, 43.42 ], [ -97.4, 43.4 ], [ -97.4, 43.39 ], [ -97.4, 43.37 ], [ -97.4, 43.34 ], [ -97.4, 43.3 ], [ -97.4, 43.27 ], [ -97.4, 43.26 ], [ -97.4, 43.24 ], [ -97.4, 43.17 ], [ -97.41, 43.17 ], [ -97.43, 43.17 ], [ -97.5, 43.17 ], [ -97.58, 43.17 ], [ -97.6, 43.17 ], [ -97.64, 43.17 ], [ -97.66, 43.17 ], [ -97.67, 43.17 ], [ -97.69, 43.17 ], [ -97.72, 43.17 ], [ -97.76, 43.17 ], [ -97.82, 43.17 ], [ -97.93, 43.17 ], [ -97.96, 43.17 ], [ -98.02, 43.17 ], [ -98.08, 43.17 ], [ -98.07, 43.18 ], [ -98.09, 43.19 ], [ -98.11, 43.2 ], [ -98.11, 43.26 ], [ -98.11, 43.27 ], [ -98.11, 43.35 ], [ -98.11, 43.36 ], [ -98.11, 43.37 ], [ -98.11, 43.38 ], [ -98.11, 43.4 ], [ -98.11, 43.42 ], [ -98.11, 43.44 ], [ -98.11, 43.47 ], [ -98.11, 43.48 ], [ -98.11, 43.49 ], [ -98.11, 43.5 ], [ -98.1, 43.5 ], [ -98.08, 43.5 ], [ -98.06, 43.5 ], [ -98.02, 43.5 ], [ -98.01, 43.5 ], [ -98.0, 43.5 ], [ -97.98, 43.5 ], [ -97.96, 43.5 ], [ -97.94, 43.5 ], [ -97.91, 43.5 ], [ -97.79, 43.5 ], [ -97.76, 43.5 ], [ -97.75, 43.5 ], [ -97.74, 43.5 ], [ -97.64, 43.5 ], [ -97.63, 43.5 ], [ -97.61, 43.5 ] ] ] } },
{ "type": "Feature", "properties": { "WFO": "FSD", "ISSUED": "201804140000", "EXPIRED": "201804150300", "INIT_ISS": "201804122045", "INIT_EXP": "201804150000", "PHENOM": "BZ", "GTYPE": "C", "SIG": "W", "ETN": 3, "STATUS": "EXP", "NWS_UGC": "SDZ060", "AREA_KM2": 1126.008056640625, "UPDATED": "201804150250", "HV_NWSLI": null, "HV_SEV": null, "HV_CAUSE": null, "HV_REC": null, "EMERGENC": false, "POLY_BEG": null, "POLY_END": null, "WINDTAG": null, "HAILTAG": null, "TORNTAG": null, "DAMAGTAG": null, "PROD_ID": "201804122045-KFSD-WWUS43-WSWFSD", "FCSTER": null }, "geometry": { "type": "Polygon", "coordinates": [ [ [ -97.85, 43.85 ], [ -97.83, 43.85 ], [ -97.79, 43.85 ], [ -97.74, 43.85 ], [ -97.66, 43.85 ], [ -97.64, 43.85 ], [ -97.61, 43.85 ], [ -97.61, 43.83 ], [ -97.61, 43.8 ], [ -97.61, 43.76 ], [ -97.61, 43.75 ], [ -97.61, 43.74 ], [ -97.61, 43.72 ], [ -97.61, 43.71 ], [ -97.61, 43.67 ], [ -97.61, 43.66 ], [ -97.61, 43.6 ], [ -97.61, 43.54 ], [ -97.61, 43.52 ], [ -97.61, 43.5 ], [ -97.63, 43.5 ], [ -97.64, 43.5 ], [ -97.74, 43.5 ], [ -97.75, 43.5 ], [ -97.76, 43.5 ], [ -97.79, 43.5 ], [ -97.91, 43.5 ], [ -97.94, 43.5 ], [ -97.96, 43.5 ], [ -97.96, 43.51 ], [ -97.97, 43.58 ], [ -97.97, 43.6 ], [ -97.97, 43.63 ], [ -97.97, 43.64 ], [ -97.97, 43.65 ], [ -97.97, 43.68 ], [ -97.97, 43.75 ], [ -97.97, 43.76 ], [ -97.97, 43.77 ], [ -97.97, 43.78 ], [ -97.97, 43.79 ], [ -97.97, 43.81 ], [ -97.97, 43.82 ], [ -97.97, 43.83 ], [ -97.97, 43.85 ], [ -97.95, 43.85 ], [ -97.91, 43.85 ], [ -97.85, 43.85 ] ] ] } },
{ "type": "Feature", "properties": { "WFO": "FSD", "ISSUED": "201804140000", "EXPIRED": "201804150300", "INIT_ISS": "201804122045", "INIT_EXP": "201804150000", "PHENOM": "BZ", "GTYPE": "C", "SIG": "W", "ETN": 3, "STATUS": "EXP", "NWS_UGC": "SDZ068", "AREA_KM2": 1502.986328125, "UPDATED": "201804150250", "HV_NWSLI": null, "HV_SEV": null, "HV_CAUSE": null, "HV_REC": null, "EMERGENC": false, "POLY_BEG": null, "POLY_END": null, "WINDTAG": null, "HAILTAG": null, "TORNTAG": null, "DAMAGTAG": null, "PROD_ID": "201804122045-KFSD-WWUS43-WSWFSD", "FCSTER": null }, "geometry": { "type": "Polygon", "coordinates": [ [ [ -98.15, 42.85 ], [ -98.14, 42.86 ], [ -98.13, 42.87 ], [ -98.12, 42.87 ], [ -98.12, 42.88 ], [ -98.11, 42.88 ], [ -98.11, 42.89 ], [ -98.11, 42.9 ], [ -98.12, 42.9 ], [ -98.12, 42.91 ], [ -98.11, 42.91 ], [ -98.11, 42.92 ], [ -98.11, 42.93 ], [ -98.11, 42.94 ], [ -98.11, 42.95 ], [ -98.1, 42.95 ], [ -98.1, 42.96 ], [ -98.1, 42.97 ], [ -98.09, 42.97 ], [ -98.1, 42.98 ], [ -98.1, 42.99 ], [ -98.11, 42.99 ], [ -98.11, 43.0 ], [ -98.11, 43.01 ], [ -98.11, 43.02 ], [ -98.11, 43.03 ], [ -98.1, 43.03 ], [ -98.1, 43.04 ], [ -98.1, 43.05 ], [ -98.1, 43.06 ], [ -98.11, 43.06 ], [ -98.11, 43.07 ], [ -98.11, 43.08 ], [ -98.11, 43.09 ], [ -98.11, 43.1 ], [ -98.1, 43.11 ], [ -98.1, 43.12 ], [ -98.09, 43.12 ], [ -98.09, 43.13 ], [ -98.09, 43.14 ], [ -98.09, 43.15 ], [ -98.08, 43.17 ], [ -98.02, 43.17 ], [ -97.96, 43.17 ], [ -97.93, 43.17 ], [ -97.82, 43.17 ], [ -97.76, 43.17 ], [ -97.72, 43.17 ], [ -97.69, 43.17 ], [ -97.67, 43.17 ], [ -97.66, 43.17 ], [ -97.64, 43.17 ], [ -97.64, 43.15 ], [ -97.64, 43.11 ], [ -97.64, 43.1 ], [ -97.64, 43.06 ], [ -97.64, 43.04 ], [ -97.64, 43.02 ], [ -97.64, 43.01 ], [ -97.64, 43.0 ], [ -97.64, 42.93 ], [ -97.64, 42.9 ], [ -97.63, 42.89 ], [ -97.64, 42.87 ], [ -97.64, 42.85 ], [ -97.65, 42.85 ], [ -97.66, 42.84 ], [ -97.67, 42.84 ], [ -97.69, 42.84 ], [ -97.7, 42.84 ], [ -97.72, 42.85 ], [ -97.75, 42.85 ], [ -97.76, 42.85 ], [ -97.77, 42.85 ], [ -97.78, 42.85 ], [ -97.79, 42.85 ], [ -97.8, 42.86 ], [ -97.81, 42.86 ], [ -97.82, 42.86 ], [ -97.83, 42.87 ], [ -97.84, 42.87 ], [ -97.85, 42.87 ], [ -97.86, 42.87 ], [ -97.87, 42.86 ], [ -97.88, 42.86 ], [ -97.88, 42.85 ], [ -97.88, 42.84 ], [ -97.88, 42.83 ], [ -97.89, 42.83 ], [ -97.89, 42.82 ], [ -97.89, 42.81 ], [ -97.9, 42.81 ], [ -97.9, 42.8 ], [ -97.91, 42.79 ], [ -97.92, 42.79 ], [ -97.93, 42.78 ], [ -97.94, 42.78 ], [ -97.94, 42.77 ], [ -97.95, 42.77 ], [ -97.96, 42.77 ], [ -97.97, 42.77 ], [ -97.98, 42.77 ], [ -97.99, 42.77 ], [ -98.0, 42.76 ], [ -98.01, 42.76 ], [ -98.02, 42.76 ], [ -98.03, 42.76 ], [ -98.04, 42.77 ], [ -98.05, 42.77 ], [ -98.06, 42.77 ], [ -98.06, 42.78 ], [ -98.07, 42.79 ], [ -98.08, 42.79 ], [ -98.09, 42.8 ], [ -98.1, 42.8 ], [ -98.1, 42.81 ], [ -98.11, 42.81 ], [ -98.12, 42.82 ], [ -98.13, 42.82 ], [ -98.14, 42.83 ], [ -98.15, 42.84 ], [ -98.15, 42.85 ] ] ] } },
{ "type": "Feature", "properties": { "WFO": "MPX", "ISSUED": "201804140000", "EXPIRED": "201804160500", "INIT_ISS": "201804130859", "INIT_EXP": "201804150600", "PHENOM": "WS", "GTYPE": "C", "SIG": "W", "ETN": 8, "STATUS": "EXP", "NWS_UGC": "MNZ053", "AREA_KM2": 1143.2257080078125, "UPDATED": "201804160457", "HV_NWSLI": null, "HV_SEV": null, "HV_CAUSE": null, "HV_REC": null, "EMERGENC": false, "POLY_BEG": null, "POLY_END": null, "WINDTAG": null, "HAILTAG": null, "TORNTAG": null, "DAMAGTAG": null, "PROD_ID": "201804130859-KMPX-WWUS43-WSWMPX", "FCSTER": null }, "geometry": { "type": "Polygon", "coordinates": [ [ [ -93.06, 45.73 ], [ -93.05, 45.73 ], [ -93.04, 45.73 ], [ -93.0, 45.73 ], [ -92.98, 45.73 ], [ -92.93, 45.73 ], [ -92.91, 45.73 ], [ -92.85, 45.73 ], [ -92.85, 45.72 ], [ -92.86, 45.72 ], [ -92.87, 45.72 ], [ -92.87, 45.71 ], [ -92.87, 45.7 ], [ -92.87, 45.69 ], [ -92.88, 45.69 ], [ -92.88, 45.68 ], [ -92.88, 45.67 ], [ -92.88, 45.66 ], [ -92.88, 45.65 ], [ -92.89, 45.65 ], [ -92.89, 45.64 ], [ -92.89, 45.63 ], [ -92.89, 45.62 ], [ -92.88, 45.61 ], [ -92.89, 45.6 ], [ -92.89, 45.59 ], [ -92.88, 45.59 ], [ -92.88, 45.58 ], [ -92.88, 45.57 ], [ -92.87, 45.57 ], [ -92.86, 45.57 ], [ -92.85, 45.57 ], [ -92.84, 45.57 ], [ -92.83, 45.56 ], [ -92.82, 45.56 ], [ -92.81, 45.56 ], [ -92.8, 45.56 ], [ -92.79, 45.57 ], [ -92.78, 45.57 ], [ -92.77, 45.57 ], [ -92.77, 45.56 ], [ -92.76, 45.56 ], [ -92.75, 45.55 ], [ -92.74, 45.55 ], [ -92.73, 45.54 ], [ -92.73, 45.53 ], [ -92.73, 45.52 ], [ -92.72, 45.51 ], [ -92.71, 45.5 ], [ -92.7, 45.49 ], [ -92.7, 45.48 ], [ -92.69, 45.48 ], [ -92.69, 45.47 ], [ -92.68, 45.47 ], [ -92.68, 45.46 ], [ -92.67, 45.46 ], [ -92.66, 45.46 ], [ -92.65, 45.46 ], [ -92.65, 45.45 ], [ -92.65, 45.44 ], [ -92.65, 45.43 ], [ -92.65, 45.42 ], [ -92.65, 45.41 ], [ -92.65, 45.4 ], [ -92.66, 45.4 ], [ -92.66, 45.39 ], [ -92.67, 45.39 ], [ -92.68, 45.38 ], [ -92.68, 45.37 ], [ -92.69, 45.37 ], [ -92.7, 45.36 ], [ -92.7, 45.35 ], [ -92.7, 45.34 ], [ -92.7, 45.33 ], [ -92.71, 45.33 ], [ -92.71, 45.32 ], [ -92.72, 45.31 ], [ -92.73, 45.31 ], [ -92.73, 45.3 ], [ -92.74, 45.3 ], [ -92.75, 45.3 ], [ -92.77, 45.3 ], [ -92.8, 45.3 ], [ -92.82, 45.3 ], [ -92.86, 45.3 ], [ -92.87, 45.3 ], [ -92.88, 45.3 ], [ -92.93, 45.3 ], [ -92.96, 45.3 ], [ -93.02, 45.3 ], [ -93.02, 45.33 ], [ -93.02, 45.34 ], [ -93.02, 45.38 ], [ -93.02, 45.39 ], [ -93.02, 45.41 ], [ -93.02, 45.44 ], [ -93.02, 45.45 ], [ -93.02, 45.47 ], [ -93.02, 45.49 ], [ -93.02, 45.5 ], [ -93.02, 45.56 ], [ -93.04, 45.56 ], [ -93.07, 45.56 ], [ -93.11, 45.56 ], [ -93.13, 45.56 ], [ -93.14, 45.56 ], [ -93.14, 45.57 ], [ -93.14, 45.58 ], [ -93.14, 45.59 ], [ -93.14, 45.61 ], [ -93.14, 45.62 ], [ -93.14, 45.7 ], [ -93.14, 45.72 ], [ -93.14, 45.73 ], [ -93.12, 45.73 ], [ -93.06, 45.73 ] ] ] } },
{ "type": "Feature", "properties": { "WFO": "FSD", "ISSUED": "201804140000", "EXPIRED": "201804150300", "INIT_ISS": "201804122045", "INIT_EXP": "201804150000", "PHENOM": "BZ", "GTYPE": "C", "SIG": "W", "ETN": 3, "STATUS": "EXP", "NWS_UGC": "SDZ054", "AREA_KM2": 1478.5631103515625, "UPDATED": "201804150250", "HV_NWSLI": null, "HV_SEV": null, "HV_CAUSE": null, "HV_REC": null, "EMERGENC": false, "POLY_BEG": null, "POLY_END": null, "WINDTAG": null, "HAILTAG": null, "TORNTAG": null, "DAMAGTAG": null, "PROD_ID": "201804122045-KFSD-WWUS43-WSWFSD", "FCSTER": null }, "geometry": { "type": "Polygon", "coordinates": [ [ [ -97.37, 44.2 ], [ -97.37, 44.19 ], [ -97.37, 44.15 ], [ -97.37, 44.14 ], [ -97.37, 44.0 ], [ -97.37, 43.98 ], [ -97.37, 43.94 ], [ -97.37, 43.89 ], [ -97.37, 43.88 ], [ -97.37, 43.85 ], [ -97.43, 43.85 ], [ -97.5, 43.85 ], [ -97.53, 43.85 ], [ -97.61, 43.85 ], [ -97.64, 43.85 ], [ -97.66, 43.85 ], [ -97.74, 43.85 ], [ -97.79, 43.85 ], [ -97.83, 43.85 ], [ -97.85, 43.85 ], [ -97.85, 43.87 ], [ -97.85, 43.88 ], [ -97.85, 43.89 ], [ -97.85, 43.94 ], [ -97.85, 43.95 ], [ -97.85, 43.97 ], [ -97.85, 44.05 ], [ -97.85, 44.08 ], [ -97.85, 44.1 ], [ -97.85, 44.12 ], [ -97.85, 44.13 ], [ -97.85, 44.15 ], [ -97.85, 44.17 ], [ -97.85, 44.2 ], [ -97.83, 44.2 ], [ -97.81, 44.2 ], [ -97.77, 44.2 ], [ -97.69, 44.19 ], [ -97.67, 44.19 ], [ -97.65, 44.19 ], [ -97.64, 44.19 ], [ -97.58, 44.2 ], [ -97.53, 44.19 ], [ -97.45, 44.2 ], [ -97.42, 44.19 ], [ -97.37, 44.2 ] ] ] } },
{ "type": "Feature", "properties": { "WFO": "FSD", "ISSUED": "201804140000", "EXPIRED": "201804150300", "INIT_ISS": "201804122045", "INIT_EXP": "201804150000", "PHENOM": "BZ", "GTYPE": "C", "SIG": "W", "ETN": 3, "STATUS": "EXP", "NWS_UGC": "SDZ061", "AREA_KM2": 1491.802490234375, "UPDATED": "201804150250", "HV_NWSLI": null, "HV_SEV": null, "HV_CAUSE": null, "HV_REC": null, "EMERGENC": false, "POLY_BEG": null, "POLY_END": null, "WINDTAG": null, "HAILTAG": null, "TORNTAG": null, "DAMAGTAG": null, "PROD_ID": "201804122045-KFSD-WWUS43-WSWFSD", "FCSTER": null }, "geometry": { "type": "Polygon", "coordinates": [ [ [ -97.37, 43.85 ], [ -97.28, 43.85 ], [ -97.19, 43.85 ], [ -97.13, 43.85 ], [ -97.13, 43.8 ], [ -97.13, 43.75 ], [ -97.13, 43.73 ], [ -97.13, 43.71 ], [ -97.13, 43.61 ], [ -97.13, 43.59 ], [ -97.13, 43.56 ], [ -97.13, 43.53 ], [ -97.13, 43.51 ], [ -97.13, 43.5 ], [ -97.14, 43.5 ], [ -97.33, 43.5 ], [ -97.37, 43.5 ], [ -97.38, 43.5 ], [ -97.39, 43.5 ], [ -97.4, 43.5 ], [ -97.61, 43.5 ], [ -97.61, 43.52 ], [ -97.61, 43.54 ], [ -97.61, 43.6 ], [ -97.61, 43.66 ], [ -97.61, 43.67 ], [ -97.61, 43.71 ], [ -97.61, 43.72 ], [ -97.61, 43.74 ], [ -97.61, 43.75 ], [ -97.61, 43.76 ], [ -97.61, 43.8 ], [ -97.61, 43.83 ], [ -97.61, 43.85 ], [ -97.53, 43.85 ], [ -97.5, 43.85 ], [ -97.43, 43.85 ], [ -97.37, 43.85 ] ] ] } },
{ "type": "Feature", "properties": { "WFO": "MPX", "ISSUED": "201804140000", "EXPIRED": "201804160500", "INIT_ISS": "201804130859", "INIT_EXP": "201804150600", "PHENOM": "WS", "GTYPE": "C", "SIG": "W", "ETN": 8, "STATUS": "EXP", "NWS_UGC": "MNZ052", "AREA_KM2": 1167.6832275390625, "UPDATED": "201804160457", "HV_NWSLI": null, "HV_SEV": null, "HV_CAUSE": null, "HV_REC": null, "EMERGENC": false, "POLY_BEG": null, "POLY_END": null, "WINDTAG": null, "HAILTAG": null, "TORNTAG": null, "DAMAGTAG": null, "PROD_ID": "201804130859-KMPX-WWUS43-WSWMPX", "FCSTER": null }, "geometry": { "type": "Polygon", "coordinates": [ [ [ -93.39, 45.73 ], [ -93.37, 45.73 ], [ -93.33, 45.73 ], [ -93.3, 45.73 ], [ -93.25, 45.73 ], [ -93.23, 45.73 ], [ -93.2, 45.73 ], [ -93.18, 45.73 ], [ -93.14, 45.73 ], [ -93.14, 45.72 ], [ -93.14, 45.7 ], [ -93.14, 45.62 ], [ -93.14, 45.61 ], [ -93.14, 45.59 ], [ -93.14, 45.58 ], [ -93.14, 45.57 ], [ -93.14, 45.56 ], [ -93.13, 45.56 ], [ -93.11, 45.56 ], [ -93.07, 45.56 ], [ -93.04, 45.56 ], [ -93.02, 45.56 ], [ -93.02, 45.5 ], [ -93.02, 45.49 ], [ -93.02, 45.47 ], [ -93.02, 45.45 ], [ -93.02, 45.44 ], [ -93.02, 45.41 ], [ -93.03, 45.41 ], [ -93.05, 45.41 ], [ -93.07, 45.41 ], [ -93.08, 45.41 ], [ -93.09, 45.41 ], [ -93.13, 45.41 ], [ -93.14, 45.41 ], [ -93.16, 45.41 ], [ -93.23, 45.41 ], [ -93.25, 45.41 ], [ -93.27, 45.41 ], [ -93.3, 45.41 ], [ -93.36, 45.41 ], [ -93.43, 45.41 ], [ -93.45, 45.41 ], [ -93.47, 45.41 ], [ -93.49, 45.41 ], [ -93.51, 45.42 ], [ -93.51, 45.43 ], [ -93.51, 45.44 ], [ -93.51, 45.47 ], [ -93.51, 45.55 ], [ -93.51, 45.56 ], [ -93.51, 45.63 ], [ -93.51, 45.68 ], [ -93.51, 45.69 ], [ -93.51, 45.71 ], [ -93.51, 45.72 ], [ -93.51, 45.74 ], [ -93.5, 45.73 ], [ -93.47, 45.73 ], [ -93.39, 45.73 ] ] ] } },
{ "type": "Feature", "properties": { "WFO": "MPX", "ISSUED": "201804140000", "EXPIRED": "201804141737", "INIT_ISS": "201804130234", "INIT_EXP": "201804150600", "PHENOM": "WS", "GTYPE": "C", "SIG": "W", "ETN": 8, "STATUS": "UPG", "NWS_UGC": "MNZ059", "AREA_KM2": 1846.21337890625, "UPDATED": "201804141737", "HV_NWSLI": null, "HV_SEV": null, "HV_CAUSE": null, "HV_REC": null, "EMERGENC": false, "POLY_BEG": null, "POLY_END": null, "WINDTAG": null, "HAILTAG": null, "TORNTAG": null, "DAMAGTAG": null, "PROD_ID": "201804130234-KMPX-WWUS43-WSWMPX", "FCSTER": "Borghoff" }, "geometry": { "type": "Polygon", "coordinates": [ [ [ -94.09, 45.35 ], [ -94.09, 45.36 ], [ -94.08, 45.36 ], [ -94.08, 45.37 ], [ -94.09, 45.37 ], [ -94.08, 45.38 ], [ -94.08, 45.39 ], [ -94.07, 45.39 ], [ -94.07, 45.4 ], [ -94.07, 45.41 ], [ -94.06, 45.41 ], [ -94.06, 45.42 ], [ -94.05, 45.42 ], [ -94.04, 45.42 ], [ -94.04, 45.41 ], [ -94.03, 45.41 ], [ -94.02, 45.4 ], [ -94.01, 45.4 ], [ -94.01, 45.39 ], [ -94.0, 45.39 ], [ -94.0, 45.4 ], [ -93.99, 45.4 ], [ -93.98, 45.4 ], [ -93.98, 45.39 ], [ -93.97, 45.39 ], [ -93.96, 45.38 ], [ -93.95, 45.38 ], [ -93.94, 45.38 ], [ -93.93, 45.38 ], [ -93.93, 45.39 ], [ -93.92, 45.38 ], [ -93.91, 45.38 ], [ -93.91, 45.37 ], [ -93.9, 45.37 ], [ -93.89, 45.36 ], [ -93.88, 45.35 ], [ -93.87, 45.34 ], [ -93.85, 45.34 ], [ -93.84, 45.34 ], [ -93.83, 45.33 ], [ -93.82, 45.32 ], [ -93.81, 45.32 ], [ -93.81, 45.31 ], [ -93.8, 45.31 ], [ -93.79, 45.31 ], [ -93.78, 45.31 ], [ -93.78, 45.3 ], [ -93.77, 45.3 ], [ -93.76, 45.3 ], [ -93.76, 45.29 ], [ -93.75, 45.3 ], [ -93.74, 45.3 ], [ -93.73, 45.3 ], [ -93.72, 45.3 ], [ -93.7, 45.3 ], [ -93.69, 45.3 ], [ -93.68, 45.3 ], [ -93.67, 45.3 ], [ -93.66, 45.3 ], [ -93.65, 45.3 ], [ -93.64, 45.3 ], [ -93.63, 45.3 ], [ -93.62, 45.29 ], [ -93.61, 45.29 ], [ -93.6, 45.29 ], [ -93.59, 45.29 ], [ -93.58, 45.29 ], [ -93.57, 45.29 ], [ -93.57, 45.3 ], [ -93.56, 45.3 ], [ -93.56, 45.29 ], [ -93.56, 45.28 ], [ -93.55, 45.28 ], [ -93.55, 45.27 ], [ -93.55, 45.26 ], [ -93.54, 45.26 ], [ -93.53, 45.25 ], [ -93.52, 45.25 ], [ -93.52, 45.24 ], [ -93.52, 45.23 ], [ -93.53, 45.23 ], [ -93.54, 45.23 ], [ -93.55, 45.23 ], [ -93.56, 45.23 ], [ -93.56, 45.22 ], [ -93.57, 45.22 ], [ -93.58, 45.22 ], [ -93.59, 45.21 ], [ -93.6, 45.21 ], [ -93.61, 45.21 ], [ -93.62, 45.21 ], [ -93.62, 45.2 ], [ -93.63, 45.2 ], [ -93.63, 45.21 ], [ -93.64, 45.21 ], [ -93.64, 45.2 ], [ -93.65, 45.2 ], [ -93.66, 45.2 ], [ -93.66, 45.19 ], [ -93.65, 45.19 ], [ -93.65, 45.18 ], [ -93.64, 45.18 ], [ -93.64, 45.17 ], [ -93.64, 45.16 ], [ -93.65, 45.16 ], [ -93.66, 45.16 ], [ -93.66, 45.15 ], [ -93.67, 45.15 ], [ -93.68, 45.15 ], [ -93.69, 45.14 ], [ -93.7, 45.14 ], [ -93.7, 45.13 ], [ -93.71, 45.13 ], [ -93.71, 45.12 ], [ -93.72, 45.12 ], [ -93.72, 45.11 ], [ -93.73, 45.1 ], [ -93.73, 45.09 ], [ -93.74, 45.08 ], [ -93.75, 45.08 ], [ -93.76, 45.08 ], [ -93.76, 45.07 ], [ -93.77, 45.07 ], [ -93.77, 45.06 ], [ -93.77, 45.05 ], [ -93.77, 45.01 ], [ -93.77, 45.0 ], [ -93.77, 44.99 ], [ -93.77, 44.98 ], [ -93.78, 44.98 ], [ -93.86, 44.98 ], [ -93.88, 44.98 ], [ -93.89, 44.98 ], [ -93.98, 44.98 ], [ -94.01, 44.98 ], [ -94.14, 44.98 ], [ -94.17, 44.98 ], [ -94.26, 44.98 ], [ -94.26, 44.99 ], [ -94.26, 45.03 ], [ -94.26, 45.08 ], [ -94.26, 45.12 ], [ -94.26, 45.2 ], [ -94.26, 45.23 ], [ -94.26, 45.24 ], [ -94.26, 45.25 ], [ -94.26, 45.26 ], [ -94.26, 45.27 ], [ -94.26, 45.28 ], [ -94.26, 45.3 ], [ -94.26, 45.31 ], [ -94.25, 45.31 ], [ -94.24, 45.31 ], [ -94.23, 45.31 ], [ -94.22, 45.31 ], [ -94.22, 45.32 ], [ -94.21, 45.32 ], [ -94.2, 45.32 ], [ -94.19, 45.32 ], [ -94.18, 45.31 ], [ -94.18, 45.3 ], [ -94.17, 45.3 ], [ -94.16, 45.3 ], [ -94.14, 45.32 ], [ -94.12, 45.33 ], [ -94.11, 45.33 ], [ -94.11, 45.34 ], [ -94.1, 45.34 ], [ -94.09, 45.34 ], [ -94.09, 45.35 ] ] ] } },
{ "type": "Feature", "properties": { "WFO": "MPX", "ISSUED": "201804140000", "EXPIRED": "201804141737", "INIT_ISS": "201804130234", "INIT_EXP": "201804150600", "PHENOM": "WS", "GTYPE": "C", "SIG": "W", "ETN": 8, "STATUS": "UPG", "NWS_UGC": "MNZ061", "AREA_KM2": 1152.9273681640625, "UPDATED": "201804141737", "HV_NWSLI": null, "HV_SEV": null, "HV_CAUSE": null, "HV_REC": null, "EMERGENC": false, "POLY_BEG": null, "POLY_END": null, "WINDTAG": null, "HAILTAG": null, "TORNTAG": null, "DAMAGTAG": null, "PROD_ID": "201804130234-KMPX-WWUS43-WSWMPX", "FCSTER": "Borghoff" }, "geometry": { "type": "Polygon", "coordinates": [ [ [ -93.47, 45.41 ], [ -93.45, 45.41 ], [ -93.43, 45.41 ], [ -93.36, 45.41 ], [ -93.3, 45.41 ], [ -93.27, 45.41 ], [ -93.25, 45.41 ], [ -93.23, 45.41 ], [ -93.16, 45.41 ], [ -93.14, 45.41 ], [ -93.13, 45.41 ], [ -93.09, 45.41 ], [ -93.08, 45.41 ], [ -93.07, 45.41 ], [ -93.05, 45.41 ], [ -93.03, 45.41 ], [ -93.02, 45.41 ], [ -93.02, 45.39 ], [ -93.02, 45.38 ], [ -93.02, 45.34 ], [ -93.02, 45.33 ], [ -93.02, 45.3 ], [ -93.02, 45.27 ], [ -93.02, 45.23 ], [ -93.02, 45.15 ], [ -93.02, 45.12 ], [ -93.04, 45.12 ], [ -93.05, 45.12 ], [ -93.11, 45.12 ], [ -93.13, 45.12 ], [ -93.14, 45.12 ], [ -93.15, 45.12 ], [ -93.2, 45.12 ], [ -93.23, 45.12 ], [ -93.23, 45.11 ], [ -93.23, 45.1 ], [ -93.23, 45.09 ], [ -93.23, 45.07 ], [ -93.23, 45.06 ], [ -93.23, 45.04 ], [ -93.24, 45.04 ], [ -93.28, 45.04 ], [ -93.28, 45.05 ], [ -93.29, 45.06 ], [ -93.28, 45.07 ], [ -93.28, 45.08 ], [ -93.28, 45.09 ], [ -93.28, 45.1 ], [ -93.28, 45.11 ], [ -93.29, 45.11 ], [ -93.29, 45.12 ], [ -93.3, 45.12 ], [ -93.3, 45.13 ], [ -93.31, 45.14 ], [ -93.32, 45.15 ], [ -93.33, 45.15 ], [ -93.35, 45.16 ], [ -93.36, 45.18 ], [ -93.37, 45.18 ], [ -93.38, 45.18 ], [ -93.39, 45.19 ], [ -93.4, 45.19 ], [ -93.41, 45.2 ], [ -93.42, 45.2 ], [ -93.42, 45.21 ], [ -93.43, 45.21 ], [ -93.43, 45.22 ], [ -93.44, 45.22 ], [ -93.45, 45.22 ], [ -93.46, 45.22 ], [ -93.47, 45.23 ], [ -93.48, 45.23 ], [ -93.49, 45.23 ], [ -93.5, 45.23 ], [ -93.5, 45.24 ], [ -93.51, 45.25 ], [ -93.51, 45.33 ], [ -93.51, 45.34 ], [ -93.51, 45.35 ], [ -93.51, 45.36 ], [ -93.51, 45.39 ], [ -93.51, 45.41 ], [ -93.51, 45.42 ], [ -93.49, 45.41 ], [ -93.47, 45.41 ] ] ] } },
{ "type": "Feature", "properties": { "WFO": "MPX", "ISSUED": "201804140300", "EXPIRED": "201804141604", "INIT_ISS": "201804130234", "INIT_EXP": "201804150600", "PHENOM": "WS", "GTYPE": "C", "SIG": "W", "ETN": 8, "STATUS": "UPG", "NWS_UGC": "MNZ069", "AREA_KM2": 952.00262451171875, "UPDATED": "201804141604", "HV_NWSLI": null, "HV_SEV": null, "HV_CAUSE": null, "HV_REC": null, "EMERGENC": false, "POLY_BEG": null, "POLY_END": null, "WINDTAG": null, "HAILTAG": null, "TORNTAG": null, "DAMAGTAG": null, "PROD_ID": "201804130234-KMPX-WWUS43-WSWMPX", "FCSTER": "Borghoff" }, "geometry": { "type": "MultiPolygon", "coordinates": [ [ [ [ -93.9, 44.54 ], [ -93.89, 44.55 ], [ -93.9, 44.55 ], [ -93.9, 44.56 ], [ -93.89, 44.56 ], [ -93.89, 44.57 ], [ -93.9, 44.57 ], [ -93.89, 44.58 ], [ -93.89, 44.59 ], [ -93.89, 44.6 ], [ -93.88, 44.6 ], [ -93.88, 44.61 ], [ -93.87, 44.6 ], [ -93.86, 44.6 ], [ -93.86, 44.61 ], [ -93.86, 44.62 ], [ -93.85, 44.62 ], [ -93.84, 44.63 ], [ -93.84, 44.62 ], [ -93.82, 44.63 ], [ -93.81, 44.63 ], [ -93.8, 44.63 ], [ -93.79, 44.63 ], [ -93.78, 44.63 ], [ -93.78, 44.64 ], [ -93.77, 44.64 ], [ -93.76, 44.64 ], [ -93.75, 44.64 ], [ -93.75, 44.65 ], [ -93.74, 44.65 ], [ -93.73, 44.65 ], [ -93.73, 44.66 ], [ -93.72, 44.65 ], [ -93.72, 44.66 ], [ -93.71, 44.67 ], [ -93.7, 44.67 ], [ -93.69, 44.68 ], [ -93.68, 44.68 ], [ -93.68, 44.69 ], [ -93.67, 44.69 ], [ -93.67, 44.7 ], [ -93.66, 44.7 ], [ -93.66, 44.69 ], [ -93.65, 44.69 ], [ -93.64, 44.69 ], [ -93.64, 44.7 ], [ -93.63, 44.7 ], [ -93.62, 44.71 ], [ -93.63, 44.71 ], [ -93.63, 44.72 ], [ -93.63, 44.73 ], [ -93.63, 44.74 ], [ -93.62, 44.74 ], [ -93.62, 44.75 ], [ -93.61, 44.75 ], [ -93.61, 44.76 ], [ -93.62, 44.76 ], [ -93.61, 44.77 ], [ -93.6, 44.77 ], [ -93.59, 44.78 ], [ -93.58, 44.78 ], [ -93.58, 44.79 ], [ -93.57, 44.8 ], [ -93.56, 44.8 ], [ -93.55, 44.8 ], [ -93.54, 44.8 ], [ -93.52, 44.8 ], [ -93.51, 44.8 ], [ -93.5, 44.8 ], [ -93.5, 44.81 ], [ -93.49, 44.8 ], [ -93.48, 44.81 ], [ -93.48, 44.8 ], [ -93.47, 44.8 ], [ -93.46, 44.81 ], [ -93.46, 44.8 ], [ -93.45, 44.8 ], [ -93.44, 44.81 ], [ -93.43, 44.81 ], [ -93.42, 44.81 ], [ -93.41, 44.81 ], [ -93.41, 44.8 ], [ -93.4, 44.8 ], [ -93.39, 44.8 ], [ -93.38, 44.8 ], [ -93.38, 44.79 ], [ -93.36, 44.79 ], [ -93.35, 44.79 ], [ -93.34, 44.79 ], [ -93.33, 44.79 ], [ -93.33, 44.78 ], [ -93.33, 44.77 ], [ -93.33, 44.73 ], [ -93.33, 44.72 ], [ -93.32, 44.72 ], [ -93.32, 44.7 ], [ -93.32, 44.69 ], [ -93.32, 44.68 ], [ -93.32, 44.65 ], [ -93.32, 44.63 ], [ -93.28, 44.63 ], [ -93.28, 44.57 ], [ -93.28, 44.56 ], [ -93.28, 44.54 ], [ -93.36, 44.54 ], [ -93.41, 44.54 ], [ -93.46, 44.54 ], [ -93.5, 44.54 ], [ -93.52, 44.54 ], [ -93.57, 44.54 ], [ -93.58, 44.54 ], [ -93.63, 44.54 ], [ -93.67, 44.54 ], [ -93.73, 44.54 ], [ -93.76, 44.54 ], [ -93.78, 44.54 ], [ -93.79, 44.54 ], [ -93.88, 44.54 ], [ -93.89, 44.54 ], [ -93.9, 44.54 ] ], [ [ -93.77, 44.64 ], [ -93.77, 44.63 ], [ -93.76, 44.63 ], [ -93.77, 44.64 ] ] ], [ [ [ -93.9, 44.54 ], [ -93.91, 44.54 ], [ -93.91, 44.55 ], [ -93.9, 44.55 ], [ -93.9, 44.54 ] ] ] ] } },
{ "type": "Feature", "properties": { "WFO": "MPX", "ISSUED": "201804140300", "EXPIRED": "201804141737", "INIT_ISS": "201804130234", "INIT_EXP": "201804150600", "PHENOM": "WS", "GTYPE": "C", "SIG": "W", "ETN": 8, "STATUS": "UPG", "NWS_UGC": "MNZ062", "AREA_KM2": 439.62399291992188, "UPDATED": "201804141737", "HV_NWSLI": null, "HV_SEV": null, "HV_CAUSE": null, "HV_REC": null, "EMERGENC": false, "POLY_BEG": null, "POLY_END": null, "WINDTAG": null, "HAILTAG": null, "TORNTAG": null, "DAMAGTAG": null, "PROD_ID": "201804130234-KMPX-WWUS43-WSWMPX", "FCSTER": "Borghoff" }, "geometry": { "type": "Polygon", "coordinates": [ [ [ -93.2, 45.12 ], [ -93.15, 45.12 ], [ -93.14, 45.12 ], [ -93.13, 45.12 ], [ -93.11, 45.12 ], [ -93.05, 45.12 ], [ -93.04, 45.12 ], [ -93.02, 45.12 ], [ -92.99, 45.12 ], [ -92.98, 45.12 ], [ -92.98, 45.09 ], [ -92.98, 45.03 ], [ -92.98, 45.0 ], [ -92.98, 44.96 ], [ -92.98, 44.95 ], [ -92.98, 44.93 ], [ -92.98, 44.92 ], [ -92.98, 44.9 ], [ -92.98, 44.89 ], [ -92.99, 44.89 ], [ -93.02, 44.89 ], [ -93.03, 44.9 ], [ -93.04, 44.9 ], [ -93.04, 44.91 ], [ -93.05, 44.92 ], [ -93.09, 44.92 ], [ -93.1, 44.92 ], [ -93.13, 44.92 ], [ -93.13, 44.91 ], [ -93.14, 44.91 ], [ -93.14, 44.9 ], [ -93.15, 44.9 ], [ -93.15, 44.89 ], [ -93.16, 44.89 ], [ -93.17, 44.89 ], [ -93.18, 44.89 ], [ -93.19, 44.89 ], [ -93.19, 44.9 ], [ -93.19, 44.91 ], [ -93.2, 44.91 ], [ -93.2, 44.92 ], [ -93.2, 44.93 ], [ -93.2, 44.94 ], [ -93.2, 44.95 ], [ -93.21, 44.95 ], [ -93.21, 44.96 ], [ -93.21, 45.01 ], [ -93.21, 45.02 ], [ -93.21, 45.03 ], [ -93.21, 45.04 ], [ -93.22, 45.04 ], [ -93.23, 45.04 ], [ -93.23, 45.06 ], [ -93.23, 45.07 ], [ -93.23, 45.09 ], [ -93.23, 45.1 ], [ -93.23, 45.11 ], [ -93.23, 45.12 ], [ -93.2, 45.12 ] ] ] } },
{ "type": "Feature", "properties": { "WFO": "MPX", "ISSUED": "201804140300", "EXPIRED": "201804141737", "INIT_ISS": "201804130234", "INIT_EXP": "201804150600", "PHENOM": "WS", "GTYPE": "C", "SIG": "W", "ETN": 8, "STATUS": "UPG", "NWS_UGC": "MNZ070", "AREA_KM2": 1515.3702392578125, "UPDATED": "201804141737", "HV_NWSLI": null, "HV_SEV": null, "HV_CAUSE": null, "HV_REC": null, "EMERGENC": false, "POLY_BEG": null, "POLY_END": null, "WINDTAG": null, "HAILTAG": null, "TORNTAG": null, "DAMAGTAG": null, "PROD_ID": "201804130234-KMPX-WWUS43-WSWMPX", "FCSTER": "Borghoff" }, "geometry": { "type": "Polygon", "coordinates": [ [ [ -93.09, 44.92 ], [ -93.05, 44.92 ], [ -93.04, 44.91 ], [ -93.04, 44.9 ], [ -93.03, 44.9 ], [ -93.02, 44.89 ], [ -93.02, 44.88 ], [ -93.01, 44.87 ], [ -93.01, 44.86 ], [ -93.01, 44.85 ], [ -93.01, 44.84 ], [ -93.01, 44.83 ], [ -93.01, 44.82 ], [ -93.0, 44.82 ], [ -93.01, 44.81 ], [ -93.02, 44.8 ], [ -93.02, 44.79 ], [ -93.02, 44.78 ], [ -93.01, 44.77 ], [ -93.0, 44.77 ], [ -92.99, 44.77 ], [ -92.99, 44.78 ], [ -92.98, 44.77 ], [ -92.97, 44.77 ], [ -92.96, 44.77 ], [ -92.95, 44.77 ], [ -92.94, 44.77 ], [ -92.94, 44.78 ], [ -92.93, 44.78 ], [ -92.92, 44.78 ], [ -92.91, 44.77 ], [ -92.9, 44.77 ], [ -92.89, 44.77 ], [ -92.88, 44.78 ], [ -92.88, 44.77 ], [ -92.87, 44.76 ], [ -92.86, 44.76 ], [ -92.86, 44.75 ], [ -92.85, 44.75 ], [ -92.84, 44.75 ], [ -92.83, 44.75 ], [ -92.82, 44.75 ], [ -92.81, 44.75 ], [ -92.8, 44.75 ], [ -92.8, 44.74 ], [ -92.79, 44.74 ], [ -92.78, 44.74 ], [ -92.78, 44.73 ], [ -92.77, 44.73 ], [ -92.76, 44.73 ], [ -92.76, 44.72 ], [ -92.75, 44.72 ], [ -92.74, 44.72 ], [ -92.73, 44.71 ], [ -92.73, 44.65 ], [ -92.73, 44.63 ], [ -92.78, 44.63 ], [ -92.79, 44.63 ], [ -92.79, 44.6 ], [ -92.79, 44.57 ], [ -92.79, 44.55 ], [ -92.79, 44.54 ], [ -92.8, 44.54 ], [ -92.83, 44.54 ], [ -92.91, 44.54 ], [ -92.92, 44.54 ], [ -92.92, 44.52 ], [ -92.93, 44.51 ], [ -92.94, 44.51 ], [ -92.95, 44.51 ], [ -92.96, 44.51 ], [ -92.96, 44.52 ], [ -92.97, 44.52 ], [ -92.98, 44.51 ], [ -92.98, 44.52 ], [ -92.99, 44.52 ], [ -93.0, 44.52 ], [ -93.01, 44.52 ], [ -93.02, 44.52 ], [ -93.03, 44.52 ], [ -93.03, 44.51 ], [ -93.04, 44.51 ], [ -93.04, 44.5 ], [ -93.04, 44.49 ], [ -93.04, 44.47 ], [ -93.05, 44.47 ], [ -93.08, 44.47 ], [ -93.1, 44.47 ], [ -93.13, 44.47 ], [ -93.16, 44.47 ], [ -93.19, 44.47 ], [ -93.22, 44.47 ], [ -93.24, 44.47 ], [ -93.25, 44.47 ], [ -93.26, 44.47 ], [ -93.28, 44.47 ], [ -93.28, 44.49 ], [ -93.28, 44.54 ], [ -93.28, 44.56 ], [ -93.28, 44.57 ], [ -93.28, 44.63 ], [ -93.32, 44.63 ], [ -93.32, 44.65 ], [ -93.32, 44.68 ], [ -93.32, 44.69 ], [ -93.32, 44.7 ], [ -93.32, 44.72 ], [ -93.33, 44.72 ], [ -93.33, 44.73 ], [ -93.33, 44.77 ], [ -93.33, 44.78 ], [ -93.33, 44.79 ], [ -93.32, 44.79 ], [ -93.31, 44.79 ], [ -93.3, 44.8 ], [ -93.29, 44.8 ], [ -93.28, 44.81 ], [ -93.27, 44.81 ], [ -93.25, 44.81 ], [ -93.24, 44.82 ], [ -93.23, 44.82 ], [ -93.23, 44.83 ], [ -93.22, 44.83 ], [ -93.22, 44.84 ], [ -93.21, 44.84 ], [ -93.21, 44.85 ], [ -93.2, 44.85 ], [ -93.2, 44.86 ], [ -93.2, 44.87 ], [ -93.19, 44.87 ], [ -93.19, 44.88 ], [ -93.18, 44.88 ], [ -93.18, 44.89 ], [ -93.17, 44.89 ], [ -93.16, 44.89 ], [ -93.15, 44.89 ], [ -93.15, 44.9 ], [ -93.14, 44.9 ], [ -93.14, 44.91 ], [ -93.13, 44.91 ], [ -93.13, 44.92 ], [ -93.1, 44.92 ], [ -93.09, 44.92 ] ] ] } },
{ "type": "Feature", "properties": { "WFO": "MPX", "ISSUED": "201804140300", "EXPIRED": "201804141604", "INIT_ISS": "201804130234", "INIT_EXP": "201804150600", "PHENOM": "WS", "GTYPE": "C", "SIG": "W", "ETN": 8, "STATUS": "UPG", "NWS_UGC": "MNZ068", "AREA_KM2": 972.08282470703125, "UPDATED": "201804141604", "HV_NWSLI": null, "HV_SEV": null, "HV_CAUSE": null, "HV_REC": null, "EMERGENC": false, "POLY_BEG": null, "POLY_END": null, "WINDTAG": null, "HAILTAG": null, "TORNTAG": null, "DAMAGTAG": null, "PROD_ID": "201804130234-KMPX-WWUS43-WSWMPX", "FCSTER": "Borghoff" }, "geometry": { "type": "Polygon", "coordinates": [ [ [ -93.77, 44.98 ], [ -93.77, 44.93 ], [ -93.77, 44.91 ], [ -93.77, 44.89 ], [ -93.75, 44.89 ], [ -93.71, 44.89 ], [ -93.68, 44.89 ], [ -93.65, 44.89 ], [ -93.61, 44.89 ], [ -93.6, 44.89 ], [ -93.56, 44.89 ], [ -93.52, 44.89 ], [ -93.52, 44.86 ], [ -93.52, 44.85 ], [ -93.52, 44.82 ], [ -93.52, 44.8 ], [ -93.54, 44.8 ], [ -93.55, 44.8 ], [ -93.56, 44.8 ], [ -93.57, 44.8 ], [ -93.58, 44.79 ], [ -93.58, 44.78 ], [ -93.59, 44.78 ], [ -93.6, 44.77 ], [ -93.61, 44.77 ], [ -93.62, 44.76 ], [ -93.61, 44.76 ], [ -93.61, 44.75 ], [ -93.62, 44.75 ], [ -93.62, 44.74 ], [ -93.63, 44.74 ], [ -93.63, 44.73 ], [ -93.63, 44.72 ], [ -93.63, 44.71 ], [ -93.62, 44.71 ], [ -93.63, 44.7 ], [ -93.64, 44.7 ], [ -93.64, 44.69 ], [ -93.65, 44.69 ], [ -93.66, 44.69 ], [ -93.66, 44.7 ], [ -93.67, 44.7 ], [ -93.67, 44.69 ], [ -93.68, 44.69 ], [ -93.68, 44.68 ], [ -93.69, 44.68 ], [ -93.7, 44.67 ], [ -93.71, 44.67 ], [ -93.72, 44.66 ], [ -93.72, 44.65 ], [ -93.73, 44.66 ], [ -93.73, 44.65 ], [ -93.74, 44.65 ], [ -93.75, 44.65 ], [ -93.75, 44.64 ], [ -93.76, 44.64 ], [ -93.77, 44.64 ], [ -93.77, 44.67 ], [ -93.83, 44.67 ], [ -93.84, 44.67 ], [ -93.87, 44.67 ], [ -93.89, 44.67 ], [ -93.89, 44.69 ], [ -93.89, 44.72 ], [ -93.96, 44.72 ], [ -94.01, 44.72 ], [ -94.01, 44.74 ], [ -94.01, 44.78 ], [ -94.01, 44.86 ], [ -94.01, 44.88 ], [ -94.01, 44.89 ], [ -94.01, 44.9 ], [ -94.01, 44.91 ], [ -94.01, 44.94 ], [ -94.01, 44.95 ], [ -94.01, 44.98 ], [ -93.98, 44.98 ], [ -93.89, 44.98 ], [ -93.88, 44.98 ], [ -93.86, 44.98 ], [ -93.78, 44.98 ], [ -93.77, 44.98 ] ] ] } },
{ "type": "Feature", "properties": { "WFO": "MPX", "ISSUED": "201804140300", "EXPIRED": "201804141737", "INIT_ISS": "201804130234", "INIT_EXP": "201804150600", "PHENOM": "WS", "GTYPE": "C", "SIG": "W", "ETN": 8, "STATUS": "UPG", "NWS_UGC": "MNZ060", "AREA_KM2": 1567.1907958984375, "UPDATED": "201804141737", "HV_NWSLI": null, "HV_SEV": null, "HV_CAUSE": null, "HV_REC": null, "EMERGENC": false, "POLY_BEG": null, "POLY_END": null, "WINDTAG": null, "HAILTAG": null, "TORNTAG": null, "DAMAGTAG": null, "PROD_ID": "201804130234-KMPX-WWUS43-WSWMPX", "FCSTER": "Borghoff" }, "geometry": { "type": "Polygon", "coordinates": [ [ [ -93.63, 45.21 ], [ -93.63, 45.2 ], [ -93.62, 45.2 ], [ -93.62, 45.21 ], [ -93.61, 45.21 ], [ -93.6, 45.21 ], [ -93.59, 45.21 ], [ -93.58, 45.22 ], [ -93.57, 45.22 ], [ -93.56, 45.22 ], [ -93.56, 45.23 ], [ -93.55, 45.23 ], [ -93.54, 45.23 ], [ -93.53, 45.23 ], [ -93.52, 45.23 ], [ -93.52, 45.24 ], [ -93.52, 45.25 ], [ -93.51, 45.25 ], [ -93.5, 45.24 ], [ -93.5, 45.23 ], [ -93.49, 45.23 ], [ -93.48, 45.23 ], [ -93.47, 45.23 ], [ -93.46, 45.22 ], [ -93.45, 45.22 ], [ -93.44, 45.22 ], [ -93.43, 45.22 ], [ -93.43, 45.21 ], [ -93.42, 45.21 ], [ -93.42, 45.2 ], [ -93.41, 45.2 ], [ -93.4, 45.19 ], [ -93.39, 45.19 ], [ -93.38, 45.18 ], [ -93.37, 45.18 ], [ -93.36, 45.18 ], [ -93.35, 45.16 ], [ -93.33, 45.15 ], [ -93.32, 45.15 ], [ -93.31, 45.14 ], [ -93.3, 45.13 ], [ -93.3, 45.12 ], [ -93.29, 45.12 ], [ -93.29, 45.11 ], [ -93.28, 45.11 ], [ -93.28, 45.1 ], [ -93.28, 45.09 ], [ -93.28, 45.08 ], [ -93.28, 45.07 ], [ -93.29, 45.06 ], [ -93.28, 45.05 ], [ -93.28, 45.04 ], [ -93.24, 45.04 ], [ -93.23, 45.04 ], [ -93.22, 45.04 ], [ -93.21, 45.04 ], [ -93.21, 45.03 ], [ -93.21, 45.02 ], [ -93.21, 45.01 ], [ -93.21, 44.96 ], [ -93.21, 44.95 ], [ -93.2, 44.95 ], [ -93.2, 44.94 ], [ -93.2, 44.93 ], [ -93.2, 44.92 ], [ -93.2, 44.91 ], [ -93.19, 44.91 ], [ -93.19, 44.9 ], [ -93.19, 44.89 ], [ -93.18, 44.89 ], [ -93.18, 44.88 ], [ -93.19, 44.88 ], [ -93.19, 44.87 ], [ -93.2, 44.87 ], [ -93.2, 44.86 ], [ -93.2, 44.85 ], [ -93.21, 44.85 ], [ -93.21, 44.84 ], [ -93.22, 44.84 ], [ -93.22, 44.83 ], [ -93.23, 44.83 ], [ -93.23, 44.82 ], [ -93.24, 44.82 ], [ -93.25, 44.81 ], [ -93.27, 44.81 ], [ -93.28, 44.81 ], [ -93.29, 44.8 ], [ -93.3, 44.8 ], [ -93.31, 44.79 ], [ -93.32, 44.79 ], [ -93.33, 44.79 ], [ -93.34, 44.79 ], [ -93.35, 44.79 ], [ -93.36, 44.79 ], [ -93.38, 44.79 ], [ -93.38, 44.8 ], [ -93.39, 44.8 ], [ -93.4, 44.8 ], [ -93.41, 44.8 ], [ -93.41, 44.81 ], [ -93.42, 44.81 ], [ -93.43, 44.81 ], [ -93.44, 44.81 ], [ -93.45, 44.8 ], [ -93.46, 44.8 ], [ -93.46, 44.81 ], [ -93.47, 44.8 ], [ -93.48, 44.8 ], [ -93.48, 44.81 ], [ -93.49, 44.8 ], [ -93.5, 44.81 ], [ -93.5, 44.8 ], [ -93.51, 44.8 ], [ -93.52, 44.8 ], [ -93.52, 44.82 ], [ -93.52, 44.85 ], [ -93.52, 44.86 ], [ -93.52, 44.89 ], [ -93.56, 44.89 ], [ -93.6, 44.89 ], [ -93.61, 44.89 ], [ -93.65, 44.89 ], [ -93.68, 44.89 ], [ -93.71, 44.89 ], [ -93.75, 44.89 ], [ -93.77, 44.89 ], [ -93.77, 44.91 ], [ -93.77, 44.93 ], [ -93.77, 44.98 ], [ -93.77, 44.99 ], [ -93.77, 45.0 ], [ -93.77, 45.01 ], [ -93.77, 45.05 ], [ -93.77, 45.06 ], [ -93.77, 45.07 ], [ -93.76, 45.07 ], [ -93.76, 45.08 ], [ -93.75, 45.08 ], [ -93.74, 45.08 ], [ -93.73, 45.09 ], [ -93.73, 45.1 ], [ -93.72, 45.11 ], [ -93.72, 45.12 ], [ -93.71, 45.12 ], [ -93.71, 45.13 ], [ -93.7, 45.13 ], [ -93.7, 45.14 ], [ -93.69, 45.14 ], [ -93.68, 45.15 ], [ -93.67, 45.15 ], [ -93.66, 45.15 ], [ -93.66, 45.16 ], [ -93.65, 45.16 ], [ -93.64, 45.16 ], [ -93.64, 45.17 ], [ -93.64, 45.18 ], [ -93.65, 45.18 ], [ -93.65, 45.19 ], [ -93.66, 45.19 ], [ -93.66, 45.2 ], [ -93.65, 45.2 ], [ -93.64, 45.2 ], [ -93.64, 45.21 ], [ -93.63, 45.21 ] ] ] } },
{ "type": "Feature", "properties": { "WFO": "MPX", "ISSUED": "201804140300", "EXPIRED": "201804141737", "INIT_ISS": "201804130234", "INIT_EXP": "201804150600", "PHENOM": "WS", "GTYPE": "C", "SIG": "W", "ETN": 8, "STATUS": "UPG", "NWS_UGC": "MNZ063", "AREA_KM2": 1093.4844970703125, "UPDATED": "201804141737", "HV_NWSLI": null, "HV_SEV": null, "HV_CAUSE": null, "HV_REC": null, "EMERGENC": false, "POLY_BEG": null, "POLY_END": null, "WINDTAG": null, "HAILTAG": null, "TORNTAG": null, "DAMAGTAG": null, "PROD_ID": "201804130234-KMPX-WWUS43-WSWMPX", "FCSTER": "Borghoff" }, "geometry": { "type": "Polygon", "coordinates": [ [ [ -93.02, 45.3 ], [ -92.96, 45.3 ], [ -92.93, 45.3 ], [ -92.88, 45.3 ], [ -92.87, 45.3 ], [ -92.86, 45.3 ], [ -92.82, 45.3 ], [ -92.8, 45.3 ], [ -92.77, 45.3 ], [ -92.75, 45.3 ], [ -92.75, 45.29 ], [ -92.76, 45.29 ], [ -92.76, 45.28 ], [ -92.76, 45.27 ], [ -92.75, 45.27 ], [ -92.75, 45.26 ], [ -92.76, 45.25 ], [ -92.76, 45.24 ], [ -92.76, 45.23 ], [ -92.75, 45.22 ], [ -92.75, 45.21 ], [ -92.76, 45.21 ], [ -92.76, 45.2 ], [ -92.77, 45.2 ], [ -92.77, 45.19 ], [ -92.76, 45.18 ], [ -92.75, 45.17 ], [ -92.76, 45.17 ], [ -92.76, 45.16 ], [ -92.76, 45.15 ], [ -92.75, 45.15 ], [ -92.75, 45.14 ], [ -92.75, 45.13 ], [ -92.75, 45.12 ], [ -92.74, 45.12 ], [ -92.74, 45.11 ], [ -92.75, 45.11 ], [ -92.75, 45.1 ], [ -92.76, 45.1 ], [ -92.77, 45.1 ], [ -92.77, 45.09 ], [ -92.78, 45.08 ], [ -92.79, 45.08 ], [ -92.8, 45.07 ], [ -92.8, 45.06 ], [ -92.8, 45.05 ], [ -92.79, 45.05 ], [ -92.79, 45.04 ], [ -92.78, 45.04 ], [ -92.77, 45.03 ], [ -92.76, 45.03 ], [ -92.76, 45.02 ], [ -92.77, 45.01 ], [ -92.77, 45.0 ], [ -92.77, 44.99 ], [ -92.77, 44.98 ], [ -92.77, 44.97 ], [ -92.76, 44.97 ], [ -92.76, 44.96 ], [ -92.75, 44.96 ], [ -92.75, 44.95 ], [ -92.75, 44.94 ], [ -92.75, 44.93 ], [ -92.76, 44.92 ], [ -92.76, 44.91 ], [ -92.77, 44.9 ], [ -92.77, 44.89 ], [ -92.77, 44.88 ], [ -92.76, 44.88 ], [ -92.76, 44.87 ], [ -92.77, 44.87 ], [ -92.77, 44.86 ], [ -92.77, 44.85 ], [ -92.77, 44.84 ], [ -92.77, 44.83 ], [ -92.77, 44.82 ], [ -92.78, 44.82 ], [ -92.78, 44.81 ], [ -92.78, 44.8 ], [ -92.78, 44.79 ], [ -92.79, 44.79 ], [ -92.8, 44.78 ], [ -92.8, 44.77 ], [ -92.81, 44.77 ], [ -92.81, 44.76 ], [ -92.81, 44.75 ], [ -92.82, 44.75 ], [ -92.83, 44.75 ], [ -92.84, 44.75 ], [ -92.85, 44.75 ], [ -92.86, 44.75 ], [ -92.86, 44.76 ], [ -92.87, 44.76 ], [ -92.88, 44.77 ], [ -92.88, 44.78 ], [ -92.89, 44.77 ], [ -92.9, 44.77 ], [ -92.91, 44.77 ], [ -92.92, 44.78 ], [ -92.93, 44.78 ], [ -92.94, 44.78 ], [ -92.94, 44.77 ], [ -92.95, 44.77 ], [ -92.96, 44.77 ], [ -92.97, 44.77 ], [ -92.98, 44.77 ], [ -92.99, 44.78 ], [ -92.99, 44.77 ], [ -93.0, 44.77 ], [ -93.01, 44.77 ], [ -93.02, 44.78 ], [ -93.02, 44.79 ], [ -93.02, 44.8 ], [ -93.01, 44.81 ], [ -93.0, 44.82 ], [ -93.01, 44.82 ], [ -93.01, 44.83 ], [ -93.01, 44.84 ], [ -93.01, 44.85 ], [ -93.01, 44.86 ], [ -93.01, 44.87 ], [ -93.02, 44.88 ], [ -93.02, 44.89 ], [ -92.99, 44.89 ], [ -92.98, 44.89 ], [ -92.98, 44.9 ], [ -92.98, 44.92 ], [ -92.98, 44.93 ], [ -92.98, 44.95 ], [ -92.98, 44.96 ], [ -92.98, 45.0 ], [ -92.98, 45.03 ], [ -92.98, 45.09 ], [ -92.98, 45.12 ], [ -92.99, 45.12 ], [ -93.02, 45.12 ], [ -93.02, 45.15 ], [ -93.02, 45.23 ], [ -93.02, 45.27 ], [ -93.02, 45.3 ] ] ] } },
{ "type": "Feature", "properties": { "WFO": "MPX", "ISSUED": "201804140600", "EXPIRED": "201804141604", "INIT_ISS": "201804130234", "INIT_EXP": "201804150600", "PHENOM": "WS", "GTYPE": "C", "SIG": "W", "ETN": 8, "STATUS": "UPG", "NWS_UGC": "MNZ076", "AREA_KM2": 1224.811767578125, "UPDATED": "201804141604", "HV_NWSLI": null, "HV_SEV": null, "HV_CAUSE": null, "HV_REC": null, "EMERGENC": false, "POLY_BEG": null, "POLY_END": null, "WINDTAG": null, "HAILTAG": null, "TORNTAG": null, "DAMAGTAG": null, "PROD_ID": "201804130234-KMPX-WWUS43-WSWMPX", "FCSTER": "Borghoff" }, "geometry": { "type": "Polygon", "coordinates": [ [ [ -93.96, 44.38 ], [ -93.95, 44.38 ], [ -93.95, 44.39 ], [ -93.95, 44.4 ], [ -93.95, 44.41 ], [ -93.94, 44.41 ], [ -93.94, 44.42 ], [ -93.93, 44.43 ], [ -93.93, 44.44 ], [ -93.93, 44.45 ], [ -93.93, 44.46 ], [ -93.92, 44.46 ], [ -93.92, 44.47 ], [ -93.91, 44.47 ], [ -93.9, 44.48 ], [ -93.9, 44.49 ], [ -93.89, 44.49 ], [ -93.89, 44.5 ], [ -93.89, 44.51 ], [ -93.89, 44.52 ], [ -93.89, 44.53 ], [ -93.9, 44.53 ], [ -93.9, 44.54 ], [ -93.89, 44.54 ], [ -93.88, 44.54 ], [ -93.79, 44.54 ], [ -93.78, 44.54 ], [ -93.76, 44.54 ], [ -93.73, 44.54 ], [ -93.67, 44.54 ], [ -93.63, 44.54 ], [ -93.58, 44.54 ], [ -93.57, 44.54 ], [ -93.52, 44.54 ], [ -93.52, 44.53 ], [ -93.52, 44.5 ], [ -93.52, 44.49 ], [ -93.52, 44.47 ], [ -93.52, 44.42 ], [ -93.52, 44.36 ], [ -93.52, 44.34 ], [ -93.52, 44.33 ], [ -93.53, 44.31 ], [ -93.53, 44.29 ], [ -93.53, 44.25 ], [ -93.53, 44.24 ], [ -93.52, 44.24 ], [ -93.53, 44.22 ], [ -93.53, 44.2 ], [ -93.56, 44.2 ], [ -93.6, 44.2 ], [ -93.62, 44.2 ], [ -93.66, 44.2 ], [ -93.69, 44.2 ], [ -93.75, 44.2 ], [ -93.77, 44.2 ], [ -93.77, 44.24 ], [ -93.8, 44.24 ], [ -93.81, 44.24 ], [ -93.83, 44.24 ], [ -93.86, 44.24 ], [ -93.87, 44.24 ], [ -93.89, 44.24 ], [ -93.92, 44.24 ], [ -93.94, 44.24 ], [ -93.95, 44.24 ], [ -93.98, 44.24 ], [ -94.0, 44.24 ], [ -94.01, 44.24 ], [ -94.02, 44.24 ], [ -94.02, 44.25 ], [ -94.01, 44.25 ], [ -94.02, 44.26 ], [ -94.01, 44.27 ], [ -94.01, 44.28 ], [ -94.0, 44.28 ], [ -94.0, 44.29 ], [ -93.99, 44.29 ], [ -93.99, 44.3 ], [ -93.98, 44.3 ], [ -93.97, 44.3 ], [ -93.97, 44.31 ], [ -93.96, 44.31 ], [ -93.95, 44.32 ], [ -93.95, 44.33 ], [ -93.94, 44.33 ], [ -93.95, 44.34 ], [ -93.94, 44.34 ], [ -93.93, 44.34 ], [ -93.94, 44.35 ], [ -93.94, 44.36 ], [ -93.95, 44.36 ], [ -93.96, 44.36 ], [ -93.96, 44.37 ], [ -93.96, 44.38 ] ] ] } },
{ "type": "Feature", "properties": { "WFO": "MPX", "ISSUED": "201804140600", "EXPIRED": "201804141604", "INIT_ISS": "201804130234", "INIT_EXP": "201804150600", "PHENOM": "WS", "GTYPE": "C", "SIG": "W", "ETN": 8, "STATUS": "UPG", "NWS_UGC": "MNZ093", "AREA_KM2": 1868.12255859375, "UPDATED": "201804141604", "HV_NWSLI": null, "HV_SEV": null, "HV_CAUSE": null, "HV_REC": null, "EMERGENC": false, "POLY_BEG": null, "POLY_END": null, "WINDTAG": null, "HAILTAG": null, "TORNTAG": null, "DAMAGTAG": null, "PROD_ID": "201804130234-KMPX-WWUS43-WSWMPX", "FCSTER": "Borghoff" }, "geometry": { "type": "Polygon", "coordinates": [ [ [ -93.05, 43.85 ], [ -93.05, 43.76 ], [ -93.05, 43.75 ], [ -93.05, 43.73 ], [ -93.05, 43.64 ], [ -93.05, 43.6 ], [ -93.05, 43.59 ], [ -93.05, 43.56 ], [ -93.05, 43.53 ], [ -93.05, 43.5 ], [ -93.06, 43.5 ], [ -93.25, 43.5 ], [ -93.27, 43.5 ], [ -93.36, 43.5 ], [ -93.48, 43.5 ], [ -93.49, 43.5 ], [ -93.5, 43.5 ], [ -93.64, 43.5 ], [ -93.65, 43.5 ], [ -93.65, 43.55 ], [ -93.65, 43.63 ], [ -93.65, 43.64 ], [ -93.65, 43.67 ], [ -93.65, 43.69 ], [ -93.65, 43.73 ], [ -93.65, 43.78 ], [ -93.65, 43.83 ], [ -93.65, 43.84 ], [ -93.65, 43.85 ], [ -93.62, 43.85 ], [ -93.59, 43.85 ], [ -93.47, 43.85 ], [ -93.43, 43.85 ], [ -93.41, 43.85 ], [ -93.4, 43.85 ], [ -93.06, 43.85 ], [ -93.05, 43.85 ] ] ] } },
{ "type": "Feature", "properties": { "WFO": "ARX", "ISSUED": "201804140600", "EXPIRED": "201804141800", "INIT_ISS": "201804132104", "INIT_EXP": "201804141800", "PHENOM": "WW", "GTYPE": "C", "SIG": "Y", "ETN": 17, "STATUS": "EXP", "NWS_UGC": "MNZ087", "AREA_KM2": 1691.7724609375, "UPDATED": "201804141754", "HV_NWSLI": null, "HV_SEV": null, "HV_CAUSE": null, "HV_REC": null, "EMERGENC": false, "POLY_BEG": null, "POLY_END": null, "WINDTAG": null, "HAILTAG": null, "TORNTAG": null, "DAMAGTAG": null, "PROD_ID": "201804132104-KARX-WWUS43-WSWARX", "FCSTER": "04/JM" }, "geometry": { "type": "Polygon", "coordinates": [ [ [ -92.67, 44.2 ], [ -92.63, 44.2 ], [ -92.61, 44.2 ], [ -92.6, 44.2 ], [ -92.6, 44.19 ], [ -92.59, 44.2 ], [ -92.58, 44.19 ], [ -92.55, 44.19 ], [ -92.54, 44.19 ], [ -92.52, 44.19 ], [ -92.51, 44.19 ], [ -92.5, 44.19 ], [ -92.49, 44.19 ], [ -92.46, 44.19 ], [ -92.44, 44.19 ], [ -92.42, 44.19 ], [ -92.38, 44.19 ], [ -92.35, 44.19 ], [ -92.34, 44.19 ], [ -92.32, 44.19 ], [ -92.32, 44.11 ], [ -92.27, 44.11 ], [ -92.13, 44.11 ], [ -92.08, 44.11 ], [ -92.08, 44.05 ], [ -92.08, 44.03 ], [ -92.08, 44.02 ], [ -92.08, 44.01 ], [ -92.08, 43.98 ], [ -92.08, 43.95 ], [ -92.08, 43.93 ], [ -92.08, 43.89 ], [ -92.08, 43.85 ], [ -92.09, 43.85 ], [ -92.22, 43.85 ], [ -92.24, 43.85 ], [ -92.32, 43.85 ], [ -92.35, 43.85 ], [ -92.39, 43.85 ], [ -92.45, 43.85 ], [ -92.45, 43.83 ], [ -92.46, 43.83 ], [ -92.47, 43.83 ], [ -92.49, 43.83 ], [ -92.5, 43.83 ], [ -92.53, 43.83 ], [ -92.55, 43.83 ], [ -92.59, 43.83 ], [ -92.63, 43.83 ], [ -92.69, 43.83 ], [ -92.69, 43.84 ], [ -92.69, 43.85 ], [ -92.68, 43.85 ], [ -92.68, 43.86 ], [ -92.68, 43.92 ], [ -92.68, 43.94 ], [ -92.68, 43.95 ], [ -92.68, 43.97 ], [ -92.68, 43.99 ], [ -92.68, 44.01 ], [ -92.68, 44.08 ], [ -92.68, 44.11 ], [ -92.68, 44.12 ], [ -92.68, 44.17 ], [ -92.68, 44.2 ], [ -92.67, 44.2 ] ] ] } },
{ "type": "Feature", "properties": { "WFO": "ARX", "ISSUED": "201804140600", "EXPIRED": "201804141800", "INIT_ISS": "201804132104", "INIT_EXP": "201804141800", "PHENOM": "WW", "GTYPE": "C", "SIG": "Y", "ETN": 17, "STATUS": "EXP", "NWS_UGC": "MNZ088", "AREA_KM2": 1658.4879150390625, "UPDATED": "201804141754", "HV_NWSLI": null, "HV_SEV": null, "HV_CAUSE": null, "HV_REC": null, "EMERGENC": false, "POLY_BEG": null, "POLY_END": null, "WINDTAG": null, "HAILTAG": null, "TORNTAG": null, "DAMAGTAG": null, "PROD_ID": "201804132104-KARX-WWUS43-WSWARX", "FCSTER": "04/JM" }, "geometry": { "type": "Polygon", "coordinates": [ [ [ -91.86, 44.19 ], [ -91.85, 44.19 ], [ -91.84, 44.18 ], [ -91.83, 44.18 ], [ -91.82, 44.16 ], [ -91.81, 44.16 ], [ -91.8, 44.15 ], [ -91.78, 44.15 ], [ -91.77, 44.15 ], [ -91.77, 44.14 ], [ -91.76, 44.14 ], [ -91.75, 44.14 ], [ -91.75, 44.13 ], [ -91.74, 44.13 ], [ -91.73, 44.13 ], [ -91.72, 44.13 ], [ -91.71, 44.12 ], [ -91.71, 44.11 ], [ -91.71, 44.1 ], [ -91.7, 44.1 ], [ -91.69, 44.1 ], [ -91.68, 44.1 ], [ -91.67, 44.09 ], [ -91.66, 44.08 ], [ -91.66, 44.07 ], [ -91.65, 44.07 ], [ -91.65, 44.06 ], [ -91.64, 44.06 ], [ -91.63, 44.06 ], [ -91.62, 44.05 ], [ -91.61, 44.05 ], [ -91.6, 44.04 ], [ -91.6, 44.03 ], [ -91.59, 44.03 ], [ -91.58, 44.03 ], [ -91.57, 44.03 ], [ -91.56, 44.03 ], [ -91.56, 44.02 ], [ -91.55, 44.02 ], [ -91.53, 44.02 ], [ -91.52, 44.02 ], [ -91.51, 44.02 ], [ -91.5, 44.02 ], [ -91.5, 44.01 ], [ -91.49, 44.01 ], [ -91.48, 44.01 ], [ -91.47, 44.01 ], [ -91.46, 44.01 ], [ -91.45, 44.01 ], [ -91.44, 44.0 ], [ -91.43, 44.0 ], [ -91.43, 43.99 ], [ -91.42, 43.98 ], [ -91.41, 43.97 ], [ -91.41, 43.96 ], [ -91.4, 43.96 ], [ -91.39, 43.96 ], [ -91.39, 43.95 ], [ -91.38, 43.94 ], [ -91.37, 43.94 ], [ -91.36, 43.93 ], [ -91.36, 43.92 ], [ -91.35, 43.92 ], [ -91.35, 43.91 ], [ -91.34, 43.91 ], [ -91.34, 43.9 ], [ -91.33, 43.9 ], [ -91.33, 43.89 ], [ -91.32, 43.89 ], [ -91.32, 43.88 ], [ -91.31, 43.88 ], [ -91.31, 43.87 ], [ -91.31, 43.86 ], [ -91.3, 43.86 ], [ -91.29, 43.85 ], [ -91.35, 43.85 ], [ -91.36, 43.85 ], [ -91.38, 43.85 ], [ -91.49, 43.85 ], [ -91.5, 43.85 ], [ -91.63, 43.85 ], [ -91.72, 43.85 ], [ -91.73, 43.85 ], [ -91.74, 43.85 ], [ -91.75, 43.85 ], [ -91.79, 43.85 ], [ -91.8, 43.85 ], [ -91.83, 43.85 ], [ -91.87, 43.85 ], [ -91.88, 43.85 ], [ -91.91, 43.85 ], [ -91.92, 43.85 ], [ -91.96, 43.85 ], [ -92.07, 43.85 ], [ -92.08, 43.85 ], [ -92.08, 43.89 ], [ -92.08, 43.93 ], [ -92.08, 43.95 ], [ -92.08, 43.98 ], [ -92.08, 44.01 ], [ -92.08, 44.02 ], [ -92.08, 44.03 ], [ -92.08, 44.05 ], [ -92.08, 44.11 ], [ -92.08, 44.12 ], [ -92.08, 44.13 ], [ -92.08, 44.15 ], [ -92.08, 44.18 ], [ -92.08, 44.19 ], [ -91.95, 44.19 ], [ -91.92, 44.19 ], [ -91.9, 44.19 ], [ -91.86, 44.19 ] ] ] } },
{ "type": "Feature", "properties": { "WFO": "MPX", "ISSUED": "201804140600", "EXPIRED": "201804141737", "INIT_ISS": "201804130234", "INIT_EXP": "201804150600", "PHENOM": "WS", "GTYPE": "C", "SIG": "W", "ETN": 8, "STATUS": "UPG", "NWS_UGC": "MNZ078", "AREA_KM2": 2017.197265625, "UPDATED": "201804141737", "HV_NWSLI": null, "HV_SEV": null, "HV_CAUSE": null, "HV_REC": null, "EMERGENC": false, "POLY_BEG": null, "POLY_END": null, "WINDTAG": null, "HAILTAG": null, "TORNTAG": null, "DAMAGTAG": null, "PROD_ID": "201804130234-KMPX-WWUS43-WSWMPX", "FCSTER": "Borghoff" }, "geometry": { "type": "Polygon", "coordinates": [ [ [ -93.04, 44.51 ], [ -93.03, 44.51 ], [ -93.03, 44.52 ], [ -93.02, 44.52 ], [ -93.01, 44.52 ], [ -93.0, 44.52 ], [ -92.99, 44.52 ], [ -92.98, 44.52 ], [ -92.98, 44.51 ], [ -92.97, 44.52 ], [ -92.96, 44.52 ], [ -92.96, 44.51 ], [ -92.95, 44.51 ], [ -92.94, 44.51 ], [ -92.93, 44.51 ], [ -92.92, 44.52 ], [ -92.92, 44.54 ], [ -92.91, 44.54 ], [ -92.83, 44.54 ], [ -92.8, 44.54 ], [ -92.79, 44.54 ], [ -92.79, 44.55 ], [ -92.79, 44.57 ], [ -92.79, 44.6 ], [ -92.79, 44.63 ], [ -92.78, 44.63 ], [ -92.73, 44.63 ], [ -92.73, 44.65 ], [ -92.73, 44.71 ], [ -92.72, 44.71 ], [ -92.7, 44.69 ], [ -92.69, 44.69 ], [ -92.69, 44.68 ], [ -92.68, 44.68 ], [ -92.68, 44.67 ], [ -92.67, 44.67 ], [ -92.66, 44.66 ], [ -92.65, 44.65 ], [ -92.64, 44.65 ], [ -92.63, 44.65 ], [ -92.62, 44.64 ], [ -92.62, 44.63 ], [ -92.62, 44.62 ], [ -92.62, 44.61 ], [ -92.61, 44.61 ], [ -92.6, 44.61 ], [ -92.59, 44.61 ], [ -92.59, 44.6 ], [ -92.58, 44.6 ], [ -92.57, 44.6 ], [ -92.56, 44.6 ], [ -92.56, 44.59 ], [ -92.55, 44.58 ], [ -92.55, 44.57 ], [ -92.54, 44.57 ], [ -92.53, 44.57 ], [ -92.52, 44.57 ], [ -92.51, 44.57 ], [ -92.49, 44.57 ], [ -92.48, 44.57 ], [ -92.47, 44.57 ], [ -92.46, 44.56 ], [ -92.45, 44.56 ], [ -92.44, 44.56 ], [ -92.43, 44.57 ], [ -92.42, 44.56 ], [ -92.41, 44.56 ], [ -92.4, 44.56 ], [ -92.39, 44.56 ], [ -92.38, 44.56 ], [ -92.37, 44.56 ], [ -92.36, 44.56 ], [ -92.35, 44.56 ], [ -92.34, 44.56 ], [ -92.34, 44.55 ], [ -92.33, 44.55 ], [ -92.32, 44.55 ], [ -92.32, 44.54 ], [ -92.31, 44.54 ], [ -92.31, 44.53 ], [ -92.31, 44.52 ], [ -92.3, 44.52 ], [ -92.3, 44.51 ], [ -92.3, 44.5 ], [ -92.3, 44.49 ], [ -92.29, 44.49 ], [ -92.29, 44.48 ], [ -92.28, 44.48 ], [ -92.28, 44.47 ], [ -92.27, 44.47 ], [ -92.26, 44.47 ], [ -92.26, 44.46 ], [ -92.25, 44.46 ], [ -92.24, 44.46 ], [ -92.24, 44.45 ], [ -92.25, 44.45 ], [ -92.32, 44.45 ], [ -92.4, 44.46 ], [ -92.41, 44.46 ], [ -92.42, 44.46 ], [ -92.43, 44.46 ], [ -92.43, 44.45 ], [ -92.43, 44.37 ], [ -92.44, 44.37 ], [ -92.5, 44.37 ], [ -92.55, 44.37 ], [ -92.55, 44.33 ], [ -92.55, 44.31 ], [ -92.55, 44.29 ], [ -92.55, 44.27 ], [ -92.55, 44.19 ], [ -92.58, 44.19 ], [ -92.59, 44.2 ], [ -92.6, 44.19 ], [ -92.6, 44.2 ], [ -92.61, 44.2 ], [ -92.63, 44.2 ], [ -92.67, 44.2 ], [ -92.68, 44.2 ], [ -92.74, 44.2 ], [ -92.76, 44.2 ], [ -92.81, 44.2 ], [ -92.87, 44.2 ], [ -92.94, 44.2 ], [ -92.97, 44.2 ], [ -92.98, 44.2 ], [ -93.04, 44.2 ], [ -93.04, 44.24 ], [ -93.04, 44.25 ], [ -93.04, 44.27 ], [ -93.04, 44.28 ], [ -93.04, 44.32 ], [ -93.04, 44.39 ], [ -93.04, 44.42 ], [ -93.04, 44.43 ], [ -93.04, 44.45 ], [ -93.04, 44.47 ], [ -93.04, 44.49 ], [ -93.04, 44.5 ], [ -93.04, 44.51 ] ] ] } },
{ "type": "Feature", "properties": { "WFO": "MPX", "ISSUED": "201804140600", "EXPIRED": "201804141604", "INIT_ISS": "201804130234", "INIT_EXP": "201804150600", "PHENOM": "WS", "GTYPE": "C", "SIG": "W", "ETN": 8, "STATUS": "UPG", "NWS_UGC": "MNZ077", "AREA_KM2": 1333.9932861328125, "UPDATED": "201804141604", "HV_NWSLI": null, "HV_SEV": null, "HV_CAUSE": null, "HV_REC": null, "EMERGENC": false, "POLY_BEG": null, "POLY_END": null, "WINDTAG": null, "HAILTAG": null, "TORNTAG": null, "DAMAGTAG": null, "PROD_ID": "201804130234-KMPX-WWUS43-WSWMPX", "FCSTER": "Borghoff" }, "geometry": { "type": "Polygon", "coordinates": [ [ [ -93.28, 44.54 ], [ -93.28, 44.49 ], [ -93.28, 44.47 ], [ -93.26, 44.47 ], [ -93.25, 44.47 ], [ -93.24, 44.47 ], [ -93.22, 44.47 ], [ -93.19, 44.47 ], [ -93.16, 44.47 ], [ -93.13, 44.47 ], [ -93.1, 44.47 ], [ -93.08, 44.47 ], [ -93.05, 44.47 ], [ -93.04, 44.47 ], [ -93.04, 44.45 ], [ -93.04, 44.43 ], [ -93.04, 44.42 ], [ -93.04, 44.39 ], [ -93.04, 44.32 ], [ -93.04, 44.28 ], [ -93.04, 44.27 ], [ -93.04, 44.25 ], [ -93.04, 44.24 ], [ -93.04, 44.2 ], [ -93.05, 44.2 ], [ -93.18, 44.2 ], [ -93.19, 44.2 ], [ -93.26, 44.2 ], [ -93.41, 44.2 ], [ -93.49, 44.2 ], [ -93.53, 44.2 ], [ -93.53, 44.22 ], [ -93.52, 44.24 ], [ -93.53, 44.24 ], [ -93.53, 44.25 ], [ -93.53, 44.29 ], [ -93.53, 44.31 ], [ -93.52, 44.33 ], [ -93.52, 44.34 ], [ -93.52, 44.36 ], [ -93.52, 44.42 ], [ -93.52, 44.47 ], [ -93.52, 44.49 ], [ -93.52, 44.5 ], [ -93.52, 44.53 ], [ -93.52, 44.54 ], [ -93.5, 44.54 ], [ -93.46, 44.54 ], [ -93.41, 44.54 ], [ -93.36, 44.54 ], [ -93.28, 44.54 ] ] ] } },
{ "type": "Feature", "properties": { "WFO": "MPX", "ISSUED": "201804140600", "EXPIRED": "201804141604", "INIT_ISS": "201804130234", "INIT_EXP": "201804150600", "PHENOM": "WS", "GTYPE": "C", "SIG": "W", "ETN": 8, "STATUS": "UPG", "NWS_UGC": "MNZ085", "AREA_KM2": 1116.9599609375, "UPDATED": "201804141604", "HV_NWSLI": null, "HV_SEV": null, "HV_CAUSE": null, "HV_REC": null, "EMERGENC": false, "POLY_BEG": null, "POLY_END": null, "WINDTAG": null, "HAILTAG": null, "TORNTAG": null, "DAMAGTAG": null, "PROD_ID": "201804130234-KMPX-WWUS43-WSWMPX", "FCSTER": "Borghoff" }, "geometry": { "type": "Polygon", "coordinates": [ [ [ -93.05, 44.2 ], [ -93.05, 44.16 ], [ -93.05, 44.12 ], [ -93.05, 44.08 ], [ -93.05, 44.04 ], [ -93.05, 44.02 ], [ -93.05, 44.0 ], [ -93.05, 43.94 ], [ -93.05, 43.87 ], [ -93.05, 43.86 ], [ -93.05, 43.85 ], [ -93.06, 43.85 ], [ -93.4, 43.85 ], [ -93.41, 43.85 ], [ -93.41, 43.92 ], [ -93.41, 43.94 ], [ -93.41, 43.99 ], [ -93.41, 44.0 ], [ -93.41, 44.01 ], [ -93.41, 44.02 ], [ -93.41, 44.09 ], [ -93.41, 44.2 ], [ -93.26, 44.2 ], [ -93.19, 44.2 ], [ -93.18, 44.2 ], [ -93.05, 44.2 ] ] ] } },
{ "type": "Feature", "properties": { "WFO": "MPX", "ISSUED": "201804140600", "EXPIRED": "201804141604", "INIT_ISS": "201804130234", "INIT_EXP": "201804150600", "PHENOM": "WS", "GTYPE": "C", "SIG": "W", "ETN": 8, "STATUS": "UPG", "NWS_UGC": "MNZ084", "AREA_KM2": 1118.6544189453125, "UPDATED": "201804141604", "HV_NWSLI": null, "HV_SEV": null, "HV_CAUSE": null, "HV_REC": null, "EMERGENC": false, "POLY_BEG": null, "POLY_END": null, "WINDTAG": null, "HAILTAG": null, "TORNTAG": null, "DAMAGTAG": null, "PROD_ID": "201804130234-KMPX-WWUS43-WSWMPX", "FCSTER": "Borghoff" }, "geometry": { "type": "Polygon", "coordinates": [ [ [ -93.41, 43.85 ], [ -93.43, 43.85 ], [ -93.47, 43.85 ], [ -93.59, 43.85 ], [ -93.62, 43.85 ], [ -93.65, 43.85 ], [ -93.76, 43.85 ], [ -93.77, 43.85 ], [ -93.77, 43.92 ], [ -93.77, 43.94 ], [ -93.77, 43.95 ], [ -93.77, 43.98 ], [ -93.77, 44.05 ], [ -93.77, 44.1 ], [ -93.77, 44.12 ], [ -93.77, 44.15 ], [ -93.77, 44.18 ], [ -93.77, 44.2 ], [ -93.75, 44.2 ], [ -93.69, 44.2 ], [ -93.66, 44.2 ], [ -93.62, 44.2 ], [ -93.6, 44.2 ], [ -93.56, 44.2 ], [ -93.53, 44.2 ], [ -93.49, 44.2 ], [ -93.41, 44.2 ], [ -93.41, 44.09 ], [ -93.41, 44.02 ], [ -93.41, 44.01 ], [ -93.41, 44.0 ], [ -93.41, 43.99 ], [ -93.41, 43.94 ], [ -93.41, 43.92 ], [ -93.41, 43.85 ] ] ] } },
{ "type": "Feature", "properties": { "WFO": "ARX", "ISSUED": "201804140600", "EXPIRED": "201804141800", "INIT_ISS": "201804132104", "INIT_EXP": "201804141800", "PHENOM": "WW", "GTYPE": "C", "SIG": "Y", "ETN": 17, "STATUS": "EXP", "NWS_UGC": "MNZ086", "AREA_KM2": 1136.32470703125, "UPDATED": "201804141754", "HV_NWSLI": null, "HV_SEV": null, "HV_CAUSE": null, "HV_REC": null, "EMERGENC": false, "POLY_BEG": null, "POLY_END": null, "WINDTAG": null, "HAILTAG": null, "TORNTAG": null, "DAMAGTAG": null, "PROD_ID": "201804132104-KARX-WWUS43-WSWARX", "FCSTER": "04/JM" }, "geometry": { "type": "Polygon", "coordinates": [ [ [ -92.87, 44.2 ], [ -92.81, 44.2 ], [ -92.76, 44.2 ], [ -92.74, 44.2 ], [ -92.68, 44.2 ], [ -92.68, 44.17 ], [ -92.68, 44.12 ], [ -92.68, 44.11 ], [ -92.68, 44.08 ], [ -92.68, 44.01 ], [ -92.68, 43.99 ], [ -92.68, 43.97 ], [ -92.68, 43.95 ], [ -92.68, 43.94 ], [ -92.68, 43.92 ], [ -92.68, 43.86 ], [ -92.68, 43.85 ], [ -92.69, 43.85 ], [ -92.7, 43.85 ], [ -92.73, 43.85 ], [ -92.76, 43.85 ], [ -92.79, 43.85 ], [ -92.87, 43.85 ], [ -92.93, 43.85 ], [ -93.05, 43.85 ], [ -93.05, 43.86 ], [ -93.05, 43.87 ], [ -93.05, 43.94 ], [ -93.05, 44.0 ], [ -93.05, 44.02 ], [ -93.05, 44.04 ], [ -93.05, 44.08 ], [ -93.05, 44.12 ], [ -93.05, 44.16 ], [ -93.05, 44.2 ], [ -93.04, 44.2 ], [ -92.98, 44.2 ], [ -92.97, 44.2 ], [ -92.94, 44.2 ], [ -92.87, 44.2 ] ] ] } },
{ "type": "Feature", "properties": { "WFO": "ARX", "ISSUED": "201804140600", "EXPIRED": "201804141800", "INIT_ISS": "201804132104", "INIT_EXP": "201804141800", "PHENOM": "WW", "GTYPE": "C", "SIG": "Y", "ETN": 17, "STATUS": "EXP", "NWS_UGC": "MNZ079", "AREA_KM2": 1421.1058349609375, "UPDATED": "201804141754", "HV_NWSLI": null, "HV_SEV": null, "HV_CAUSE": null, "HV_REC": null, "EMERGENC": false, "POLY_BEG": null, "POLY_END": null, "WINDTAG": null, "HAILTAG": null, "TORNTAG": null, "DAMAGTAG": null, "PROD_ID": "201804132104-KARX-WWUS43-WSWARX", "FCSTER": "04/JM" }, "geometry": { "type": "Polygon", "coordinates": [ [ [ -92.41, 44.46 ], [ -92.4, 44.46 ], [ -92.32, 44.45 ], [ -92.25, 44.45 ], [ -92.24, 44.45 ], [ -92.23, 44.45 ], [ -92.23, 44.44 ], [ -92.22, 44.44 ], [ -92.21, 44.44 ], [ -92.2, 44.43 ], [ -92.17, 44.43 ], [ -92.16, 44.43 ], [ -92.14, 44.42 ], [ -92.12, 44.42 ], [ -92.11, 44.42 ], [ -92.11, 44.41 ], [ -92.1, 44.41 ], [ -92.08, 44.41 ], [ -92.08, 44.4 ], [ -92.07, 44.4 ], [ -92.06, 44.4 ], [ -92.05, 44.4 ], [ -92.05, 44.39 ], [ -92.04, 44.39 ], [ -92.03, 44.39 ], [ -92.02, 44.38 ], [ -92.01, 44.38 ], [ -92.0, 44.38 ], [ -91.99, 44.37 ], [ -91.98, 44.37 ], [ -91.97, 44.37 ], [ -91.97, 44.36 ], [ -91.96, 44.36 ], [ -91.95, 44.35 ], [ -91.94, 44.34 ], [ -91.93, 44.34 ], [ -91.92, 44.33 ], [ -91.92, 44.32 ], [ -91.91, 44.31 ], [ -91.92, 44.3 ], [ -91.92, 44.29 ], [ -91.91, 44.28 ], [ -91.9, 44.28 ], [ -91.9, 44.27 ], [ -91.89, 44.26 ], [ -91.89, 44.25 ], [ -91.89, 44.24 ], [ -91.89, 44.23 ], [ -91.88, 44.22 ], [ -91.88, 44.21 ], [ -91.88, 44.2 ], [ -91.87, 44.2 ], [ -91.86, 44.19 ], [ -91.9, 44.19 ], [ -91.92, 44.19 ], [ -91.95, 44.19 ], [ -92.08, 44.19 ], [ -92.08, 44.18 ], [ -92.08, 44.15 ], [ -92.08, 44.13 ], [ -92.08, 44.12 ], [ -92.08, 44.11 ], [ -92.13, 44.11 ], [ -92.27, 44.11 ], [ -92.32, 44.11 ], [ -92.32, 44.19 ], [ -92.34, 44.19 ], [ -92.35, 44.19 ], [ -92.38, 44.19 ], [ -92.42, 44.19 ], [ -92.44, 44.19 ], [ -92.46, 44.19 ], [ -92.49, 44.19 ], [ -92.5, 44.19 ], [ -92.51, 44.19 ], [ -92.52, 44.19 ], [ -92.54, 44.19 ], [ -92.55, 44.19 ], [ -92.55, 44.27 ], [ -92.55, 44.29 ], [ -92.55, 44.31 ], [ -92.55, 44.33 ], [ -92.55, 44.37 ], [ -92.5, 44.37 ], [ -92.44, 44.37 ], [ -92.43, 44.37 ], [ -92.43, 44.45 ], [ -92.43, 44.46 ], [ -92.42, 44.46 ], [ -92.41, 44.46 ] ] ] } },
{ "type": "Feature", "properties": { "WFO": "DVN", "ISSUED": "201804140613", "EXPIRED": "201804150000", "INIT_ISS": "201804140613", "INIT_EXP": "201804150000", "PHENOM": "WI", "GTYPE": "C", "SIG": "Y", "ETN": 2, "STATUS": "EXP", "NWS_UGC": "IAZ051", "AREA_KM2": 1858.115966796875, "UPDATED": "201804142344", "HV_NWSLI": null, "HV_SEV": null, "HV_CAUSE": null, "HV_REC": null, "EMERGENC": false, "POLY_BEG": null, "POLY_END": null, "WINDTAG": null, "HAILTAG": null, "TORNTAG": null, "DAMAGTAG": null, "PROD_ID": "201804140613-KDVN-WWUS73-NPWDVN", "FCSTER": null }, "geometry": { "type": "Polygon", "coordinates": [ [ [ -91.83, 42.3 ], [ -91.83, 42.28 ], [ -91.83, 42.27 ], [ -91.83, 42.22 ], [ -91.83, 42.2 ], [ -91.83, 42.16 ], [ -91.83, 42.14 ], [ -91.83, 42.12 ], [ -91.83, 42.09 ], [ -91.83, 42.08 ], [ -91.83, 42.07 ], [ -91.84, 42.04 ], [ -91.83, 41.94 ], [ -91.83, 41.93 ], [ -91.83, 41.9 ], [ -91.83, 41.88 ], [ -91.83, 41.87 ], [ -91.83, 41.86 ], [ -91.85, 41.86 ], [ -91.87, 41.86 ], [ -91.9, 41.86 ], [ -91.93, 41.86 ], [ -91.96, 41.86 ], [ -91.97, 41.86 ], [ -91.99, 41.86 ], [ -92.0, 41.86 ], [ -92.01, 41.86 ], [ -92.05, 41.86 ], [ -92.07, 41.86 ], [ -92.14, 41.86 ], [ -92.23, 41.86 ], [ -92.25, 41.86 ], [ -92.3, 41.86 ], [ -92.3, 41.89 ], [ -92.3, 41.9 ], [ -92.3, 41.94 ], [ -92.3, 41.96 ], [ -92.3, 41.97 ], [ -92.3, 41.98 ], [ -92.3, 42.0 ], [ -92.3, 42.02 ], [ -92.3, 42.04 ], [ -92.3, 42.05 ], [ -92.3, 42.1 ], [ -92.3, 42.15 ], [ -92.3, 42.23 ], [ -92.3, 42.25 ], [ -92.3, 42.26 ], [ -92.3, 42.3 ], [ -92.15, 42.3 ], [ -92.08, 42.3 ], [ -92.06, 42.3 ], [ -92.0, 42.3 ], [ -91.98, 42.3 ], [ -91.95, 42.3 ], [ -91.83, 42.3 ] ] ] } },
{ "type": "Feature", "properties": { "WFO": "DVN", "ISSUED": "201804140613", "EXPIRED": "201804150000", "INIT_ISS": "201804140613", "INIT_EXP": "201804150000", "PHENOM": "WI", "GTYPE": "C", "SIG": "Y", "ETN": 2, "STATUS": "EXP", "NWS_UGC": "IAZ054", "AREA_KM2": 1680.2783203125, "UPDATED": "201804142344", "HV_NWSLI": null, "HV_SEV": null, "HV_CAUSE": null, "HV_REC": null, "EMERGENC": false, "POLY_BEG": null, "POLY_END": null, "WINDTAG": null, "HAILTAG": null, "TORNTAG": null, "DAMAGTAG": null, "PROD_ID": "201804140613-KDVN-WWUS73-NPWDVN", "FCSTER": null }, "geometry": { "type": "Polygon", "coordinates": [ [ [ -90.5, 42.38 ], [ -90.48, 42.38 ], [ -90.47, 42.38 ], [ -90.47, 42.37 ], [ -90.46, 42.37 ], [ -90.46, 42.36 ], [ -90.45, 42.36 ], [ -90.44, 42.36 ], [ -90.44, 42.35 ], [ -90.43, 42.34 ], [ -90.43, 42.33 ], [ -90.42, 42.33 ], [ -90.42, 42.32 ], [ -90.42, 42.31 ], [ -90.42, 42.3 ], [ -90.42, 42.29 ], [ -90.43, 42.29 ], [ -90.43, 42.28 ], [ -90.43, 42.27 ], [ -90.42, 42.27 ], [ -90.42, 42.26 ], [ -90.42, 42.25 ], [ -90.41, 42.25 ], [ -90.4, 42.24 ], [ -90.4, 42.23 ], [ -90.39, 42.23 ], [ -90.39, 42.22 ], [ -90.38, 42.22 ], [ -90.37, 42.21 ], [ -90.36, 42.21 ], [ -90.35, 42.2 ], [ -90.34, 42.2 ], [ -90.33, 42.2 ], [ -90.32, 42.19 ], [ -90.31, 42.19 ], [ -90.3, 42.19 ], [ -90.28, 42.18 ], [ -90.27, 42.17 ], [ -90.26, 42.17 ], [ -90.25, 42.17 ], [ -90.24, 42.17 ], [ -90.23, 42.17 ], [ -90.22, 42.16 ], [ -90.21, 42.15 ], [ -90.2, 42.14 ], [ -90.2, 42.13 ], [ -90.19, 42.13 ], [ -90.17, 42.12 ], [ -90.16, 42.12 ], [ -90.16, 42.11 ], [ -90.16, 42.1 ], [ -90.16, 42.09 ], [ -90.17, 42.08 ], [ -90.17, 42.07 ], [ -90.17, 42.06 ], [ -90.17, 42.05 ], [ -90.16, 42.05 ], [ -90.16, 42.04 ], [ -90.16, 42.03 ], [ -90.17, 42.03 ], [ -90.21, 42.03 ], [ -90.24, 42.03 ], [ -90.27, 42.03 ], [ -90.3, 42.03 ], [ -90.37, 42.03 ], [ -90.42, 42.03 ], [ -90.44, 42.03 ], [ -90.5, 42.03 ], [ -90.58, 42.03 ], [ -90.6, 42.03 ], [ -90.61, 42.03 ], [ -90.63, 42.03 ], [ -90.7, 42.03 ], [ -90.72, 42.03 ], [ -90.75, 42.03 ], [ -90.77, 42.03 ], [ -90.81, 42.03 ], [ -90.82, 42.03 ], [ -90.83, 42.03 ], [ -90.84, 42.03 ], [ -90.9, 42.03 ], [ -90.9, 42.08 ], [ -90.9, 42.12 ], [ -90.9, 42.14 ], [ -90.9, 42.19 ], [ -90.9, 42.3 ], [ -90.86, 42.29 ], [ -90.81, 42.3 ], [ -90.79, 42.29 ], [ -90.76, 42.3 ], [ -90.75, 42.29 ], [ -90.73, 42.3 ], [ -90.67, 42.29 ], [ -90.67, 42.34 ], [ -90.67, 42.36 ], [ -90.66, 42.38 ], [ -90.5, 42.38 ] ] ] } },
{ "type": "Feature", "properties": { "WFO": "DVN", "ISSUED": "201804140613", "EXPIRED": "201804150000", "INIT_ISS": "201804140613", "INIT_EXP": "201804150000", "PHENOM": "WI", "GTYPE": "C", "SIG": "Y", "ETN": 2, "STATUS": "EXP", "NWS_UGC": "IAZ064", "AREA_KM2": 1612.1790771484375, "UPDATED": "201804142344", "HV_NWSLI": null, "HV_SEV": null, "HV_CAUSE": null, "HV_REC": null, "EMERGENC": false, "POLY_BEG": null, "POLY_END": null, "WINDTAG": null, "HAILTAG": null, "TORNTAG": null, "DAMAGTAG": null, "PROD_ID": "201804140613-KDVN-WWUS73-NPWDVN", "FCSTER": null }, "geometry": { "type": "Polygon", "coordinates": [ [ [ -91.7, 41.86 ], [ -91.6, 41.86 ], [ -91.53, 41.86 ], [ -91.5, 41.86 ], [ -91.49, 41.86 ], [ -91.37, 41.86 ], [ -91.37, 41.83 ], [ -91.37, 41.82 ], [ -91.37, 41.76 ], [ -91.37, 41.71 ], [ -91.37, 41.66 ], [ -91.37, 41.64 ], [ -91.37, 41.63 ], [ -91.37, 41.6 ], [ -91.37, 41.59 ], [ -91.37, 41.57 ], [ -91.37, 41.5 ], [ -91.37, 41.46 ], [ -91.37, 41.42 ], [ -91.39, 41.42 ], [ -91.44, 41.42 ], [ -91.46, 41.42 ], [ -91.48, 41.42 ], [ -91.48, 41.43 ], [ -91.49, 41.44 ], [ -91.5, 41.45 ], [ -91.5, 41.46 ], [ -91.51, 41.46 ], [ -91.51, 41.47 ], [ -91.51, 41.48 ], [ -91.5, 41.48 ], [ -91.5, 41.49 ], [ -91.51, 41.49 ], [ -91.51, 41.5 ], [ -91.52, 41.5 ], [ -91.53, 41.51 ], [ -91.54, 41.51 ], [ -91.61, 41.51 ], [ -91.63, 41.51 ], [ -91.64, 41.51 ], [ -91.71, 41.51 ], [ -91.73, 41.51 ], [ -91.77, 41.51 ], [ -91.83, 41.51 ], [ -91.83, 41.53 ], [ -91.83, 41.55 ], [ -91.83, 41.57 ], [ -91.83, 41.58 ], [ -91.83, 41.6 ], [ -91.83, 41.63 ], [ -91.83, 41.69 ], [ -91.83, 41.72 ], [ -91.83, 41.75 ], [ -91.83, 41.8 ], [ -91.83, 41.83 ], [ -91.83, 41.86 ], [ -91.74, 41.86 ], [ -91.7, 41.86 ] ] ] } },
{ "type": "Feature", "properties": { "WFO": "DVN", "ISSUED": "201804140613", "EXPIRED": "201804150000", "INIT_ISS": "201804140613", "INIT_EXP": "201804150000", "PHENOM": "WI", "GTYPE": "C", "SIG": "Y", "ETN": 2, "STATUS": "EXP", "NWS_UGC": "IAZ053", "AREA_KM2": 1491.2271728515625, "UPDATED": "201804142344", "HV_NWSLI": null, "HV_SEV": null, "HV_CAUSE": null, "HV_REC": null, "EMERGENC": false, "POLY_BEG": null, "POLY_END": null, "WINDTAG": null, "HAILTAG": null, "TORNTAG": null, "DAMAGTAG": null, "PROD_ID": "201804140613-KDVN-WWUS73-NPWDVN", "FCSTER": null }, "geometry": { "type": "Polygon", "coordinates": [ [ [ -91.32, 42.3 ], [ -91.31, 42.3 ], [ -91.3, 42.3 ], [ -91.27, 42.3 ], [ -91.26, 42.3 ], [ -91.25, 42.3 ], [ -91.21, 42.3 ], [ -91.13, 42.3 ], [ -91.12, 42.3 ], [ -91.05, 42.3 ], [ -91.01, 42.3 ], [ -91.0, 42.3 ], [ -90.98, 42.3 ], [ -90.96, 42.3 ], [ -90.94, 42.3 ], [ -90.9, 42.3 ], [ -90.9, 42.19 ], [ -90.9, 42.14 ], [ -90.9, 42.12 ], [ -90.9, 42.08 ], [ -90.9, 42.03 ], [ -90.9, 42.0 ], [ -90.9, 41.96 ], [ -90.9, 41.95 ], [ -90.91, 41.95 ], [ -90.95, 41.95 ], [ -91.13, 41.95 ], [ -91.2, 41.95 ], [ -91.23, 41.95 ], [ -91.25, 41.95 ], [ -91.37, 41.95 ], [ -91.37, 41.96 ], [ -91.37, 41.99 ], [ -91.36, 42.0 ], [ -91.36, 42.01 ], [ -91.36, 42.03 ], [ -91.36, 42.12 ], [ -91.36, 42.13 ], [ -91.36, 42.18 ], [ -91.36, 42.3 ], [ -91.32, 42.3 ] ] ] } },
{ "type": "Feature", "properties": { "WFO": "DVN", "ISSUED": "201804140613", "EXPIRED": "201804150000", "INIT_ISS": "201804140613", "INIT_EXP": "201804150000", "PHENOM": "WI", "GTYPE": "C", "SIG": "Y", "ETN": 2, "STATUS": "EXP", "NWS_UGC": "IAZ052", "AREA_KM2": 1873.4979248046875, "UPDATED": "201804142344", "HV_NWSLI": null, "HV_SEV": null, "HV_CAUSE": null, "HV_REC": null, "EMERGENC": false, "POLY_BEG": null, "POLY_END": null, "WINDTAG": null, "HAILTAG": null, "TORNTAG": null, "DAMAGTAG": null, "PROD_ID": "201804140613-KDVN-WWUS73-NPWDVN", "FCSTER": null }, "geometry": { "type": "Polygon", "coordinates": [ [ [ -91.78, 42.3 ], [ -91.77, 42.3 ], [ -91.71, 42.3 ], [ -91.68, 42.3 ], [ -91.6, 42.3 ], [ -91.48, 42.3 ], [ -91.46, 42.3 ], [ -91.4, 42.3 ], [ -91.38, 42.3 ], [ -91.36, 42.3 ], [ -91.36, 42.18 ], [ -91.36, 42.13 ], [ -91.36, 42.12 ], [ -91.36, 42.03 ], [ -91.36, 42.01 ], [ -91.36, 42.0 ], [ -91.37, 41.99 ], [ -91.37, 41.96 ], [ -91.37, 41.95 ], [ -91.37, 41.88 ], [ -91.37, 41.86 ], [ -91.49, 41.86 ], [ -91.5, 41.86 ], [ -91.53, 41.86 ], [ -91.6, 41.86 ], [ -91.7, 41.86 ], [ -91.74, 41.86 ], [ -91.83, 41.86 ], [ -91.83, 41.87 ], [ -91.83, 41.88 ], [ -91.83, 41.9 ], [ -91.83, 41.93 ], [ -91.83, 41.94 ], [ -91.84, 42.04 ], [ -91.83, 42.07 ], [ -91.83, 42.08 ], [ -91.83, 42.09 ], [ -91.83, 42.12 ], [ -91.83, 42.14 ], [ -91.83, 42.16 ], [ -91.83, 42.2 ], [ -91.83, 42.22 ], [ -91.83, 42.27 ], [ -91.83, 42.28 ], [ -91.83, 42.3 ], [ -91.78, 42.3 ] ] ] } },
{ "type": "Feature", "properties": { "WFO": "DVN", "ISSUED": "201804140613", "EXPIRED": "201804150000", "INIT_ISS": "201804140613", "INIT_EXP": "201804150000", "PHENOM": "WI", "GTYPE": "C", "SIG": "Y", "ETN": 2, "STATUS": "EXP", "NWS_UGC": "IAZ042", "AREA_KM2": 1594.415771484375, "UPDATED": "201804142344", "HV_NWSLI": null, "HV_SEV": null, "HV_CAUSE": null, "HV_REC": null, "EMERGENC": false, "POLY_BEG": null, "POLY_END": null, "WINDTAG": null, "HAILTAG": null, "TORNTAG": null, "DAMAGTAG": null, "PROD_ID": "201804140613-KDVN-WWUS73-NPWDVN", "FCSTER": null }, "geometry": { "type": "Polygon", "coordinates": [ [ [ -90.75, 42.65 ], [ -90.74, 42.65 ], [ -90.73, 42.64 ], [ -90.72, 42.64 ], [ -90.71, 42.64 ], [ -90.71, 42.63 ], [ -90.7, 42.63 ], [ -90.7, 42.62 ], [ -90.69, 42.61 ], [ -90.69, 42.6 ], [ -90.69, 42.59 ], [ -90.68, 42.58 ], [ -90.67, 42.58 ], [ -90.66, 42.57 ], [ -90.66, 42.56 ], [ -90.65, 42.55 ], [ -90.65, 42.54 ], [ -90.64, 42.54 ], [ -90.64, 42.53 ], [ -90.64, 42.52 ], [ -90.64, 42.51 ], [ -90.65, 42.5 ], [ -90.66, 42.49 ], [ -90.66, 42.48 ], [ -90.65, 42.48 ], [ -90.65, 42.47 ], [ -90.64, 42.47 ], [ -90.62, 42.46 ], [ -90.61, 42.45 ], [ -90.6, 42.45 ], [ -90.59, 42.45 ], [ -90.58, 42.44 ], [ -90.57, 42.44 ], [ -90.56, 42.44 ], [ -90.56, 42.43 ], [ -90.56, 42.42 ], [ -90.55, 42.42 ], [ -90.55, 42.41 ], [ -90.54, 42.41 ], [ -90.52, 42.4 ], [ -90.51, 42.4 ], [ -90.5, 42.4 ], [ -90.49, 42.39 ], [ -90.49, 42.38 ], [ -90.5, 42.38 ], [ -90.66, 42.38 ], [ -90.67, 42.36 ], [ -90.67, 42.34 ], [ -90.67, 42.29 ], [ -90.73, 42.3 ], [ -90.75, 42.29 ], [ -90.76, 42.3 ], [ -90.79, 42.29 ], [ -90.81, 42.3 ], [ -90.86, 42.29 ], [ -90.9, 42.3 ], [ -90.94, 42.3 ], [ -90.96, 42.3 ], [ -90.98, 42.3 ], [ -91.0, 42.3 ], [ -91.01, 42.3 ], [ -91.05, 42.3 ], [ -91.12, 42.3 ], [ -91.13, 42.3 ], [ -91.13, 42.45 ], [ -91.13, 42.47 ], [ -91.13, 42.49 ], [ -91.13, 42.5 ], [ -91.13, 42.55 ], [ -91.13, 42.59 ], [ -91.13, 42.62 ], [ -91.13, 42.63 ], [ -91.13, 42.65 ], [ -91.04, 42.65 ], [ -91.03, 42.65 ], [ -91.01, 42.65 ], [ -90.97, 42.65 ], [ -90.9, 42.65 ], [ -90.9, 42.68 ], [ -90.89, 42.67 ], [ -90.87, 42.67 ], [ -90.86, 42.67 ], [ -90.85, 42.66 ], [ -90.84, 42.66 ], [ -90.83, 42.66 ], [ -90.82, 42.66 ], [ -90.81, 42.66 ], [ -90.8, 42.66 ], [ -90.79, 42.65 ], [ -90.78, 42.65 ], [ -90.77, 42.65 ], [ -90.76, 42.65 ], [ -90.75, 42.65 ] ] ] } },
{ "type": "Feature", "properties": { "WFO": "DVN", "ISSUED": "201804140613", "EXPIRED": "201804150000", "INIT_ISS": "201804140613", "INIT_EXP": "201804150000", "PHENOM": "WI", "GTYPE": "C", "SIG": "Y", "ETN": 2, "STATUS": "EXP", "NWS_UGC": "IAZ065", "AREA_KM2": 1505.174072265625, "UPDATED": "201804142344", "HV_NWSLI": null, "HV_SEV": null, "HV_CAUSE": null, "HV_REC": null, "EMERGENC": false, "POLY_BEG": null, "POLY_END": null, "WINDTAG": null, "HAILTAG": null, "TORNTAG": null, "DAMAGTAG": null, "PROD_ID": "201804140613-KDVN-WWUS73-NPWDVN", "FCSTER": null }, "geometry": { "type": "Polygon", "coordinates": [ [ [ -91.23, 41.95 ], [ -91.2, 41.95 ], [ -91.13, 41.95 ], [ -90.95, 41.95 ], [ -90.91, 41.95 ], [ -90.9, 41.95 ], [ -90.9, 41.92 ], [ -90.9, 41.91 ], [ -90.9, 41.87 ], [ -90.9, 41.85 ], [ -90.9, 41.84 ], [ -90.9, 41.83 ], [ -90.9, 41.82 ], [ -90.9, 41.8 ], [ -90.9, 41.77 ], [ -90.9, 41.75 ], [ -90.9, 41.74 ], [ -90.9, 41.73 ], [ -90.9, 41.71 ], [ -90.9, 41.63 ], [ -90.9, 41.61 ], [ -90.9, 41.6 ], [ -90.91, 41.6 ], [ -90.96, 41.6 ], [ -91.04, 41.6 ], [ -91.12, 41.6 ], [ -91.16, 41.6 ], [ -91.2, 41.6 ], [ -91.22, 41.6 ], [ -91.25, 41.6 ], [ -91.32, 41.6 ], [ -91.37, 41.6 ], [ -91.37, 41.63 ], [ -91.37, 41.64 ], [ -91.37, 41.66 ], [ -91.37, 41.71 ], [ -91.37, 41.76 ], [ -91.37, 41.82 ], [ -91.37, 41.83 ], [ -91.37, 41.86 ], [ -91.37, 41.88 ], [ -91.37, 41.95 ], [ -91.25, 41.95 ], [ -91.23, 41.95 ] ] ] } },
{ "type": "Feature", "properties": { "WFO": "DVN", "ISSUED": "201804140613", "EXPIRED": "201804150000", "INIT_ISS": "201804140613", "INIT_EXP": "201804150000", "PHENOM": "WI", "GTYPE": "C", "SIG": "Y", "ETN": 2, "STATUS": "EXP", "NWS_UGC": "IAZ041", "AREA_KM2": 1497.22705078125, "UPDATED": "201804142344", "HV_NWSLI": null, "HV_SEV": null, "HV_CAUSE": null, "HV_REC": null, "EMERGENC": false, "POLY_BEG": null, "POLY_END": null, "WINDTAG": null, "HAILTAG": null, "TORNTAG": null, "DAMAGTAG": null, "PROD_ID": "201804140613-KDVN-WWUS73-NPWDVN", "FCSTER": null }, "geometry": { "type": "Polygon", "coordinates": [ [ [ -91.13, 42.65 ], [ -91.13, 42.63 ], [ -91.13, 42.62 ], [ -91.13, 42.59 ], [ -91.13, 42.55 ], [ -91.13, 42.5 ], [ -91.13, 42.49 ], [ -91.13, 42.47 ], [ -91.13, 42.45 ], [ -91.13, 42.3 ], [ -91.21, 42.3 ], [ -91.25, 42.3 ], [ -91.26, 42.3 ], [ -91.27, 42.3 ], [ -91.3, 42.3 ], [ -91.31, 42.3 ], [ -91.32, 42.3 ], [ -91.36, 42.3 ], [ -91.38, 42.3 ], [ -91.4, 42.3 ], [ -91.46, 42.3 ], [ -91.48, 42.3 ], [ -91.6, 42.3 ], [ -91.6, 42.32 ], [ -91.6, 42.38 ], [ -91.6, 42.43 ], [ -91.6, 42.44 ], [ -91.6, 42.47 ], [ -91.61, 42.47 ], [ -91.61, 42.48 ], [ -91.61, 42.53 ], [ -91.61, 42.57 ], [ -91.61, 42.59 ], [ -91.61, 42.6 ], [ -91.61, 42.64 ], [ -91.55, 42.64 ], [ -91.54, 42.64 ], [ -91.49, 42.64 ], [ -91.47, 42.64 ], [ -91.46, 42.64 ], [ -91.45, 42.64 ], [ -91.43, 42.64 ], [ -91.42, 42.64 ], [ -91.41, 42.64 ], [ -91.38, 42.64 ], [ -91.28, 42.65 ], [ -91.23, 42.65 ], [ -91.21, 42.65 ], [ -91.13, 42.65 ] ] ] } },
{ "type": "Feature", "properties": { "WFO": "DVN", "ISSUED": "201804140613", "EXPIRED": "201804150000", "INIT_ISS": "201804140613", "INIT_EXP": "201804150000", "PHENOM": "WI", "GTYPE": "C", "SIG": "Y", "ETN": 2, "STATUS": "EXP", "NWS_UGC": "IAZ066", "AREA_KM2": 1836.62548828125, "UPDATED": "201804142344", "HV_NWSLI": null, "HV_SEV": null, "HV_CAUSE": null, "HV_REC": null, "EMERGENC": false, "POLY_BEG": null, "POLY_END": null, "WINDTAG": null, "HAILTAG": null, "TORNTAG": null, "DAMAGTAG": null, "PROD_ID": "201804140613-KDVN-WWUS73-NPWDVN", "FCSTER": null }, "geometry": { "type": "Polygon", "coordinates": [ [ [ -90.66, 41.76 ], [ -90.67, 41.76 ], [ -90.68, 41.76 ], [ -90.68, 41.75 ], [ -90.69, 41.76 ], [ -90.69, 41.75 ], [ -90.69, 41.74 ], [ -90.7, 41.74 ], [ -90.71, 41.74 ], [ -90.71, 41.73 ], [ -90.72, 41.74 ], [ -90.73, 41.74 ], [ -90.74, 41.74 ], [ -90.75, 41.74 ], [ -90.75, 41.75 ], [ -90.76, 41.76 ], [ -90.77, 41.77 ], [ -90.78, 41.77 ], [ -90.79, 41.77 ], [ -90.8, 41.77 ], [ -90.89, 41.77 ], [ -90.9, 41.77 ], [ -90.9, 41.8 ], [ -90.9, 41.82 ], [ -90.9, 41.83 ], [ -90.9, 41.84 ], [ -90.9, 41.85 ], [ -90.9, 41.87 ], [ -90.9, 41.91 ], [ -90.9, 41.92 ], [ -90.9, 41.95 ], [ -90.9, 41.96 ], [ -90.9, 42.0 ], [ -90.9, 42.03 ], [ -90.84, 42.03 ], [ -90.83, 42.03 ], [ -90.82, 42.03 ], [ -90.81, 42.03 ], [ -90.77, 42.03 ], [ -90.75, 42.03 ], [ -90.72, 42.03 ], [ -90.7, 42.03 ], [ -90.63, 42.03 ], [ -90.61, 42.03 ], [ -90.6, 42.03 ], [ -90.58, 42.03 ], [ -90.5, 42.03 ], [ -90.44, 42.03 ], [ -90.42, 42.03 ], [ -90.37, 42.03 ], [ -90.3, 42.03 ], [ -90.27, 42.03 ], [ -90.24, 42.03 ], [ -90.21, 42.03 ], [ -90.17, 42.03 ], [ -90.16, 42.03 ], [ -90.15, 42.03 ], [ -90.15, 42.02 ], [ -90.14, 42.01 ], [ -90.14, 42.0 ], [ -90.14, 41.99 ], [ -90.15, 41.99 ], [ -90.15, 41.98 ], [ -90.15, 41.97 ], [ -90.16, 41.97 ], [ -90.16, 41.96 ], [ -90.16, 41.95 ], [ -90.16, 41.94 ], [ -90.15, 41.94 ], [ -90.15, 41.93 ], [ -90.15, 41.92 ], [ -90.15, 41.91 ], [ -90.16, 41.9 ], [ -90.17, 41.88 ], [ -90.17, 41.87 ], [ -90.17, 41.86 ], [ -90.17, 41.85 ], [ -90.18, 41.85 ], [ -90.18, 41.84 ], [ -90.18, 41.83 ], [ -90.18, 41.82 ], [ -90.18, 41.81 ], [ -90.19, 41.8 ], [ -90.2, 41.8 ], [ -90.22, 41.8 ], [ -90.22, 41.79 ], [ -90.24, 41.78 ], [ -90.25, 41.78 ], [ -90.26, 41.77 ], [ -90.27, 41.77 ], [ -90.28, 41.77 ], [ -90.28, 41.76 ], [ -90.29, 41.76 ], [ -90.3, 41.75 ], [ -90.31, 41.74 ], [ -90.31, 41.73 ], [ -90.32, 41.73 ], [ -90.33, 41.73 ], [ -90.33, 41.74 ], [ -90.34, 41.74 ], [ -90.34, 41.73 ], [ -90.35, 41.73 ], [ -90.36, 41.73 ], [ -90.37, 41.73 ], [ -90.38, 41.73 ], [ -90.38, 41.74 ], [ -90.39, 41.74 ], [ -90.39, 41.73 ], [ -90.4, 41.73 ], [ -90.41, 41.73 ], [ -90.41, 41.74 ], [ -90.42, 41.74 ], [ -90.43, 41.74 ], [ -90.43, 41.75 ], [ -90.43, 41.76 ], [ -90.44, 41.76 ], [ -90.45, 41.76 ], [ -90.46, 41.76 ], [ -90.47, 41.76 ], [ -90.47, 41.77 ], [ -90.48, 41.77 ], [ -90.49, 41.77 ], [ -90.5, 41.77 ], [ -90.51, 41.77 ], [ -90.52, 41.77 ], [ -90.53, 41.77 ], [ -90.54, 41.78 ], [ -90.54, 41.77 ], [ -90.55, 41.77 ], [ -90.55, 41.76 ], [ -90.56, 41.76 ], [ -90.57, 41.77 ], [ -90.57, 41.76 ], [ -90.58, 41.76 ], [ -90.59, 41.76 ], [ -90.59, 41.77 ], [ -90.6, 41.77 ], [ -90.6, 41.76 ], [ -90.61, 41.76 ], [ -90.62, 41.76 ], [ -90.63, 41.76 ], [ -90.64, 41.76 ], [ -90.65, 41.76 ], [ -90.66, 41.76 ] ] ] } },
{ "type": "Feature", "properties": { "WFO": "DVN", "ISSUED": "201804140613", "EXPIRED": "201804150000", "INIT_ISS": "201804140613", "INIT_EXP": "201804150000", "PHENOM": "WI", "GTYPE": "C", "SIG": "Y", "ETN": 2, "STATUS": "EXP", "NWS_UGC": "IAZ040", "AREA_KM2": 1482.56787109375, "UPDATED": "201804142344", "HV_NWSLI": null, "HV_SEV": null, "HV_CAUSE": null, "HV_REC": null, "EMERGENC": false, "POLY_BEG": null, "POLY_END": null, "WINDTAG": null, "HAILTAG": null, "TORNTAG": null, "DAMAGTAG": null, "PROD_ID": "201804140613-KDVN-WWUS73-NPWDVN", "FCSTER": null }, "geometry": { "type": "Polygon", "coordinates": [ [ [ -91.61, 42.64 ], [ -91.61, 42.6 ], [ -91.61, 42.59 ], [ -91.61, 42.57 ], [ -91.61, 42.53 ], [ -91.61, 42.48 ], [ -91.61, 42.47 ], [ -91.6, 42.47 ], [ -91.6, 42.44 ], [ -91.6, 42.43 ], [ -91.6, 42.38 ], [ -91.6, 42.32 ], [ -91.6, 42.3 ], [ -91.68, 42.3 ], [ -91.71, 42.3 ], [ -91.77, 42.3 ], [ -91.78, 42.3 ], [ -91.83, 42.3 ], [ -91.95, 42.3 ], [ -91.98, 42.3 ], [ -92.0, 42.3 ], [ -92.06, 42.3 ], [ -92.06, 42.32 ], [ -92.06, 42.37 ], [ -92.06, 42.38 ], [ -92.06, 42.45 ], [ -92.06, 42.46 ], [ -92.06, 42.47 ], [ -92.08, 42.47 ], [ -92.08, 42.5 ], [ -92.08, 42.51 ], [ -92.08, 42.57 ], [ -92.08, 42.61 ], [ -92.08, 42.64 ], [ -92.0, 42.64 ], [ -91.96, 42.64 ], [ -91.95, 42.64 ], [ -91.94, 42.64 ], [ -91.93, 42.64 ], [ -91.91, 42.64 ], [ -91.9, 42.64 ], [ -91.89, 42.64 ], [ -91.88, 42.64 ], [ -91.85, 42.64 ], [ -91.82, 42.64 ], [ -91.81, 42.64 ], [ -91.75, 42.64 ], [ -91.71, 42.64 ], [ -91.69, 42.64 ], [ -91.64, 42.64 ], [ -91.61, 42.64 ] ] ] } },
{ "type": "Feature", "properties": { "WFO": "DVN", "ISSUED": "201804140613", "EXPIRED": "201804150000", "INIT_ISS": "201804140613", "INIT_EXP": "201804150000", "PHENOM": "WI", "GTYPE": "C", "SIG": "Y", "ETN": 2, "STATUS": "EXP", "NWS_UGC": "IAZ063", "AREA_KM2": 1518.9859619140625, "UPDATED": "201804142344", "HV_NWSLI": null, "HV_SEV": null, "HV_CAUSE": null, "HV_REC": null, "EMERGENC": false, "POLY_BEG": null, "POLY_END": null, "WINDTAG": null, "HAILTAG": null, "TORNTAG": null, "DAMAGTAG": null, "PROD_ID": "201804140613-KDVN-WWUS73-NPWDVN", "FCSTER": null }, "geometry": { "type": "Polygon", "coordinates": [ [ [ -92.05, 41.86 ], [ -92.01, 41.86 ], [ -92.0, 41.86 ], [ -91.99, 41.86 ], [ -91.97, 41.86 ], [ -91.96, 41.86 ], [ -91.93, 41.86 ], [ -91.9, 41.86 ], [ -91.87, 41.86 ], [ -91.85, 41.86 ], [ -91.83, 41.86 ], [ -91.83, 41.83 ], [ -91.83, 41.8 ], [ -91.83, 41.75 ], [ -91.83, 41.72 ], [ -91.83, 41.69 ], [ -91.83, 41.63 ], [ -91.83, 41.6 ], [ -91.83, 41.58 ], [ -91.83, 41.57 ], [ -91.83, 41.55 ], [ -91.83, 41.53 ], [ -91.83, 41.51 ], [ -91.93, 41.51 ], [ -91.95, 41.51 ], [ -91.98, 41.51 ], [ -92.01, 41.51 ], [ -92.04, 41.51 ], [ -92.07, 41.51 ], [ -92.09, 41.51 ], [ -92.15, 41.51 ], [ -92.2, 41.51 ], [ -92.24, 41.51 ], [ -92.3, 41.51 ], [ -92.3, 41.53 ], [ -92.3, 41.54 ], [ -92.3, 41.58 ], [ -92.3, 41.6 ], [ -92.3, 41.61 ], [ -92.3, 41.63 ], [ -92.3, 41.64 ], [ -92.3, 41.65 ], [ -92.3, 41.66 ], [ -92.3, 41.7 ], [ -92.3, 41.71 ], [ -92.3, 41.73 ], [ -92.3, 41.75 ], [ -92.3, 41.77 ], [ -92.3, 41.79 ], [ -92.3, 41.8 ], [ -92.3, 41.82 ], [ -92.3, 41.85 ], [ -92.3, 41.86 ], [ -92.25, 41.86 ], [ -92.23, 41.86 ], [ -92.14, 41.86 ], [ -92.07, 41.86 ], [ -92.05, 41.86 ] ] ] } },
{ "type": "Feature", "properties": { "WFO": "DMX", "ISSUED": "201804140631", "EXPIRED": "201804142100", "INIT_ISS": "201804140631", "INIT_EXP": "201804142100", "PHENOM": "WI", "GTYPE": "C", "SIG": "Y", "ETN": 5, "STATUS": "EXP", "NWS_UGC": "IAZ027", "AREA_KM2": 1503.592041015625, "UPDATED": "201804142104", "HV_NWSLI": null, "HV_SEV": null, "HV_CAUSE": null, "HV_REC": null, "EMERGENC": false, "POLY_BEG": null, "POLY_END": null, "WINDTAG": null, "HAILTAG": null, "TORNTAG": null, "DAMAGTAG": null, "PROD_ID": "201804140631-KDMX-WWUS73-NPWDMX", "FCSTER": "REV" }, "geometry": { "type": "Polygon", "coordinates": [ [ [ -92.99, 42.91 ], [ -92.89, 42.91 ], [ -92.83, 42.91 ], [ -92.82, 42.91 ], [ -92.77, 42.91 ], [ -92.72, 42.91 ], [ -92.65, 42.91 ], [ -92.63, 42.91 ], [ -92.62, 42.91 ], [ -92.61, 42.91 ], [ -92.55, 42.91 ], [ -92.55, 42.87 ], [ -92.55, 42.85 ], [ -92.55, 42.79 ], [ -92.55, 42.78 ], [ -92.55, 42.76 ], [ -92.55, 42.73 ], [ -92.55, 42.66 ], [ -92.55, 42.64 ], [ -92.55, 42.63 ], [ -92.55, 42.61 ], [ -92.55, 42.58 ], [ -92.55, 42.56 ], [ -92.63, 42.56 ], [ -92.74, 42.56 ], [ -92.77, 42.56 ], [ -92.81, 42.56 ], [ -92.83, 42.56 ], [ -92.89, 42.56 ], [ -92.95, 42.56 ], [ -92.99, 42.56 ], [ -93.0, 42.56 ], [ -93.03, 42.56 ], [ -93.03, 42.57 ], [ -93.03, 42.61 ], [ -93.03, 42.63 ], [ -93.03, 42.69 ], [ -93.03, 42.73 ], [ -93.03, 42.75 ], [ -93.03, 42.87 ], [ -93.03, 42.88 ], [ -93.02, 42.91 ], [ -93.0, 42.91 ], [ -92.99, 42.91 ] ] ] } },
{ "type": "Feature", "properties": { "WFO": "DMX", "ISSUED": "201804140631", "EXPIRED": "201804142100", "INIT_ISS": "201804140631", "INIT_EXP": "201804142100", "PHENOM": "WI", "GTYPE": "C", "SIG": "Y", "ETN": 5, "STATUS": "EXP", "NWS_UGC": "IAZ049", "AREA_KM2": 1481.873291015625, "UPDATED": "201804142104", "HV_NWSLI": null, "HV_SEV": null, "HV_CAUSE": null, "HV_REC": null, "EMERGENC": false, "POLY_BEG": null, "POLY_END": null, "WINDTAG": null, "HAILTAG": null, "TORNTAG": null, "DAMAGTAG": null, "PROD_ID": "201804140631-KDMX-WWUS73-NPWDMX", "FCSTER": "REV" }, "geometry": { "type": "Polygon", "coordinates": [ [ [ -92.77, 42.21 ], [ -92.77, 42.13 ], [ -92.77, 42.11 ], [ -92.77, 42.05 ], [ -92.77, 42.01 ], [ -92.77, 42.0 ], [ -92.77, 41.99 ], [ -92.77, 41.96 ], [ -92.77, 41.86 ], [ -92.79, 41.86 ], [ -92.84, 41.86 ], [ -92.91, 41.86 ], [ -93.0, 41.86 ], [ -93.04, 41.86 ], [ -93.15, 41.86 ], [ -93.19, 41.86 ], [ -93.23, 41.86 ], [ -93.23, 41.87 ], [ -93.23, 41.88 ], [ -93.23, 41.9 ], [ -93.23, 41.91 ], [ -93.23, 41.98 ], [ -93.23, 42.01 ], [ -93.23, 42.12 ], [ -93.23, 42.14 ], [ -93.23, 42.15 ], [ -93.23, 42.17 ], [ -93.23, 42.21 ], [ -93.11, 42.21 ], [ -93.06, 42.21 ], [ -93.03, 42.21 ], [ -93.02, 42.21 ], [ -93.0, 42.21 ], [ -92.98, 42.21 ], [ -92.89, 42.21 ], [ -92.78, 42.21 ], [ -92.77, 42.21 ] ] ] } },
{ "type": "Feature", "properties": { "WFO": "DMX", "ISSUED": "201804140631", "EXPIRED": "201804142100", "INIT_ISS": "201804140631", "INIT_EXP": "201804142100", "PHENOM": "WI", "GTYPE": "C", "SIG": "Y", "ETN": 5, "STATUS": "EXP", "NWS_UGC": "IAZ037", "AREA_KM2": 1473.6824951171875, "UPDATED": "201804142104", "HV_NWSLI": null, "HV_SEV": null, "HV_CAUSE": null, "HV_REC": null, "EMERGENC": false, "POLY_BEG": null, "POLY_END": null, "WINDTAG": null, "HAILTAG": null, "TORNTAG": null, "DAMAGTAG": null, "PROD_ID": "201804140631-KDMX-WWUS73-NPWDMX", "FCSTER": "REV" }, "geometry": { "type": "Polygon", "coordinates": [ [ [ -93.5, 42.56 ], [ -93.46, 42.56 ], [ -93.39, 42.56 ], [ -93.38, 42.56 ], [ -93.29, 42.56 ], [ -93.26, 42.56 ], [ -93.2, 42.56 ], [ -93.16, 42.56 ], [ -93.03, 42.56 ], [ -93.03, 42.5 ], [ -93.03, 42.49 ], [ -93.03, 42.47 ], [ -93.02, 42.47 ], [ -93.0, 42.47 ], [ -93.0, 42.46 ], [ -93.0, 42.41 ], [ -93.0, 42.38 ], [ -93.0, 42.3 ], [ -93.0, 42.28 ], [ -93.0, 42.22 ], [ -93.0, 42.21 ], [ -93.02, 42.21 ], [ -93.03, 42.21 ], [ -93.06, 42.21 ], [ -93.11, 42.21 ], [ -93.23, 42.21 ], [ -93.29, 42.21 ], [ -93.36, 42.21 ], [ -93.38, 42.21 ], [ -93.4, 42.21 ], [ -93.46, 42.21 ], [ -93.46, 42.22 ], [ -93.46, 42.31 ], [ -93.46, 42.33 ], [ -93.46, 42.35 ], [ -93.46, 42.37 ], [ -93.46, 42.45 ], [ -93.46, 42.47 ], [ -93.5, 42.47 ], [ -93.5, 42.49 ], [ -93.5, 42.5 ], [ -93.5, 42.54 ], [ -93.5, 42.55 ], [ -93.5, 42.56 ] ] ] } },
{ "type": "Feature", "properties": { "WFO": "DMX", "ISSUED": "201804140631", "EXPIRED": "201804142100", "INIT_ISS": "201804140631", "INIT_EXP": "201804142100", "PHENOM": "WI", "GTYPE": "C", "SIG": "Y", "ETN": 5, "STATUS": "EXP", "NWS_UGC": "IAZ048", "AREA_KM2": 1483.523193359375, "UPDATED": "201804142104", "HV_NWSLI": null, "HV_SEV": null, "HV_CAUSE": null, "HV_REC": null, "EMERGENC": false, "POLY_BEG": null, "POLY_END": null, "WINDTAG": null, "HAILTAG": null, "TORNTAG": null, "DAMAGTAG": null, "PROD_ID": "201804140631-KDMX-WWUS73-NPWDMX", "FCSTER": "REV" }, "geometry": { "type": "Polygon", "coordinates": [ [ [ -93.46, 42.21 ], [ -93.4, 42.21 ], [ -93.38, 42.21 ], [ -93.36, 42.21 ], [ -93.29, 42.21 ], [ -93.23, 42.21 ], [ -93.23, 42.17 ], [ -93.23, 42.15 ], [ -93.23, 42.14 ], [ -93.23, 42.12 ], [ -93.23, 42.01 ], [ -93.23, 41.98 ], [ -93.23, 41.91 ], [ -93.23, 41.9 ], [ -93.23, 41.88 ], [ -93.23, 41.87 ], [ -93.23, 41.86 ], [ -93.25, 41.86 ], [ -93.29, 41.86 ], [ -93.35, 41.86 ], [ -93.43, 41.86 ], [ -93.46, 41.86 ], [ -93.48, 41.86 ], [ -93.51, 41.86 ], [ -93.69, 41.86 ], [ -93.7, 41.86 ], [ -93.7, 41.87 ], [ -93.7, 41.95 ], [ -93.7, 42.01 ], [ -93.7, 42.03 ], [ -93.7, 42.05 ], [ -93.7, 42.11 ], [ -93.7, 42.12 ], [ -93.7, 42.18 ], [ -93.7, 42.21 ], [ -93.64, 42.21 ], [ -93.62, 42.21 ], [ -93.57, 42.21 ], [ -93.48, 42.21 ], [ -93.46, 42.21 ] ] ] } },
{ "type": "Feature", "properties": { "WFO": "DMX", "ISSUED": "201804140631", "EXPIRED": "201804142100", "INIT_ISS": "201804140631", "INIT_EXP": "201804142100", "PHENOM": "WI", "GTYPE": "C", "SIG": "Y", "ETN": 5, "STATUS": "EXP", "NWS_UGC": "IAZ050", "AREA_KM2": 1868.0078125, "UPDATED": "201804142104", "HV_NWSLI": null, "HV_SEV": null, "HV_CAUSE": null, "HV_REC": null, "EMERGENC": false, "POLY_BEG": null, "POLY_END": null, "WINDTAG": null, "HAILTAG": null, "TORNTAG": null, "DAMAGTAG": null, "PROD_ID": "201804140631-KDMX-WWUS73-NPWDMX", "FCSTER": "REV" }, "geometry": { "type": "Polygon", "coordinates": [ [ [ -92.3, 42.3 ], [ -92.3, 42.26 ], [ -92.3, 42.25 ], [ -92.3, 42.23 ], [ -92.3, 42.15 ], [ -92.3, 42.1 ], [ -92.3, 42.05 ], [ -92.3, 42.04 ], [ -92.3, 42.02 ], [ -92.3, 42.0 ], [ -92.3, 41.98 ], [ -92.3, 41.97 ], [ -92.3, 41.96 ], [ -92.3, 41.94 ], [ -92.3, 41.9 ], [ -92.3, 41.89 ], [ -92.3, 41.86 ], [ -92.38, 41.86 ], [ -92.4, 41.86 ], [ -92.42, 41.86 ], [ -92.55, 41.86 ], [ -92.57, 41.86 ], [ -92.59, 41.86 ], [ -92.63, 41.86 ], [ -92.65, 41.86 ], [ -92.77, 41.86 ], [ -92.77, 41.96 ], [ -92.77, 41.99 ], [ -92.77, 42.0 ], [ -92.77, 42.01 ], [ -92.77, 42.05 ], [ -92.77, 42.11 ], [ -92.77, 42.13 ], [ -92.77, 42.21 ], [ -92.77, 42.24 ], [ -92.77, 42.25 ], [ -92.77, 42.3 ], [ -92.75, 42.3 ], [ -92.63, 42.3 ], [ -92.56, 42.3 ], [ -92.53, 42.3 ], [ -92.3, 42.3 ] ] ] } },
{ "type": "Feature", "properties": { "WFO": "DMX", "ISSUED": "201804140631", "EXPIRED": "201804142100", "INIT_ISS": "201804140631", "INIT_EXP": "201804142100", "PHENOM": "WI", "GTYPE": "C", "SIG": "Y", "ETN": 5, "STATUS": "EXP", "NWS_UGC": "IAZ028", "AREA_KM2": 1136.6864013671875, "UPDATED": "201804142104", "HV_NWSLI": null, "HV_SEV": null, "HV_CAUSE": null, "HV_REC": null, "EMERGENC": false, "POLY_BEG": null, "POLY_END": null, "WINDTAG": null, "HAILTAG": null, "TORNTAG": null, "DAMAGTAG": null, "PROD_ID": "201804140631-KDMX-WWUS73-NPWDMX", "FCSTER": "REV" }, "geometry": { "type": "Polygon", "coordinates": [ [ [ -92.32, 42.91 ], [ -92.31, 42.91 ], [ -92.23, 42.91 ], [ -92.15, 42.91 ], [ -92.08, 42.91 ], [ -92.08, 42.89 ], [ -92.08, 42.87 ], [ -92.08, 42.83 ], [ -92.08, 42.82 ], [ -92.08, 42.76 ], [ -92.08, 42.72 ], [ -92.08, 42.7 ], [ -92.08, 42.69 ], [ -92.08, 42.64 ], [ -92.12, 42.64 ], [ -92.13, 42.64 ], [ -92.16, 42.64 ], [ -92.25, 42.64 ], [ -92.31, 42.64 ], [ -92.55, 42.64 ], [ -92.55, 42.66 ], [ -92.55, 42.73 ], [ -92.55, 42.76 ], [ -92.55, 42.78 ], [ -92.55, 42.79 ], [ -92.55, 42.85 ], [ -92.55, 42.87 ], [ -92.55, 42.91 ], [ -92.5, 42.91 ], [ -92.49, 42.91 ], [ -92.44, 42.91 ], [ -92.32, 42.91 ] ] ] } },
{ "type": "Feature", "properties": { "WFO": "DMX", "ISSUED": "201804140631", "EXPIRED": "201804142100", "INIT_ISS": "201804140631", "INIT_EXP": "201804142100", "PHENOM": "WI", "GTYPE": "C", "SIG": "Y", "ETN": 5, "STATUS": "EXP", "NWS_UGC": "IAZ038", "AREA_KM2": 1299.400634765625, "UPDATED": "201804142104", "HV_NWSLI": null, "HV_SEV": null, "HV_CAUSE": null, "HV_REC": null, "EMERGENC": false, "POLY_BEG": null, "POLY_END": null, "WINDTAG": null, "HAILTAG": null, "TORNTAG": null, "DAMAGTAG": null, "PROD_ID": "201804140631-KDMX-WWUS73-NPWDMX", "FCSTER": "REV" }, "geometry": { "type": "Polygon", "coordinates": [ [ [ -92.99, 42.56 ], [ -92.95, 42.56 ], [ -92.89, 42.56 ], [ -92.83, 42.56 ], [ -92.81, 42.56 ], [ -92.77, 42.56 ], [ -92.74, 42.56 ], [ -92.63, 42.56 ], [ -92.55, 42.56 ], [ -92.55, 42.47 ], [ -92.53, 42.47 ], [ -92.53, 42.39 ], [ -92.53, 42.38 ], [ -92.53, 42.34 ], [ -92.53, 42.3 ], [ -92.56, 42.3 ], [ -92.63, 42.3 ], [ -92.75, 42.3 ], [ -92.77, 42.3 ], [ -92.77, 42.25 ], [ -92.77, 42.24 ], [ -92.77, 42.21 ], [ -92.78, 42.21 ], [ -92.89, 42.21 ], [ -92.98, 42.21 ], [ -93.0, 42.21 ], [ -93.0, 42.22 ], [ -93.0, 42.28 ], [ -93.0, 42.3 ], [ -93.0, 42.38 ], [ -93.0, 42.41 ], [ -93.0, 42.46 ], [ -93.0, 42.47 ], [ -93.02, 42.47 ], [ -93.03, 42.47 ], [ -93.03, 42.49 ], [ -93.03, 42.5 ], [ -93.03, 42.56 ], [ -93.0, 42.56 ], [ -92.99, 42.56 ] ] ] } },
{ "type": "Feature", "properties": { "WFO": "DMX", "ISSUED": "201804140631", "EXPIRED": "201804142100", "INIT_ISS": "201804140631", "INIT_EXP": "201804142100", "PHENOM": "WI", "GTYPE": "C", "SIG": "Y", "ETN": 5, "STATUS": "EXP", "NWS_UGC": "IAZ039", "AREA_KM2": 1478.8148193359375, "UPDATED": "201804142104", "HV_NWSLI": null, "HV_SEV": null, "HV_CAUSE": null, "HV_REC": null, "EMERGENC": false, "POLY_BEG": null, "POLY_END": null, "WINDTAG": null, "HAILTAG": null, "TORNTAG": null, "DAMAGTAG": null, "PROD_ID": "201804140631-KDMX-WWUS73-NPWDMX", "FCSTER": "REV" }, "geometry": { "type": "Polygon", "coordinates": [ [ [ -92.31, 42.64 ], [ -92.25, 42.64 ], [ -92.16, 42.64 ], [ -92.13, 42.64 ], [ -92.12, 42.64 ], [ -92.08, 42.64 ], [ -92.08, 42.61 ], [ -92.08, 42.57 ], [ -92.08, 42.51 ], [ -92.08, 42.5 ], [ -92.08, 42.47 ], [ -92.06, 42.47 ], [ -92.06, 42.46 ], [ -92.06, 42.45 ], [ -92.06, 42.38 ], [ -92.06, 42.37 ], [ -92.06, 42.32 ], [ -92.06, 42.3 ], [ -92.08, 42.3 ], [ -92.15, 42.3 ], [ -92.3, 42.3 ], [ -92.53, 42.3 ], [ -92.53, 42.34 ], [ -92.53, 42.38 ], [ -92.53, 42.39 ], [ -92.53, 42.47 ], [ -92.55, 42.47 ], [ -92.55, 42.56 ], [ -92.55, 42.58 ], [ -92.55, 42.61 ], [ -92.55, 42.63 ], [ -92.55, 42.64 ], [ -92.31, 42.64 ] ] ] } },
{ "type": "Feature", "properties": { "WFO": "ARX", "ISSUED": "201804140800", "EXPIRED": "201804141800", "INIT_ISS": "201804140756", "INIT_EXP": "201804141800", "PHENOM": "WI", "GTYPE": "C", "SIG": "Y", "ETN": 3, "STATUS": "CON", "NWS_UGC": "IAZ029", "AREA_KM2": 1891.1092529296875, "UPDATED": "201804141142", "HV_NWSLI": null, "HV_SEV": null, "HV_CAUSE": null, "HV_REC": null, "EMERGENC": false, "POLY_BEG": null, "POLY_END": null, "WINDTAG": null, "HAILTAG": null, "TORNTAG": null, "DAMAGTAG": null, "PROD_ID": "201804140756-KARX-WWUS73-NPWARX", "FCSTER": "RRS" }, "geometry": { "type": "Polygon", "coordinates": [ [ [ -92.08, 43.08 ], [ -91.99, 43.08 ], [ -91.92, 43.08 ], [ -91.86, 43.08 ], [ -91.79, 43.08 ], [ -91.77, 43.08 ], [ -91.72, 43.08 ], [ -91.68, 43.08 ], [ -91.67, 43.08 ], [ -91.65, 43.08 ], [ -91.62, 43.08 ], [ -91.61, 43.08 ], [ -91.61, 43.06 ], [ -91.61, 43.02 ], [ -91.61, 43.01 ], [ -91.61, 43.0 ], [ -91.61, 42.99 ], [ -91.61, 42.94 ], [ -91.61, 42.93 ], [ -91.61, 42.92 ], [ -91.61, 42.82 ], [ -91.61, 42.81 ], [ -91.61, 42.8 ], [ -91.61, 42.76 ], [ -91.61, 42.74 ], [ -91.61, 42.7 ], [ -91.61, 42.68 ], [ -91.61, 42.65 ], [ -91.61, 42.64 ], [ -91.64, 42.64 ], [ -91.69, 42.64 ], [ -91.71, 42.64 ], [ -91.75, 42.64 ], [ -91.81, 42.64 ], [ -91.82, 42.64 ], [ -91.85, 42.64 ], [ -91.88, 42.64 ], [ -91.89, 42.64 ], [ -91.9, 42.64 ], [ -91.91, 42.64 ], [ -91.93, 42.64 ], [ -91.94, 42.64 ], [ -91.95, 42.64 ], [ -91.96, 42.64 ], [ -92.0, 42.64 ], [ -92.08, 42.64 ], [ -92.08, 42.69 ], [ -92.08, 42.7 ], [ -92.08, 42.72 ], [ -92.08, 42.76 ], [ -92.08, 42.82 ], [ -92.08, 42.83 ], [ -92.08, 42.87 ], [ -92.08, 42.89 ], [ -92.08, 42.91 ], [ -92.08, 42.92 ], [ -92.08, 42.97 ], [ -92.08, 42.99 ], [ -92.08, 43.01 ], [ -92.08, 43.02 ], [ -92.08, 43.04 ], [ -92.08, 43.08 ] ] ] } },
{ "type": "Feature", "properties": { "WFO": "ARX", "ISSUED": "201804140800", "EXPIRED": "201804141800", "INIT_ISS": "201804140756", "INIT_EXP": "201804141800", "PHENOM": "WI", "GTYPE": "C", "SIG": "Y", "ETN": 3, "STATUS": "CON", "NWS_UGC": "IAZ019", "AREA_KM2": 1306.843017578125, "UPDATED": "201804141142", "HV_NWSLI": null, "HV_SEV": null, "HV_CAUSE": null, "HV_REC": null, "EMERGENC": false, "POLY_BEG": null, "POLY_END": null, "WINDTAG": null, "HAILTAG": null, "TORNTAG": null, "DAMAGTAG": null, "PROD_ID": "201804140756-KARX-WWUS73-NPWARX", "FCSTER": "RRS" }, "geometry": { "type": "Polygon", "coordinates": [ [ [ -92.26, 43.21 ], [ -92.24, 43.21 ], [ -92.18, 43.21 ], [ -92.12, 43.21 ], [ -92.09, 43.21 ], [ -92.08, 43.21 ], [ -92.08, 43.17 ], [ -92.08, 43.16 ], [ -92.08, 43.13 ], [ -92.08, 43.12 ], [ -92.08, 43.1 ], [ -92.08, 43.08 ], [ -92.08, 43.04 ], [ -92.08, 43.02 ], [ -92.08, 43.01 ], [ -92.08, 42.99 ], [ -92.08, 42.97 ], [ -92.08, 42.92 ], [ -92.08, 42.91 ], [ -92.15, 42.91 ], [ -92.23, 42.91 ], [ -92.31, 42.91 ], [ -92.32, 42.91 ], [ -92.44, 42.91 ], [ -92.49, 42.91 ], [ -92.5, 42.91 ], [ -92.55, 42.91 ], [ -92.55, 42.92 ], [ -92.55, 42.96 ], [ -92.55, 42.97 ], [ -92.55, 43.0 ], [ -92.55, 43.01 ], [ -92.55, 43.12 ], [ -92.55, 43.17 ], [ -92.55, 43.18 ], [ -92.55, 43.21 ], [ -92.53, 43.21 ], [ -92.51, 43.21 ], [ -92.48, 43.21 ], [ -92.46, 43.21 ], [ -92.43, 43.21 ], [ -92.41, 43.21 ], [ -92.37, 43.21 ], [ -92.36, 43.21 ], [ -92.32, 43.21 ], [ -92.3, 43.21 ], [ -92.28, 43.21 ], [ -92.26, 43.21 ] ] ] } },
{ "type": "Feature", "properties": { "WFO": "ARX", "ISSUED": "201804140800", "EXPIRED": "201804141800", "INIT_ISS": "201804140756", "INIT_EXP": "201804141800", "PHENOM": "WI", "GTYPE": "C", "SIG": "Y", "ETN": 3, "STATUS": "CON", "NWS_UGC": "IAZ018", "AREA_KM2": 1295.991943359375, "UPDATED": "201804141142", "HV_NWSLI": null, "HV_SEV": null, "HV_CAUSE": null, "HV_REC": null, "EMERGENC": false, "POLY_BEG": null, "POLY_END": null, "WINDTAG": null, "HAILTAG": null, "TORNTAG": null, "DAMAGTAG": null, "PROD_ID": "201804140756-KARX-WWUS73-NPWARX", "FCSTER": "RRS" }, "geometry": { "type": "Polygon", "coordinates": [ [ [ -92.72, 43.21 ], [ -92.69, 43.21 ], [ -92.64, 43.21 ], [ -92.63, 43.21 ], [ -92.57, 43.21 ], [ -92.55, 43.21 ], [ -92.55, 43.18 ], [ -92.55, 43.17 ], [ -92.55, 43.12 ], [ -92.55, 43.01 ], [ -92.55, 43.0 ], [ -92.55, 42.97 ], [ -92.55, 42.96 ], [ -92.55, 42.92 ], [ -92.55, 42.91 ], [ -92.61, 42.91 ], [ -92.62, 42.91 ], [ -92.63, 42.91 ], [ -92.65, 42.91 ], [ -92.72, 42.91 ], [ -92.77, 42.91 ], [ -92.82, 42.91 ], [ -92.83, 42.91 ], [ -92.89, 42.91 ], [ -92.99, 42.91 ], [ -93.0, 42.91 ], [ -93.02, 42.91 ], [ -93.02, 42.98 ], [ -93.02, 42.99 ], [ -93.02, 43.02 ], [ -93.02, 43.03 ], [ -93.02, 43.04 ], [ -93.02, 43.07 ], [ -93.02, 43.08 ], [ -93.02, 43.09 ], [ -93.02, 43.1 ], [ -93.02, 43.11 ], [ -93.02, 43.13 ], [ -93.02, 43.14 ], [ -93.02, 43.16 ], [ -93.02, 43.21 ], [ -93.01, 43.21 ], [ -92.96, 43.21 ], [ -92.92, 43.21 ], [ -92.87, 43.21 ], [ -92.85, 43.21 ], [ -92.79, 43.21 ], [ -92.72, 43.21 ] ] ] } },
{ "type": "Feature", "properties": { "WFO": "ARX", "ISSUED": "201804140800", "EXPIRED": "201804141800", "INIT_ISS": "201804140756", "INIT_EXP": "201804141800", "PHENOM": "WI", "GTYPE": "C", "SIG": "Y", "ETN": 3, "STATUS": "CON", "NWS_UGC": "IAZ030", "AREA_KM2": 2049.746826171875, "UPDATED": "201804141142", "HV_NWSLI": null, "HV_SEV": null, "HV_CAUSE": null, "HV_REC": null, "EMERGENC": false, "POLY_BEG": null, "POLY_END": null, "WINDTAG": null, "HAILTAG": null, "TORNTAG": null, "DAMAGTAG": null, "PROD_ID": "201804140756-KARX-WWUS73-NPWARX", "FCSTER": "RRS" }, "geometry": { "type": "Polygon", "coordinates": [ [ [ -91.52, 43.08 ], [ -91.49, 43.08 ], [ -91.43, 43.08 ], [ -91.33, 43.08 ], [ -91.31, 43.08 ], [ -91.3, 43.08 ], [ -91.27, 43.08 ], [ -91.25, 43.08 ], [ -91.22, 43.08 ], [ -91.18, 43.08 ], [ -91.18, 43.07 ], [ -91.18, 43.06 ], [ -91.18, 43.04 ], [ -91.17, 43.04 ], [ -91.17, 43.03 ], [ -91.17, 43.02 ], [ -91.16, 43.0 ], [ -91.16, 42.99 ], [ -91.16, 42.98 ], [ -91.15, 42.97 ], [ -91.15, 42.96 ], [ -91.15, 42.95 ], [ -91.15, 42.94 ], [ -91.15, 42.93 ], [ -91.14, 42.93 ], [ -91.14, 42.92 ], [ -91.15, 42.92 ], [ -91.15, 42.91 ], [ -91.14, 42.91 ], [ -91.14, 42.9 ], [ -91.13, 42.9 ], [ -91.12, 42.9 ], [ -91.11, 42.89 ], [ -91.1, 42.89 ], [ -91.1, 42.88 ], [ -91.1, 42.87 ], [ -91.1, 42.86 ], [ -91.09, 42.85 ], [ -91.09, 42.84 ], [ -91.1, 42.84 ], [ -91.09, 42.83 ], [ -91.08, 42.83 ], [ -91.08, 42.82 ], [ -91.08, 42.81 ], [ -91.08, 42.8 ], [ -91.07, 42.79 ], [ -91.07, 42.78 ], [ -91.07, 42.77 ], [ -91.06, 42.76 ], [ -91.07, 42.75 ], [ -91.06, 42.75 ], [ -91.05, 42.74 ], [ -91.04, 42.74 ], [ -91.03, 42.74 ], [ -91.03, 42.73 ], [ -91.03, 42.72 ], [ -91.02, 42.72 ], [ -91.01, 42.72 ], [ -91.0, 42.72 ], [ -90.99, 42.71 ], [ -90.99, 42.7 ], [ -90.98, 42.7 ], [ -90.97, 42.7 ], [ -90.97, 42.69 ], [ -90.96, 42.69 ], [ -90.95, 42.69 ], [ -90.95, 42.68 ], [ -90.94, 42.68 ], [ -90.93, 42.68 ], [ -90.92, 42.69 ], [ -90.92, 42.68 ], [ -90.91, 42.68 ], [ -90.9, 42.68 ], [ -90.9, 42.65 ], [ -90.97, 42.65 ], [ -91.01, 42.65 ], [ -91.03, 42.65 ], [ -91.04, 42.65 ], [ -91.13, 42.65 ], [ -91.21, 42.65 ], [ -91.23, 42.65 ], [ -91.28, 42.65 ], [ -91.38, 42.64 ], [ -91.41, 42.64 ], [ -91.42, 42.64 ], [ -91.43, 42.64 ], [ -91.45, 42.64 ], [ -91.46, 42.64 ], [ -91.47, 42.64 ], [ -91.49, 42.64 ], [ -91.54, 42.64 ], [ -91.55, 42.64 ], [ -91.61, 42.64 ], [ -91.61, 42.65 ], [ -91.61, 42.68 ], [ -91.61, 42.7 ], [ -91.61, 42.74 ], [ -91.61, 42.76 ], [ -91.61, 42.8 ], [ -91.61, 42.81 ], [ -91.61, 42.82 ], [ -91.61, 42.92 ], [ -91.61, 42.93 ], [ -91.61, 42.94 ], [ -91.61, 42.99 ], [ -91.61, 43.0 ], [ -91.61, 43.01 ], [ -91.61, 43.02 ], [ -91.61, 43.06 ], [ -91.61, 43.08 ], [ -91.52, 43.08 ] ] ] } },
{ "type": "Feature", "properties": { "WFO": "GID", "ISSUED": "201804140900", "EXPIRED": "201804150300", "INIT_ISS": "201804130914", "INIT_EXP": "201804150000", "PHENOM": "WW", "GTYPE": "C", "SIG": "Y", "ETN": 13, "STATUS": "EXP", "NWS_UGC": "NEZ087", "AREA_KM2": 1488.1656494140625, "UPDATED": "201804150304", "HV_NWSLI": null, "HV_SEV": null, "HV_CAUSE": null, "HV_REC": null, "EMERGENC": false, "POLY_BEG": null, "POLY_END": null, "WINDTAG": null, "HAILTAG": null, "TORNTAG": null, "DAMAGTAG": null, "PROD_ID": "201804130914-KGID-WWUS43-WSWGID", "FCSTER": "Pfannkuch" }, "geometry": { "type": "Polygon", "coordinates": [ [ [ -97.37, 40.0 ], [ -97.38, 40.0 ], [ -97.46, 40.0 ], [ -97.48, 40.0 ], [ -97.49, 40.0 ], [ -97.5, 40.0 ], [ -97.52, 40.0 ], [ -97.6, 40.0 ], [ -97.61, 40.0 ], [ -97.77, 40.0 ], [ -97.78, 40.0 ], [ -97.82, 40.0 ], [ -97.82, 40.02 ], [ -97.82, 40.05 ], [ -97.82, 40.11 ], [ -97.82, 40.19 ], [ -97.82, 40.2 ], [ -97.82, 40.26 ], [ -97.82, 40.31 ], [ -97.82, 40.33 ], [ -97.82, 40.35 ], [ -97.8, 40.35 ], [ -97.79, 40.35 ], [ -97.75, 40.35 ], [ -97.73, 40.35 ], [ -97.71, 40.35 ], [ -97.67, 40.35 ], [ -97.61, 40.35 ], [ -97.5, 40.35 ], [ -97.49, 40.35 ], [ -97.44, 40.35 ], [ -97.38, 40.35 ], [ -97.37, 40.35 ], [ -97.37, 40.31 ], [ -97.37, 40.28 ], [ -97.37, 40.22 ], [ -97.37, 40.2 ], [ -97.37, 40.12 ], [ -97.37, 40.1 ], [ -97.37, 40.06 ], [ -97.37, 40.03 ], [ -97.37, 40.0 ] ] ] } },
{ "type": "Feature", "properties": { "WFO": "DLH", "ISSUED": "201804140900", "EXPIRED": "201804160000", "INIT_ISS": "201804132021", "INIT_EXP": "201804151500", "PHENOM": "LS", "GTYPE": "C", "SIG": "W", "ETN": 1, "STATUS": "EXP", "NWS_UGC": "MNZ037", "AREA_KM2": 4808.8994140625, "UPDATED": "201804152353", "HV_NWSLI": null, "HV_SEV": null, "HV_CAUSE": null, "HV_REC": null, "EMERGENC": false, "POLY_BEG": null, "POLY_END": null, "WINDTAG": null, "HAILTAG": null, "TORNTAG": null, "DAMAGTAG": null, "PROD_ID": "201804132021-KDLH-WHUS43-CFWDLH", "FCSTER": "Huyck" }, "geometry": { "type": "MultiPolygon", "coordinates": [ [ [ [ -92.29, 46.66 ], [ -92.29, 46.64 ], [ -92.29, 46.59 ], [ -92.29, 46.57 ], [ -92.29, 46.5 ], [ -92.29, 46.43 ], [ -92.29, 46.42 ], [ -92.31, 46.42 ], [ -92.37, 46.42 ], [ -92.49, 46.42 ], [ -92.5, 46.42 ], [ -92.55, 46.42 ], [ -92.64, 46.42 ], [ -92.73, 46.42 ], [ -92.76, 46.42 ], [ -92.77, 46.42 ], [ -92.8, 46.42 ], [ -92.82, 46.42 ], [ -92.86, 46.42 ], [ -92.87, 46.42 ], [ -92.88, 46.42 ], [ -92.89, 46.42 ], [ -92.96, 46.42 ], [ -93.05, 46.42 ], [ -93.06, 46.44 ], [ -93.06, 46.5 ], [ -93.06, 46.53 ], [ -93.06, 46.58 ], [ -93.05, 46.59 ], [ -93.06, 46.59 ], [ -93.06, 46.62 ], [ -93.06, 46.63 ], [ -93.06, 46.68 ], [ -93.06, 46.7 ], [ -93.06, 46.75 ], [ -93.06, 46.77 ], [ -93.06, 46.84 ], [ -93.06, 46.87 ], [ -93.06, 46.9 ], [ -93.06, 46.91 ], [ -93.06, 46.94 ], [ -93.06, 46.95 ], [ -93.06, 46.96 ], [ -93.06, 46.98 ], [ -93.06, 47.01 ], [ -93.06, 47.02 ], [ -93.06, 47.03 ], [ -92.69, 47.03 ], [ -92.24, 47.03 ], [ -92.07, 47.02 ], [ -91.99, 47.0 ], [ -91.98, 47.0 ], [ -91.91, 46.97 ], [ -91.83, 46.94 ], [ -91.81, 46.93 ], [ -91.82, 46.93 ], [ -91.83, 46.93 ], [ -91.84, 46.93 ], [ -91.84, 46.92 ], [ -91.85, 46.92 ], [ -91.85, 46.91 ], [ -91.86, 46.91 ], [ -91.87, 46.91 ], [ -91.88, 46.91 ], [ -91.89, 46.9 ], [ -91.91, 46.89 ], [ -91.91, 46.88 ], [ -91.92, 46.88 ], [ -91.94, 46.87 ], [ -91.95, 46.87 ], [ -91.97, 46.86 ], [ -91.98, 46.85 ], [ -91.99, 46.85 ], [ -91.99, 46.84 ], [ -92.0, 46.84 ], [ -92.01, 46.84 ], [ -92.01, 46.83 ], [ -92.02, 46.83 ], [ -92.03, 46.83 ], [ -92.03, 46.82 ], [ -92.04, 46.82 ], [ -92.05, 46.81 ], [ -92.06, 46.81 ], [ -92.06, 46.8 ], [ -92.07, 46.8 ], [ -92.08, 46.8 ], [ -92.09, 46.79 ], [ -92.09, 46.78 ], [ -92.1, 46.78 ], [ -92.1, 46.77 ], [ -92.1, 46.76 ], [ -92.09, 46.75 ], [ -92.1, 46.75 ], [ -92.11, 46.75 ], [ -92.11, 46.76 ], [ -92.12, 46.76 ], [ -92.13, 46.76 ], [ -92.12, 46.75 ], [ -92.13, 46.75 ], [ -92.13, 46.74 ], [ -92.14, 46.75 ], [ -92.15, 46.74 ], [ -92.16, 46.73 ], [ -92.16, 46.72 ], [ -92.17, 46.72 ], [ -92.17, 46.73 ], [ -92.18, 46.73 ], [ -92.18, 46.72 ], [ -92.19, 46.72 ], [ -92.2, 46.72 ], [ -92.2, 46.71 ], [ -92.21, 46.7 ], [ -92.2, 46.69 ], [ -92.21, 46.68 ], [ -92.2, 46.68 ], [ -92.19, 46.68 ], [ -92.2, 46.67 ], [ -92.21, 46.67 ], [ -92.21, 46.66 ], [ -92.22, 46.65 ], [ -92.23, 46.65 ], [ -92.24, 46.65 ], [ -92.25, 46.66 ], [ -92.26, 46.66 ], [ -92.27, 46.66 ], [ -92.28, 46.66 ], [ -92.29, 46.66 ] ] ], [ [ [ -92.09, 46.77 ], [ -92.08, 46.77 ], [ -92.08, 46.76 ], [ -92.09, 46.76 ], [ -92.09, 46.77 ] ] ], [ [ [ -92.07, 46.75 ], [ -92.06, 46.75 ], [ -92.06, 46.74 ], [ -92.07, 46.74 ], [ -92.07, 46.75 ] ] ], [ [ [ -92.05, 46.73 ], [ -92.03, 46.71 ], [ -92.04, 46.72 ], [ -92.05, 46.72 ], [ -92.05, 46.73 ] ] ], [ [ [ -92.16, 46.73 ], [ -92.15, 46.73 ], [ -92.15, 46.72 ], [ -92.16, 46.73 ] ] ], [ [ [ -92.21, 46.66 ], [ -92.2, 46.66 ], [ -92.21, 46.65 ], [ -92.21, 46.66 ] ] ], [ [ [ -92.25, 46.65 ], [ -92.26, 46.65 ], [ -92.26, 46.66 ], [ -92.25, 46.65 ] ] ] ] } },
{ "type": "Feature", "properties": { "WFO": "DLH", "ISSUED": "201804140900", "EXPIRED": "201804160000", "INIT_ISS": "201804132021", "INIT_EXP": "201804151500", "PHENOM": "LS", "GTYPE": "C", "SIG": "W", "ETN": 1, "STATUS": "EXP", "NWS_UGC": "MNZ020", "AREA_KM2": 1658.69580078125, "UPDATED": "201804152353", "HV_NWSLI": null, "HV_SEV": null, "HV_CAUSE": null, "HV_REC": null, "EMERGENC": false, "POLY_BEG": null, "POLY_END": null, "WINDTAG": null, "HAILTAG": null, "TORNTAG": null, "DAMAGTAG": null, "PROD_ID": "201804132021-KDLH-WHUS43-CFWDLH", "FCSTER": "Huyck" }, "geometry": { "type": "Polygon", "coordinates": [ [ [ -91.6, 47.06 ], [ -91.61, 47.06 ], [ -91.62, 47.06 ], [ -91.62, 47.05 ], [ -91.63, 47.05 ], [ -91.63, 47.04 ], [ -91.64, 47.04 ], [ -91.64, 47.03 ], [ -91.65, 47.03 ], [ -91.66, 47.03 ], [ -91.66, 47.02 ], [ -91.66, 47.01 ], [ -91.67, 47.01 ], [ -91.67, 47.02 ], [ -91.68, 47.02 ], [ -91.68, 47.01 ], [ -91.69, 47.01 ], [ -91.7, 47.01 ], [ -91.71, 47.0 ], [ -91.72, 47.0 ], [ -91.72, 46.99 ], [ -91.73, 46.99 ], [ -91.73, 46.98 ], [ -91.74, 46.98 ], [ -91.75, 46.98 ], [ -91.75, 46.97 ], [ -91.76, 46.97 ], [ -91.76, 46.96 ], [ -91.77, 46.96 ], [ -91.77, 46.95 ], [ -91.78, 46.95 ], [ -91.78, 46.94 ], [ -91.79, 46.94 ], [ -91.8, 46.94 ], [ -91.81, 46.93 ], [ -91.83, 46.94 ], [ -91.91, 46.97 ], [ -91.98, 47.0 ], [ -91.99, 47.0 ], [ -91.87, 47.1 ], [ -91.8, 47.15 ], [ -91.79, 47.15 ], [ -91.65, 47.25 ], [ -91.38, 47.42 ], [ -91.18, 47.61 ], [ -91.05, 47.68 ], [ -91.02, 47.7 ], [ -91.02, 47.69 ], [ -91.02, 47.67 ], [ -91.02, 47.66 ], [ -91.02, 47.62 ], [ -91.02, 47.6 ], [ -91.02, 47.59 ], [ -91.02, 47.52 ], [ -91.02, 47.5 ], [ -91.02, 47.46 ], [ -91.03, 47.46 ], [ -91.04, 47.46 ], [ -91.05, 47.46 ], [ -91.05, 47.45 ], [ -91.06, 47.45 ], [ -91.06, 47.44 ], [ -91.07, 47.44 ], [ -91.07, 47.43 ], [ -91.08, 47.43 ], [ -91.09, 47.42 ], [ -91.1, 47.41 ], [ -91.11, 47.41 ], [ -91.12, 47.4 ], [ -91.13, 47.4 ], [ -91.13, 47.39 ], [ -91.14, 47.39 ], [ -91.15, 47.38 ], [ -91.16, 47.38 ], [ -91.16, 47.37 ], [ -91.17, 47.37 ], [ -91.17, 47.36 ], [ -91.18, 47.36 ], [ -91.18, 47.35 ], [ -91.19, 47.35 ], [ -91.18, 47.34 ], [ -91.19, 47.34 ], [ -91.2, 47.34 ], [ -91.2, 47.33 ], [ -91.21, 47.33 ], [ -91.21, 47.32 ], [ -91.22, 47.32 ], [ -91.22, 47.31 ], [ -91.23, 47.31 ], [ -91.24, 47.31 ], [ -91.24, 47.3 ], [ -91.25, 47.3 ], [ -91.25, 47.29 ], [ -91.25, 47.28 ], [ -91.26, 47.28 ], [ -91.26, 47.29 ], [ -91.27, 47.28 ], [ -91.27, 47.27 ], [ -91.28, 47.27 ], [ -91.29, 47.27 ], [ -91.29, 47.26 ], [ -91.3, 47.26 ], [ -91.3, 47.25 ], [ -91.31, 47.25 ], [ -91.32, 47.25 ], [ -91.32, 47.24 ], [ -91.33, 47.24 ], [ -91.33, 47.23 ], [ -91.34, 47.23 ], [ -91.34, 47.22 ], [ -91.35, 47.22 ], [ -91.35, 47.21 ], [ -91.36, 47.21 ], [ -91.37, 47.21 ], [ -91.37, 47.2 ], [ -91.38, 47.2 ], [ -91.38, 47.19 ], [ -91.39, 47.19 ], [ -91.4, 47.19 ], [ -91.4, 47.18 ], [ -91.41, 47.18 ], [ -91.41, 47.17 ], [ -91.42, 47.17 ], [ -91.42, 47.16 ], [ -91.43, 47.17 ], [ -91.43, 47.16 ], [ -91.44, 47.16 ], [ -91.44, 47.15 ], [ -91.45, 47.15 ], [ -91.46, 47.14 ], [ -91.46, 47.13 ], [ -91.47, 47.13 ], [ -91.48, 47.13 ], [ -91.48, 47.12 ], [ -91.49, 47.12 ], [ -91.5, 47.12 ], [ -91.51, 47.12 ], [ -91.51, 47.11 ], [ -91.52, 47.11 ], [ -91.52, 47.1 ], [ -91.53, 47.1 ], [ -91.54, 47.1 ], [ -91.55, 47.1 ], [ -91.55, 47.09 ], [ -91.56, 47.09 ], [ -91.57, 47.09 ], [ -91.58, 47.09 ], [ -91.58, 47.08 ], [ -91.59, 47.07 ], [ -91.6, 47.06 ] ] ] } },
{ "type": "Feature", "properties": { "WFO": "DMX", "ISSUED": "201804140902", "EXPIRED": "201804142100", "INIT_ISS": "201804140902", "INIT_EXP": "201804142100", "PHENOM": "WI", "GTYPE": "C", "SIG": "Y", "ETN": 5, "STATUS": "EXP", "NWS_UGC": "IAZ061", "AREA_KM2": 1895.3275146484375, "UPDATED": "201804142104", "HV_NWSLI": null, "HV_SEV": null, "HV_CAUSE": null, "HV_REC": null, "EMERGENC": false, "POLY_BEG": null, "POLY_END": null, "WINDTAG": null, "HAILTAG": null, "TORNTAG": null, "DAMAGTAG": null, "PROD_ID": "201804140902-KDMX-WWUS73-NPWDMX", "FCSTER": "REV" }, "geometry": { "type": "Polygon", "coordinates": [ [ [ -93.29, 41.86 ], [ -93.25, 41.86 ], [ -93.23, 41.86 ], [ -93.19, 41.86 ], [ -93.15, 41.86 ], [ -93.04, 41.86 ], [ -93.0, 41.86 ], [ -92.91, 41.86 ], [ -92.84, 41.86 ], [ -92.79, 41.86 ], [ -92.77, 41.86 ], [ -92.77, 41.85 ], [ -92.77, 41.83 ], [ -92.77, 41.82 ], [ -92.77, 41.81 ], [ -92.77, 41.78 ], [ -92.77, 41.75 ], [ -92.77, 41.73 ], [ -92.77, 41.72 ], [ -92.77, 41.64 ], [ -92.77, 41.6 ], [ -92.76, 41.6 ], [ -92.76, 41.51 ], [ -92.87, 41.51 ], [ -92.99, 41.51 ], [ -93.0, 41.51 ], [ -93.1, 41.51 ], [ -93.12, 41.51 ], [ -93.18, 41.51 ], [ -93.21, 41.51 ], [ -93.28, 41.51 ], [ -93.33, 41.51 ], [ -93.33, 41.54 ], [ -93.33, 41.56 ], [ -93.33, 41.6 ], [ -93.35, 41.6 ], [ -93.35, 41.67 ], [ -93.35, 41.72 ], [ -93.35, 41.73 ], [ -93.35, 41.75 ], [ -93.35, 41.86 ], [ -93.29, 41.86 ] ] ] } },
{ "type": "Feature", "properties": { "WFO": "DMX", "ISSUED": "201804140902", "EXPIRED": "201804142100", "INIT_ISS": "201804140902", "INIT_EXP": "201804142100", "PHENOM": "WI", "GTYPE": "C", "SIG": "Y", "ETN": 5, "STATUS": "EXP", "NWS_UGC": "IAZ059", "AREA_KM2": 1530.2049560546875, "UPDATED": "201804142104", "HV_NWSLI": null, "HV_SEV": null, "HV_CAUSE": null, "HV_REC": null, "EMERGENC": false, "POLY_BEG": null, "POLY_END": null, "WINDTAG": null, "HAILTAG": null, "TORNTAG": null, "DAMAGTAG": null, "PROD_ID": "201804140902-KDMX-WWUS73-NPWDMX", "FCSTER": "REV" }, "geometry": { "type": "Polygon", "coordinates": [ [ [ -93.82, 41.86 ], [ -93.82, 41.85 ], [ -93.82, 41.84 ], [ -93.81, 41.78 ], [ -93.81, 41.77 ], [ -93.81, 41.72 ], [ -93.81, 41.69 ], [ -93.81, 41.68 ], [ -93.81, 41.67 ], [ -93.81, 41.64 ], [ -93.81, 41.63 ], [ -93.81, 41.6 ], [ -93.79, 41.6 ], [ -93.79, 41.57 ], [ -93.79, 41.56 ], [ -93.79, 41.54 ], [ -93.79, 41.52 ], [ -93.79, 41.51 ], [ -93.8, 41.51 ], [ -93.82, 41.51 ], [ -93.84, 41.51 ], [ -93.86, 41.51 ], [ -93.87, 41.51 ], [ -93.88, 41.51 ], [ -93.9, 41.5 ], [ -93.94, 41.5 ], [ -94.0, 41.5 ], [ -94.05, 41.5 ], [ -94.13, 41.5 ], [ -94.19, 41.5 ], [ -94.24, 41.5 ], [ -94.24, 41.6 ], [ -94.28, 41.6 ], [ -94.28, 41.63 ], [ -94.28, 41.66 ], [ -94.28, 41.69 ], [ -94.28, 41.75 ], [ -94.28, 41.76 ], [ -94.28, 41.78 ], [ -94.28, 41.86 ], [ -94.25, 41.86 ], [ -94.24, 41.86 ], [ -94.16, 41.86 ], [ -94.15, 41.86 ], [ -94.12, 41.86 ], [ -93.99, 41.86 ], [ -93.93, 41.86 ], [ -93.89, 41.86 ], [ -93.88, 41.86 ], [ -93.87, 41.86 ], [ -93.82, 41.86 ] ] ] } },
{ "type": "Feature", "properties": { "WFO": "DMX", "ISSUED": "201804140902", "EXPIRED": "201804142100", "INIT_ISS": "201804140902", "INIT_EXP": "201804142100", "PHENOM": "WI", "GTYPE": "C", "SIG": "Y", "ETN": 5, "STATUS": "EXP", "NWS_UGC": "IAZ062", "AREA_KM2": 1515.9737548828125, "UPDATED": "201804142104", "HV_NWSLI": null, "HV_SEV": null, "HV_CAUSE": null, "HV_REC": null, "EMERGENC": false, "POLY_BEG": null, "POLY_END": null, "WINDTAG": null, "HAILTAG": null, "TORNTAG": null, "DAMAGTAG": null, "PROD_ID": "201804140902-KDMX-WWUS73-NPWDMX", "FCSTER": "REV" }, "geometry": { "type": "Polygon", "coordinates": [ [ [ -92.3, 41.86 ], [ -92.3, 41.85 ], [ -92.3, 41.82 ], [ -92.3, 41.8 ], [ -92.3, 41.79 ], [ -92.3, 41.77 ], [ -92.3, 41.75 ], [ -92.3, 41.73 ], [ -92.3, 41.71 ], [ -92.3, 41.7 ], [ -92.3, 41.66 ], [ -92.3, 41.65 ], [ -92.3, 41.64 ], [ -92.3, 41.63 ], [ -92.3, 41.61 ], [ -92.3, 41.6 ], [ -92.3, 41.58 ], [ -92.3, 41.54 ], [ -92.3, 41.53 ], [ -92.3, 41.51 ], [ -92.41, 41.51 ], [ -92.47, 41.51 ], [ -92.51, 41.51 ], [ -92.59, 41.51 ], [ -92.7, 41.51 ], [ -92.73, 41.51 ], [ -92.76, 41.51 ], [ -92.76, 41.6 ], [ -92.77, 41.6 ], [ -92.77, 41.64 ], [ -92.77, 41.72 ], [ -92.77, 41.73 ], [ -92.77, 41.75 ], [ -92.77, 41.78 ], [ -92.77, 41.81 ], [ -92.77, 41.82 ], [ -92.77, 41.83 ], [ -92.77, 41.85 ], [ -92.77, 41.86 ], [ -92.65, 41.86 ], [ -92.63, 41.86 ], [ -92.59, 41.86 ], [ -92.57, 41.86 ], [ -92.55, 41.86 ], [ -92.42, 41.86 ], [ -92.4, 41.86 ], [ -92.38, 41.86 ], [ -92.3, 41.86 ] ] ] } },
{ "type": "Feature", "properties": { "WFO": "DMX", "ISSUED": "201804140902", "EXPIRED": "201804142100", "INIT_ISS": "201804140902", "INIT_EXP": "201804142100", "PHENOM": "WI", "GTYPE": "C", "SIG": "Y", "ETN": 5, "STATUS": "EXP", "NWS_UGC": "IAZ060", "AREA_KM2": 1530.69921875, "UPDATED": "201804142104", "HV_NWSLI": null, "HV_SEV": null, "HV_CAUSE": null, "HV_REC": null, "EMERGENC": false, "POLY_BEG": null, "POLY_END": null, "WINDTAG": null, "HAILTAG": null, "TORNTAG": null, "DAMAGTAG": null, "PROD_ID": "201804140902-KDMX-WWUS73-NPWDMX", "FCSTER": "REV" }, "geometry": { "type": "MultiPolygon", "coordinates": [ [ [ [ -93.41, 41.49 ], [ -93.42, 41.49 ], [ -93.42, 41.5 ], [ -93.41, 41.5 ], [ -93.41, 41.49 ] ] ], [ [ [ -93.41, 41.5 ], [ -93.41, 41.51 ], [ -93.42, 41.51 ], [ -93.43, 41.51 ], [ -93.43, 41.5 ], [ -93.44, 41.5 ], [ -93.44, 41.51 ], [ -93.45, 41.51 ], [ -93.51, 41.51 ], [ -93.55, 41.51 ], [ -93.57, 41.51 ], [ -93.58, 41.51 ], [ -93.6, 41.51 ], [ -93.61, 41.51 ], [ -93.62, 41.51 ], [ -93.63, 41.51 ], [ -93.64, 41.51 ], [ -93.73, 41.51 ], [ -93.75, 41.51 ], [ -93.77, 41.51 ], [ -93.79, 41.51 ], [ -93.79, 41.52 ], [ -93.79, 41.54 ], [ -93.79, 41.56 ], [ -93.79, 41.57 ], [ -93.79, 41.6 ], [ -93.81, 41.6 ], [ -93.81, 41.63 ], [ -93.81, 41.64 ], [ -93.81, 41.67 ], [ -93.81, 41.68 ], [ -93.81, 41.69 ], [ -93.81, 41.72 ], [ -93.81, 41.77 ], [ -93.81, 41.78 ], [ -93.82, 41.84 ], [ -93.82, 41.85 ], [ -93.82, 41.86 ], [ -93.7, 41.86 ], [ -93.69, 41.86 ], [ -93.51, 41.86 ], [ -93.48, 41.86 ], [ -93.46, 41.86 ], [ -93.43, 41.86 ], [ -93.35, 41.86 ], [ -93.35, 41.75 ], [ -93.35, 41.73 ], [ -93.35, 41.72 ], [ -93.35, 41.67 ], [ -93.35, 41.6 ], [ -93.33, 41.6 ], [ -93.33, 41.56 ], [ -93.33, 41.54 ], [ -93.33, 41.51 ], [ -93.33, 41.5 ], [ -93.33, 41.49 ], [ -93.34, 41.49 ], [ -93.34, 41.48 ], [ -93.35, 41.48 ], [ -93.35, 41.49 ], [ -93.35, 41.5 ], [ -93.36, 41.5 ], [ -93.36, 41.49 ], [ -93.37, 41.49 ], [ -93.38, 41.49 ], [ -93.39, 41.49 ], [ -93.4, 41.49 ], [ -93.4, 41.5 ], [ -93.41, 41.5 ] ] ] ] } },
{ "type": "Feature", "properties": { "WFO": "DLH", "ISSUED": "201804140937", "EXPIRED": "201804150000", "INIT_ISS": "201804140937", "INIT_EXP": "201804150000", "PHENOM": "WI", "GTYPE": "C", "SIG": "Y", "ETN": 1, "STATUS": "CON", "NWS_UGC": "MNZ037", "AREA_KM2": 4808.8994140625, "UPDATED": "201804141859", "HV_NWSLI": null, "HV_SEV": null, "HV_CAUSE": null, "HV_REC": null, "EMERGENC": false, "POLY_BEG": null, "POLY_END": null, "WINDTAG": null, "HAILTAG": null, "TORNTAG": null, "DAMAGTAG": null, "PROD_ID": "201804140937-KDLH-WWUS73-NPWDLH", "FCSTER": null }, "geometry": { "type": "MultiPolygon", "coordinates": [ [ [ [ -92.29, 46.66 ], [ -92.29, 46.64 ], [ -92.29, 46.59 ], [ -92.29, 46.57 ], [ -92.29, 46.5 ], [ -92.29, 46.43 ], [ -92.29, 46.42 ], [ -92.31, 46.42 ], [ -92.37, 46.42 ], [ -92.49, 46.42 ], [ -92.5, 46.42 ], [ -92.55, 46.42 ], [ -92.64, 46.42 ], [ -92.73, 46.42 ], [ -92.76, 46.42 ], [ -92.77, 46.42 ], [ -92.8, 46.42 ], [ -92.82, 46.42 ], [ -92.86, 46.42 ], [ -92.87, 46.42 ], [ -92.88, 46.42 ], [ -92.89, 46.42 ], [ -92.96, 46.42 ], [ -93.05, 46.42 ], [ -93.06, 46.44 ], [ -93.06, 46.5 ], [ -93.06, 46.53 ], [ -93.06, 46.58 ], [ -93.05, 46.59 ], [ -93.06, 46.59 ], [ -93.06, 46.62 ], [ -93.06, 46.63 ], [ -93.06, 46.68 ], [ -93.06, 46.7 ], [ -93.06, 46.75 ], [ -93.06, 46.77 ], [ -93.06, 46.84 ], [ -93.06, 46.87 ], [ -93.06, 46.9 ], [ -93.06, 46.91 ], [ -93.06, 46.94 ], [ -93.06, 46.95 ], [ -93.06, 46.96 ], [ -93.06, 46.98 ], [ -93.06, 47.01 ], [ -93.06, 47.02 ], [ -93.06, 47.03 ], [ -92.69, 47.03 ], [ -92.24, 47.03 ], [ -92.07, 47.02 ], [ -91.99, 47.0 ], [ -91.98, 47.0 ], [ -91.91, 46.97 ], [ -91.83, 46.94 ], [ -91.81, 46.93 ], [ -91.82, 46.93 ], [ -91.83, 46.93 ], [ -91.84, 46.93 ], [ -91.84, 46.92 ], [ -91.85, 46.92 ], [ -91.85, 46.91 ], [ -91.86, 46.91 ], [ -91.87, 46.91 ], [ -91.88, 46.91 ], [ -91.89, 46.9 ], [ -91.91, 46.89 ], [ -91.91, 46.88 ], [ -91.92, 46.88 ], [ -91.94, 46.87 ], [ -91.95, 46.87 ], [ -91.97, 46.86 ], [ -91.98, 46.85 ], [ -91.99, 46.85 ], [ -91.99, 46.84 ], [ -92.0, 46.84 ], [ -92.01, 46.84 ], [ -92.01, 46.83 ], [ -92.02, 46.83 ], [ -92.03, 46.83 ], [ -92.03, 46.82 ], [ -92.04, 46.82 ], [ -92.05, 46.81 ], [ -92.06, 46.81 ], [ -92.06, 46.8 ], [ -92.07, 46.8 ], [ -92.08, 46.8 ], [ -92.09, 46.79 ], [ -92.09, 46.78 ], [ -92.1, 46.78 ], [ -92.1, 46.77 ], [ -92.1, 46.76 ], [ -92.09, 46.75 ], [ -92.1, 46.75 ], [ -92.11, 46.75 ], [ -92.11, 46.76 ], [ -92.12, 46.76 ], [ -92.13, 46.76 ], [ -92.12, 46.75 ], [ -92.13, 46.75 ], [ -92.13, 46.74 ], [ -92.14, 46.75 ], [ -92.15, 46.74 ], [ -92.16, 46.73 ], [ -92.16, 46.72 ], [ -92.17, 46.72 ], [ -92.17, 46.73 ], [ -92.18, 46.73 ], [ -92.18, 46.72 ], [ -92.19, 46.72 ], [ -92.2, 46.72 ], [ -92.2, 46.71 ], [ -92.21, 46.7 ], [ -92.2, 46.69 ], [ -92.21, 46.68 ], [ -92.2, 46.68 ], [ -92.19, 46.68 ], [ -92.2, 46.67 ], [ -92.21, 46.67 ], [ -92.21, 46.66 ], [ -92.22, 46.65 ], [ -92.23, 46.65 ], [ -92.24, 46.65 ], [ -92.25, 46.66 ], [ -92.26, 46.66 ], [ -92.27, 46.66 ], [ -92.28, 46.66 ], [ -92.29, 46.66 ] ] ], [ [ [ -92.09, 46.77 ], [ -92.08, 46.77 ], [ -92.08, 46.76 ], [ -92.09, 46.76 ], [ -92.09, 46.77 ] ] ], [ [ [ -92.07, 46.75 ], [ -92.06, 46.75 ], [ -92.06, 46.74 ], [ -92.07, 46.74 ], [ -92.07, 46.75 ] ] ], [ [ [ -92.05, 46.73 ], [ -92.03, 46.71 ], [ -92.04, 46.72 ], [ -92.05, 46.72 ], [ -92.05, 46.73 ] ] ], [ [ [ -92.16, 46.73 ], [ -92.15, 46.73 ], [ -92.15, 46.72 ], [ -92.16, 46.73 ] ] ], [ [ [ -92.21, 46.66 ], [ -92.2, 46.66 ], [ -92.21, 46.65 ], [ -92.21, 46.66 ] ] ], [ [ [ -92.25, 46.65 ], [ -92.26, 46.65 ], [ -92.26, 46.66 ], [ -92.25, 46.65 ] ] ] ] } },
{ "type": "Feature", "properties": { "WFO": "DLH", "ISSUED": "201804140937", "EXPIRED": "201804150000", "INIT_ISS": "201804140937", "INIT_EXP": "201804150000", "PHENOM": "WI", "GTYPE": "C", "SIG": "Y", "ETN": 1, "STATUS": "CON", "NWS_UGC": "MNZ020", "AREA_KM2": 1658.69580078125, "UPDATED": "201804141859", "HV_NWSLI": null, "HV_SEV": null, "HV_CAUSE": null, "HV_REC": null, "EMERGENC": false, "POLY_BEG": null, "POLY_END": null, "WINDTAG": null, "HAILTAG": null, "TORNTAG": null, "DAMAGTAG": null, "PROD_ID": "201804140937-KDLH-WWUS73-NPWDLH", "FCSTER": null }, "geometry": { "type": "Polygon", "coordinates": [ [ [ -91.6, 47.06 ], [ -91.61, 47.06 ], [ -91.62, 47.06 ], [ -91.62, 47.05 ], [ -91.63, 47.05 ], [ -91.63, 47.04 ], [ -91.64, 47.04 ], [ -91.64, 47.03 ], [ -91.65, 47.03 ], [ -91.66, 47.03 ], [ -91.66, 47.02 ], [ -91.66, 47.01 ], [ -91.67, 47.01 ], [ -91.67, 47.02 ], [ -91.68, 47.02 ], [ -91.68, 47.01 ], [ -91.69, 47.01 ], [ -91.7, 47.01 ], [ -91.71, 47.0 ], [ -91.72, 47.0 ], [ -91.72, 46.99 ], [ -91.73, 46.99 ], [ -91.73, 46.98 ], [ -91.74, 46.98 ], [ -91.75, 46.98 ], [ -91.75, 46.97 ], [ -91.76, 46.97 ], [ -91.76, 46.96 ], [ -91.77, 46.96 ], [ -91.77, 46.95 ], [ -91.78, 46.95 ], [ -91.78, 46.94 ], [ -91.79, 46.94 ], [ -91.8, 46.94 ], [ -91.81, 46.93 ], [ -91.83, 46.94 ], [ -91.91, 46.97 ], [ -91.98, 47.0 ], [ -91.99, 47.0 ], [ -91.87, 47.1 ], [ -91.8, 47.15 ], [ -91.79, 47.15 ], [ -91.65, 47.25 ], [ -91.38, 47.42 ], [ -91.18, 47.61 ], [ -91.05, 47.68 ], [ -91.02, 47.7 ], [ -91.02, 47.69 ], [ -91.02, 47.67 ], [ -91.02, 47.66 ], [ -91.02, 47.62 ], [ -91.02, 47.6 ], [ -91.02, 47.59 ], [ -91.02, 47.52 ], [ -91.02, 47.5 ], [ -91.02, 47.46 ], [ -91.03, 47.46 ], [ -91.04, 47.46 ], [ -91.05, 47.46 ], [ -91.05, 47.45 ], [ -91.06, 47.45 ], [ -91.06, 47.44 ], [ -91.07, 47.44 ], [ -91.07, 47.43 ], [ -91.08, 47.43 ], [ -91.09, 47.42 ], [ -91.1, 47.41 ], [ -91.11, 47.41 ], [ -91.12, 47.4 ], [ -91.13, 47.4 ], [ -91.13, 47.39 ], [ -91.14, 47.39 ], [ -91.15, 47.38 ], [ -91.16, 47.38 ], [ -91.16, 47.37 ], [ -91.17, 47.37 ], [ -91.17, 47.36 ], [ -91.18, 47.36 ], [ -91.18, 47.35 ], [ -91.19, 47.35 ], [ -91.18, 47.34 ], [ -91.19, 47.34 ], [ -91.2, 47.34 ], [ -91.2, 47.33 ], [ -91.21, 47.33 ], [ -91.21, 47.32 ], [ -91.22, 47.32 ], [ -91.22, 47.31 ], [ -91.23, 47.31 ], [ -91.24, 47.31 ], [ -91.24, 47.3 ], [ -91.25, 47.3 ], [ -91.25, 47.29 ], [ -91.25, 47.28 ], [ -91.26, 47.28 ], [ -91.26, 47.29 ], [ -91.27, 47.28 ], [ -91.27, 47.27 ], [ -91.28, 47.27 ], [ -91.29, 47.27 ], [ -91.29, 47.26 ], [ -91.3, 47.26 ], [ -91.3, 47.25 ], [ -91.31, 47.25 ], [ -91.32, 47.25 ], [ -91.32, 47.24 ], [ -91.33, 47.24 ], [ -91.33, 47.23 ], [ -91.34, 47.23 ], [ -91.34, 47.22 ], [ -91.35, 47.22 ], [ -91.35, 47.21 ], [ -91.36, 47.21 ], [ -91.37, 47.21 ], [ -91.37, 47.2 ], [ -91.38, 47.2 ], [ -91.38, 47.19 ], [ -91.39, 47.19 ], [ -91.4, 47.19 ], [ -91.4, 47.18 ], [ -91.41, 47.18 ], [ -91.41, 47.17 ], [ -91.42, 47.17 ], [ -91.42, 47.16 ], [ -91.43, 47.17 ], [ -91.43, 47.16 ], [ -91.44, 47.16 ], [ -91.44, 47.15 ], [ -91.45, 47.15 ], [ -91.46, 47.14 ], [ -91.46, 47.13 ], [ -91.47, 47.13 ], [ -91.48, 47.13 ], [ -91.48, 47.12 ], [ -91.49, 47.12 ], [ -91.5, 47.12 ], [ -91.51, 47.12 ], [ -91.51, 47.11 ], [ -91.52, 47.11 ], [ -91.52, 47.1 ], [ -91.53, 47.1 ], [ -91.54, 47.1 ], [ -91.55, 47.1 ], [ -91.55, 47.09 ], [ -91.56, 47.09 ], [ -91.57, 47.09 ], [ -91.58, 47.09 ], [ -91.58, 47.08 ], [ -91.59, 47.07 ], [ -91.6, 47.06 ] ] ] } },
{ "type": "Feature", "properties": { "WFO": "DMX", "ISSUED": "201804141200", "EXPIRED": "201804141627", "INIT_ISS": "201804140911", "INIT_EXP": "201804150600", "PHENOM": "WS", "GTYPE": "C", "SIG": "W", "ETN": 8, "STATUS": "UPG", "NWS_UGC": "IAZ017", "AREA_KM2": 1486.937255859375, "UPDATED": "201804141627", "HV_NWSLI": null, "HV_SEV": null, "HV_CAUSE": null, "HV_REC": null, "EMERGENC": false, "POLY_BEG": null, "POLY_END": null, "WINDTAG": null, "HAILTAG": null, "TORNTAG": null, "DAMAGTAG": null, "PROD_ID": "201804140911-KDMX-WWUS43-WSWDMX", "FCSTER": "FAB For more information" }, "geometry": { "type": "Polygon", "coordinates": [ [ [ -93.02, 43.26 ], [ -93.02, 43.24 ], [ -93.02, 43.21 ], [ -93.02, 43.16 ], [ -93.02, 43.14 ], [ -93.02, 43.13 ], [ -93.02, 43.11 ], [ -93.02, 43.1 ], [ -93.02, 43.09 ], [ -93.02, 43.08 ], [ -93.02, 43.07 ], [ -93.02, 43.04 ], [ -93.02, 43.03 ], [ -93.02, 43.02 ], [ -93.02, 42.99 ], [ -93.02, 42.98 ], [ -93.02, 42.91 ], [ -93.06, 42.91 ], [ -93.12, 42.91 ], [ -93.23, 42.91 ], [ -93.26, 42.91 ], [ -93.31, 42.91 ], [ -93.44, 42.91 ], [ -93.5, 42.91 ], [ -93.5, 42.92 ], [ -93.5, 42.95 ], [ -93.5, 42.97 ], [ -93.5, 43.0 ], [ -93.5, 43.05 ], [ -93.5, 43.08 ], [ -93.5, 43.09 ], [ -93.5, 43.11 ], [ -93.5, 43.25 ], [ -93.5, 43.26 ], [ -93.49, 43.26 ], [ -93.44, 43.26 ], [ -93.41, 43.26 ], [ -93.37, 43.26 ], [ -93.36, 43.26 ], [ -93.32, 43.26 ], [ -93.28, 43.26 ], [ -93.2, 43.26 ], [ -93.12, 43.26 ], [ -93.04, 43.26 ], [ -93.02, 43.26 ] ] ] } },
{ "type": "Feature", "properties": { "WFO": "DMX", "ISSUED": "201804141200", "EXPIRED": "201804141627", "INIT_ISS": "201804132054", "INIT_EXP": "201804150600", "PHENOM": "WS", "GTYPE": "C", "SIG": "W", "ETN": 8, "STATUS": "UPG", "NWS_UGC": "IAZ016", "AREA_KM2": 1481.878173828125, "UPDATED": "201804141627", "HV_NWSLI": null, "HV_SEV": null, "HV_CAUSE": null, "HV_REC": null, "EMERGENC": false, "POLY_BEG": null, "POLY_END": null, "WINDTAG": null, "HAILTAG": null, "TORNTAG": null, "DAMAGTAG": null, "PROD_ID": "201804132054-KDMX-WWUS43-WSWDMX", "FCSTER": "Kotenberg For more infor" }, "geometry": { "type": "Polygon", "coordinates": [ [ [ -93.5, 43.26 ], [ -93.5, 43.25 ], [ -93.5, 43.11 ], [ -93.5, 43.09 ], [ -93.5, 43.08 ], [ -93.5, 43.05 ], [ -93.5, 43.0 ], [ -93.5, 42.97 ], [ -93.5, 42.95 ], [ -93.5, 42.92 ], [ -93.5, 42.91 ], [ -93.56, 42.91 ], [ -93.66, 42.91 ], [ -93.72, 42.91 ], [ -93.73, 42.91 ], [ -93.75, 42.91 ], [ -93.79, 42.91 ], [ -93.82, 42.91 ], [ -93.87, 42.91 ], [ -93.88, 42.91 ], [ -93.97, 42.91 ], [ -93.97, 42.93 ], [ -93.97, 42.95 ], [ -93.97, 42.98 ], [ -93.97, 42.99 ], [ -93.97, 43.0 ], [ -93.97, 43.03 ], [ -93.97, 43.11 ], [ -93.97, 43.15 ], [ -93.97, 43.23 ], [ -93.97, 43.26 ], [ -93.89, 43.26 ], [ -93.85, 43.26 ], [ -93.78, 43.26 ], [ -93.76, 43.26 ], [ -93.63, 43.26 ], [ -93.62, 43.26 ], [ -93.55, 43.26 ], [ -93.53, 43.26 ], [ -93.52, 43.26 ], [ -93.5, 43.26 ] ] ] } },
{ "type": "Feature", "properties": { "WFO": "DMX", "ISSUED": "201804141200", "EXPIRED": "201804141627", "INIT_ISS": "201804132054", "INIT_EXP": "201804150600", "PHENOM": "WS", "GTYPE": "C", "SIG": "W", "ETN": 8, "STATUS": "UPG", "NWS_UGC": "IAZ007", "AREA_KM2": 1038.5693359375, "UPDATED": "201804141627", "HV_NWSLI": null, "HV_SEV": null, "HV_CAUSE": null, "HV_REC": null, "EMERGENC": false, "POLY_BEG": null, "POLY_END": null, "WINDTAG": null, "HAILTAG": null, "TORNTAG": null, "DAMAGTAG": null, "PROD_ID": "201804132054-KDMX-WWUS43-WSWDMX", "FCSTER": "Kotenberg For more infor" }, "geometry": { "type": "Polygon", "coordinates": [ [ [ -93.05, 43.5 ], [ -93.02, 43.5 ], [ -93.02, 43.49 ], [ -93.02, 43.45 ], [ -93.02, 43.39 ], [ -93.02, 43.36 ], [ -93.02, 43.31 ], [ -93.02, 43.28 ], [ -93.02, 43.26 ], [ -93.04, 43.26 ], [ -93.12, 43.26 ], [ -93.2, 43.26 ], [ -93.28, 43.26 ], [ -93.32, 43.26 ], [ -93.36, 43.26 ], [ -93.37, 43.26 ], [ -93.41, 43.26 ], [ -93.44, 43.26 ], [ -93.49, 43.26 ], [ -93.5, 43.26 ], [ -93.5, 43.28 ], [ -93.5, 43.31 ], [ -93.5, 43.35 ], [ -93.5, 43.4 ], [ -93.5, 43.43 ], [ -93.5, 43.47 ], [ -93.5, 43.5 ], [ -93.49, 43.5 ], [ -93.48, 43.5 ], [ -93.36, 43.5 ], [ -93.27, 43.5 ], [ -93.25, 43.5 ], [ -93.06, 43.5 ], [ -93.05, 43.5 ] ] ] } },
{ "type": "Feature", "properties": { "WFO": "ARX", "ISSUED": "201804141200", "EXPIRED": "201804142016", "INIT_ISS": "201804132104", "INIT_EXP": "201804160000", "PHENOM": "WW", "GTYPE": "C", "SIG": "Y", "ETN": 17, "STATUS": "UPG", "NWS_UGC": "MNZ096", "AREA_KM2": 1470.706787109375, "UPDATED": "201804142016", "HV_NWSLI": null, "HV_SEV": null, "HV_CAUSE": null, "HV_REC": null, "EMERGENC": false, "POLY_BEG": null, "POLY_END": null, "WINDTAG": null, "HAILTAG": null, "TORNTAG": null, "DAMAGTAG": null, "PROD_ID": "201804132104-KARX-WWUS43-WSWARX", "FCSTER": "04/JM" }, "geometry": { "type": "Polygon", "coordinates": [ [ [ -91.29, 43.85 ], [ -91.28, 43.84 ], [ -91.28, 43.83 ], [ -91.27, 43.82 ], [ -91.27, 43.81 ], [ -91.27, 43.8 ], [ -91.26, 43.8 ], [ -91.26, 43.79 ], [ -91.24, 43.77 ], [ -91.25, 43.77 ], [ -91.25, 43.75 ], [ -91.26, 43.75 ], [ -91.26, 43.74 ], [ -91.26, 43.73 ], [ -91.26, 43.72 ], [ -91.27, 43.71 ], [ -91.27, 43.7 ], [ -91.27, 43.69 ], [ -91.27, 43.68 ], [ -91.27, 43.67 ], [ -91.27, 43.65 ], [ -91.26, 43.65 ], [ -91.26, 43.64 ], [ -91.27, 43.63 ], [ -91.27, 43.62 ], [ -91.27, 43.61 ], [ -91.26, 43.61 ], [ -91.26, 43.6 ], [ -91.25, 43.6 ], [ -91.24, 43.59 ], [ -91.23, 43.59 ], [ -91.23, 43.58 ], [ -91.23, 43.57 ], [ -91.23, 43.56 ], [ -91.24, 43.55 ], [ -91.24, 43.54 ], [ -91.24, 43.53 ], [ -91.23, 43.53 ], [ -91.23, 43.52 ], [ -91.22, 43.52 ], [ -91.22, 43.51 ], [ -91.22, 43.5 ], [ -91.23, 43.5 ], [ -91.25, 43.5 ], [ -91.26, 43.5 ], [ -91.28, 43.5 ], [ -91.32, 43.5 ], [ -91.37, 43.5 ], [ -91.38, 43.5 ], [ -91.39, 43.5 ], [ -91.4, 43.5 ], [ -91.44, 43.5 ], [ -91.49, 43.5 ], [ -91.53, 43.5 ], [ -91.59, 43.5 ], [ -91.61, 43.5 ], [ -91.62, 43.5 ], [ -91.63, 43.5 ], [ -91.7, 43.5 ], [ -91.71, 43.5 ], [ -91.73, 43.5 ], [ -91.73, 43.51 ], [ -91.73, 43.52 ], [ -91.73, 43.58 ], [ -91.73, 43.6 ], [ -91.73, 43.62 ], [ -91.73, 43.64 ], [ -91.73, 43.68 ], [ -91.73, 43.74 ], [ -91.73, 43.79 ], [ -91.73, 43.84 ], [ -91.73, 43.85 ], [ -91.72, 43.85 ], [ -91.63, 43.85 ], [ -91.5, 43.85 ], [ -91.49, 43.85 ], [ -91.38, 43.85 ], [ -91.36, 43.85 ], [ -91.35, 43.85 ], [ -91.29, 43.85 ] ] ] } },
{ "type": "Feature", "properties": { "WFO": "ARX", "ISSUED": "201804141200", "EXPIRED": "201804160000", "INIT_ISS": "201804132104", "INIT_EXP": "201804160000", "PHENOM": "WW", "GTYPE": "C", "SIG": "Y", "ETN": 17, "STATUS": "EXP", "NWS_UGC": "IAZ010", "AREA_KM2": 1783.6578369140625, "UPDATED": "201804152359", "HV_NWSLI": null, "HV_SEV": null, "HV_CAUSE": null, "HV_REC": null, "EMERGENC": false, "POLY_BEG": null, "POLY_END": null, "WINDTAG": null, "HAILTAG": null, "TORNTAG": null, "DAMAGTAG": null, "PROD_ID": "201804132104-KARX-WWUS43-WSWARX", "FCSTER": "04/JM" }, "geometry": { "type": "Polygon", "coordinates": [ [ [ -91.78, 43.5 ], [ -91.74, 43.5 ], [ -91.73, 43.5 ], [ -91.71, 43.5 ], [ -91.7, 43.5 ], [ -91.63, 43.5 ], [ -91.62, 43.5 ], [ -91.61, 43.5 ], [ -91.61, 43.48 ], [ -91.61, 43.44 ], [ -91.61, 43.42 ], [ -91.61, 43.4 ], [ -91.61, 43.37 ], [ -91.61, 43.34 ], [ -91.6, 43.34 ], [ -91.6, 43.32 ], [ -91.6, 43.31 ], [ -91.6, 43.28 ], [ -91.6, 43.26 ], [ -91.6, 43.24 ], [ -91.6, 43.23 ], [ -91.6, 43.15 ], [ -91.61, 43.1 ], [ -91.61, 43.08 ], [ -91.62, 43.08 ], [ -91.65, 43.08 ], [ -91.67, 43.08 ], [ -91.68, 43.08 ], [ -91.72, 43.08 ], [ -91.77, 43.08 ], [ -91.79, 43.08 ], [ -91.86, 43.08 ], [ -91.92, 43.08 ], [ -91.99, 43.08 ], [ -92.08, 43.08 ], [ -92.08, 43.1 ], [ -92.08, 43.12 ], [ -92.08, 43.13 ], [ -92.08, 43.16 ], [ -92.08, 43.17 ], [ -92.08, 43.21 ], [ -92.08, 43.24 ], [ -92.08, 43.36 ], [ -92.08, 43.39 ], [ -92.08, 43.42 ], [ -92.08, 43.44 ], [ -92.08, 43.46 ], [ -92.08, 43.5 ], [ -92.06, 43.5 ], [ -91.99, 43.5 ], [ -91.83, 43.5 ], [ -91.81, 43.5 ], [ -91.78, 43.5 ] ] ] } },
{ "type": "Feature", "properties": { "WFO": "ARX", "ISSUED": "201804141200", "EXPIRED": "201804160000", "INIT_ISS": "201804132104", "INIT_EXP": "201804160000", "PHENOM": "WW", "GTYPE": "C", "SIG": "Y", "ETN": 17, "STATUS": "EXP", "NWS_UGC": "IAZ011", "AREA_KM2": 1702.9215087890625, "UPDATED": "201804152359", "HV_NWSLI": null, "HV_SEV": null, "HV_CAUSE": null, "HV_REC": null, "EMERGENC": false, "POLY_BEG": null, "POLY_END": null, "WINDTAG": null, "HAILTAG": null, "TORNTAG": null, "DAMAGTAG": null, "PROD_ID": "201804132104-KARX-WWUS43-WSWARX", "FCSTER": "04/JM" }, "geometry": { "type": "Polygon", "coordinates": [ [ [ -91.25, 43.5 ], [ -91.23, 43.5 ], [ -91.22, 43.5 ], [ -91.22, 43.49 ], [ -91.22, 43.48 ], [ -91.22, 43.47 ], [ -91.23, 43.46 ], [ -91.23, 43.45 ], [ -91.22, 43.44 ], [ -91.22, 43.43 ], [ -91.21, 43.43 ], [ -91.2, 43.42 ], [ -91.2, 43.41 ], [ -91.2, 43.4 ], [ -91.2, 43.39 ], [ -91.2, 43.38 ], [ -91.21, 43.37 ], [ -91.21, 43.36 ], [ -91.21, 43.35 ], [ -91.2, 43.35 ], [ -91.19, 43.35 ], [ -91.18, 43.35 ], [ -91.17, 43.34 ], [ -91.16, 43.34 ], [ -91.15, 43.33 ], [ -91.14, 43.33 ], [ -91.13, 43.33 ], [ -91.12, 43.32 ], [ -91.11, 43.31 ], [ -91.1, 43.31 ], [ -91.1, 43.3 ], [ -91.09, 43.3 ], [ -91.08, 43.29 ], [ -91.08, 43.28 ], [ -91.07, 43.27 ], [ -91.07, 43.26 ], [ -91.06, 43.26 ], [ -91.06, 43.25 ], [ -91.06, 43.24 ], [ -91.07, 43.24 ], [ -91.08, 43.23 ], [ -91.09, 43.22 ], [ -91.11, 43.21 ], [ -91.11, 43.2 ], [ -91.12, 43.2 ], [ -91.12, 43.19 ], [ -91.13, 43.17 ], [ -91.14, 43.17 ], [ -91.14, 43.16 ], [ -91.15, 43.15 ], [ -91.16, 43.14 ], [ -91.17, 43.14 ], [ -91.18, 43.13 ], [ -91.18, 43.12 ], [ -91.18, 43.11 ], [ -91.18, 43.1 ], [ -91.18, 43.09 ], [ -91.18, 43.08 ], [ -91.22, 43.08 ], [ -91.25, 43.08 ], [ -91.27, 43.08 ], [ -91.3, 43.08 ], [ -91.31, 43.08 ], [ -91.33, 43.08 ], [ -91.43, 43.08 ], [ -91.49, 43.08 ], [ -91.52, 43.08 ], [ -91.61, 43.08 ], [ -91.61, 43.1 ], [ -91.6, 43.15 ], [ -91.6, 43.23 ], [ -91.6, 43.24 ], [ -91.6, 43.26 ], [ -91.6, 43.28 ], [ -91.6, 43.31 ], [ -91.6, 43.32 ], [ -91.6, 43.34 ], [ -91.61, 43.34 ], [ -91.61, 43.37 ], [ -91.61, 43.4 ], [ -91.61, 43.42 ], [ -91.61, 43.44 ], [ -91.61, 43.48 ], [ -91.61, 43.5 ], [ -91.59, 43.5 ], [ -91.53, 43.5 ], [ -91.49, 43.5 ], [ -91.44, 43.5 ], [ -91.4, 43.5 ], [ -91.39, 43.5 ], [ -91.38, 43.5 ], [ -91.37, 43.5 ], [ -91.32, 43.5 ], [ -91.28, 43.5 ], [ -91.26, 43.5 ], [ -91.25, 43.5 ] ] ] } },
{ "type": "Feature", "properties": { "WFO": "ARX", "ISSUED": "201804141200", "EXPIRED": "201804141800", "INIT_ISS": "201804132104", "INIT_EXP": "201804160000", "PHENOM": "WW", "GTYPE": "C", "SIG": "Y", "ETN": 17, "STATUS": "EXT", "NWS_UGC": "MNZ094", "AREA_KM2": 1839.818359375, "UPDATED": "201804141754", "HV_NWSLI": null, "HV_SEV": null, "HV_CAUSE": null, "HV_REC": null, "EMERGENC": false, "POLY_BEG": null, "POLY_END": null, "WINDTAG": null, "HAILTAG": null, "TORNTAG": null, "DAMAGTAG": null, "PROD_ID": "201804132104-KARX-WWUS43-WSWARX", "FCSTER": "04/JM" }, "geometry": { "type": "Polygon", "coordinates": [ [ [ -92.69, 43.85 ], [ -92.69, 43.84 ], [ -92.69, 43.83 ], [ -92.63, 43.83 ], [ -92.59, 43.83 ], [ -92.55, 43.83 ], [ -92.53, 43.83 ], [ -92.5, 43.83 ], [ -92.49, 43.83 ], [ -92.47, 43.83 ], [ -92.46, 43.83 ], [ -92.45, 43.83 ], [ -92.45, 43.75 ], [ -92.45, 43.67 ], [ -92.45, 43.64 ], [ -92.45, 43.63 ], [ -92.45, 43.62 ], [ -92.45, 43.53 ], [ -92.45, 43.5 ], [ -92.5, 43.5 ], [ -92.51, 43.5 ], [ -92.55, 43.5 ], [ -92.56, 43.5 ], [ -92.61, 43.5 ], [ -92.63, 43.5 ], [ -92.64, 43.5 ], [ -92.77, 43.5 ], [ -92.78, 43.5 ], [ -92.79, 43.5 ], [ -92.81, 43.5 ], [ -92.99, 43.5 ], [ -93.0, 43.5 ], [ -93.02, 43.5 ], [ -93.05, 43.5 ], [ -93.05, 43.53 ], [ -93.05, 43.56 ], [ -93.05, 43.59 ], [ -93.05, 43.6 ], [ -93.05, 43.64 ], [ -93.05, 43.73 ], [ -93.05, 43.75 ], [ -93.05, 43.76 ], [ -93.05, 43.85 ], [ -92.93, 43.85 ], [ -92.87, 43.85 ], [ -92.79, 43.85 ], [ -92.76, 43.85 ], [ -92.73, 43.85 ], [ -92.7, 43.85 ], [ -92.69, 43.85 ] ] ] } },
{ "type": "Feature", "properties": { "WFO": "ARX", "ISSUED": "201804141200", "EXPIRED": "201804141800", "INIT_ISS": "201804132104", "INIT_EXP": "201804160000", "PHENOM": "WW", "GTYPE": "C", "SIG": "Y", "ETN": 17, "STATUS": "EXT", "NWS_UGC": "IAZ009", "AREA_KM2": 1224.7872314453125, "UPDATED": "201804141754", "HV_NWSLI": null, "HV_SEV": null, "HV_CAUSE": null, "HV_REC": null, "EMERGENC": false, "POLY_BEG": null, "POLY_END": null, "WINDTAG": null, "HAILTAG": null, "TORNTAG": null, "DAMAGTAG": null, "PROD_ID": "201804132104-KARX-WWUS43-WSWARX", "FCSTER": "04/JM" }, "geometry": { "type": "Polygon", "coordinates": [ [ [ -92.45, 43.5 ], [ -92.38, 43.5 ], [ -92.37, 43.5 ], [ -92.29, 43.5 ], [ -92.22, 43.5 ], [ -92.2, 43.5 ], [ -92.17, 43.5 ], [ -92.14, 43.5 ], [ -92.13, 43.5 ], [ -92.12, 43.5 ], [ -92.08, 43.5 ], [ -92.08, 43.46 ], [ -92.08, 43.44 ], [ -92.08, 43.42 ], [ -92.08, 43.39 ], [ -92.08, 43.36 ], [ -92.08, 43.24 ], [ -92.08, 43.21 ], [ -92.09, 43.21 ], [ -92.12, 43.21 ], [ -92.18, 43.21 ], [ -92.24, 43.21 ], [ -92.26, 43.21 ], [ -92.28, 43.21 ], [ -92.3, 43.21 ], [ -92.32, 43.21 ], [ -92.36, 43.21 ], [ -92.37, 43.21 ], [ -92.41, 43.21 ], [ -92.43, 43.21 ], [ -92.46, 43.21 ], [ -92.48, 43.21 ], [ -92.51, 43.21 ], [ -92.53, 43.21 ], [ -92.55, 43.21 ], [ -92.55, 43.24 ], [ -92.55, 43.3 ], [ -92.55, 43.31 ], [ -92.55, 43.34 ], [ -92.55, 43.36 ], [ -92.55, 43.38 ], [ -92.55, 43.39 ], [ -92.55, 43.41 ], [ -92.55, 43.44 ], [ -92.55, 43.47 ], [ -92.55, 43.5 ], [ -92.51, 43.5 ], [ -92.5, 43.5 ], [ -92.45, 43.5 ] ] ] } },
{ "type": "Feature", "properties": { "WFO": "ARX", "ISSUED": "201804141200", "EXPIRED": "201804141800", "INIT_ISS": "201804132104", "INIT_EXP": "201804160000", "PHENOM": "WW", "GTYPE": "C", "SIG": "Y", "ETN": 17, "STATUS": "EXT", "NWS_UGC": "IAZ008", "AREA_KM2": 1213.5260009765625, "UPDATED": "201804141754", "HV_NWSLI": null, "HV_SEV": null, "HV_CAUSE": null, "HV_REC": null, "EMERGENC": false, "POLY_BEG": null, "POLY_END": null, "WINDTAG": null, "HAILTAG": null, "TORNTAG": null, "DAMAGTAG": null, "PROD_ID": "201804132104-KARX-WWUS43-WSWARX", "FCSTER": "04/JM" }, "geometry": { "type": "Polygon", "coordinates": [ [ [ -92.55, 43.5 ], [ -92.55, 43.47 ], [ -92.55, 43.44 ], [ -92.55, 43.41 ], [ -92.55, 43.39 ], [ -92.55, 43.38 ], [ -92.55, 43.36 ], [ -92.55, 43.34 ], [ -92.55, 43.31 ], [ -92.55, 43.3 ], [ -92.55, 43.24 ], [ -92.55, 43.21 ], [ -92.57, 43.21 ], [ -92.63, 43.21 ], [ -92.64, 43.21 ], [ -92.69, 43.21 ], [ -92.72, 43.21 ], [ -92.79, 43.21 ], [ -92.85, 43.21 ], [ -92.87, 43.21 ], [ -92.92, 43.21 ], [ -92.96, 43.21 ], [ -93.01, 43.21 ], [ -93.02, 43.21 ], [ -93.02, 43.24 ], [ -93.02, 43.26 ], [ -93.02, 43.28 ], [ -93.02, 43.31 ], [ -93.02, 43.36 ], [ -93.02, 43.39 ], [ -93.02, 43.45 ], [ -93.02, 43.49 ], [ -93.02, 43.5 ], [ -93.0, 43.5 ], [ -92.99, 43.5 ], [ -92.81, 43.5 ], [ -92.79, 43.5 ], [ -92.78, 43.5 ], [ -92.77, 43.5 ], [ -92.64, 43.5 ], [ -92.63, 43.5 ], [ -92.61, 43.5 ], [ -92.56, 43.5 ], [ -92.55, 43.5 ] ] ] } },
{ "type": "Feature", "properties": { "WFO": "ARX", "ISSUED": "201804141200", "EXPIRED": "201804141800", "INIT_ISS": "201804132104", "INIT_EXP": "201804160000", "PHENOM": "WW", "GTYPE": "C", "SIG": "Y", "ETN": 17, "STATUS": "EXT", "NWS_UGC": "MNZ095", "AREA_KM2": 2228.6328125, "UPDATED": "201804141754", "HV_NWSLI": null, "HV_SEV": null, "HV_CAUSE": null, "HV_REC": null, "EMERGENC": false, "POLY_BEG": null, "POLY_END": null, "WINDTAG": null, "HAILTAG": null, "TORNTAG": null, "DAMAGTAG": null, "PROD_ID": "201804132104-KARX-WWUS43-WSWARX", "FCSTER": "04/JM" }, "geometry": { "type": "Polygon", "coordinates": [ [ [ -92.39, 43.85 ], [ -92.35, 43.85 ], [ -92.32, 43.85 ], [ -92.24, 43.85 ], [ -92.22, 43.85 ], [ -92.09, 43.85 ], [ -92.08, 43.85 ], [ -92.07, 43.85 ], [ -91.96, 43.85 ], [ -91.92, 43.85 ], [ -91.91, 43.85 ], [ -91.88, 43.85 ], [ -91.87, 43.85 ], [ -91.83, 43.85 ], [ -91.8, 43.85 ], [ -91.79, 43.85 ], [ -91.75, 43.85 ], [ -91.74, 43.85 ], [ -91.73, 43.85 ], [ -91.73, 43.84 ], [ -91.73, 43.79 ], [ -91.73, 43.74 ], [ -91.73, 43.68 ], [ -91.73, 43.64 ], [ -91.73, 43.62 ], [ -91.73, 43.6 ], [ -91.73, 43.58 ], [ -91.73, 43.52 ], [ -91.73, 43.51 ], [ -91.73, 43.5 ], [ -91.74, 43.5 ], [ -91.78, 43.5 ], [ -91.81, 43.5 ], [ -91.83, 43.5 ], [ -91.99, 43.5 ], [ -92.06, 43.5 ], [ -92.08, 43.5 ], [ -92.12, 43.5 ], [ -92.13, 43.5 ], [ -92.14, 43.5 ], [ -92.17, 43.5 ], [ -92.2, 43.5 ], [ -92.22, 43.5 ], [ -92.29, 43.5 ], [ -92.37, 43.5 ], [ -92.38, 43.5 ], [ -92.45, 43.5 ], [ -92.45, 43.53 ], [ -92.45, 43.62 ], [ -92.45, 43.63 ], [ -92.45, 43.64 ], [ -92.45, 43.67 ], [ -92.45, 43.75 ], [ -92.45, 43.83 ], [ -92.45, 43.85 ], [ -92.39, 43.85 ] ] ] } }
]
}
