{
"type": "FeatureCollection",
"name": "alerts_20180414_2000Z",
"crs": { "type": "name", "properties": { "name": "urn:ogc:def:crs:OGC:1.3:CRS84" } },
"features": [
{ "type": "Feature", "properties": { "WFO": "FSD", "ISSUED": "201804141040", "EXPIRED": "201804162100", "INIT_ISS": "201804141040", "INIT_EXP": "201804162100", "PHENOM": "FL", "GTYPE": "P", "SIG": "W", "ETN": 43, "STATUS": "NEW", "NWS_UGC": null, "AREA_KM2": 148.19608662808074, "UPDATED": "201804131441", "HV_NWSLI": "RAPI4", "HV_SEV": "1", "HV_CAUSE": "ER", "HV_REC": "NO", "EMERGENC": false, "POLY_BEG": "201804141040", "POLY_END": "201804140209", "WINDTAG": null, "HAILTAG": null, "TORNTAG": null, "DAMAGTAG": null, "PROD_ID": "201804131441-KFSD-WGUS43-FLWFSD", "FCSTER": null }, "geometry": { "type": "Polygon", "coordinates": [ [ [ -96.25, 43.5 ], [ -96.14, 43.5 ], [ -96.11, 43.38 ], [ -96.18, 43.31 ], [ -96.25, 43.34 ], [ -96.19, 43.41 ], [ -96.25, 43.5 ] ] ] } },
{ "type": "Feature", "properties": { "WFO": "FSD", "ISSUED": "201804141230", "EXPIRED": "201804151230", "INIT_ISS": "201804141230", "INIT_EXP": "201804151230", "PHENOM": "FL", "GTYPE": "P", "SIG": "W", "ETN": 48, "STATUS": "NEW", "NWS_UGC": null, "AREA_KM2": 143.70603420370196, "UPDATED": "201804141230", "HV_NWSLI": "MIFI4", "HV_SEV": "1", "HV_CAUSE": "ER", "HV_REC": "NO", "EMERGENC": false, "POLY_BEG": "201804141230", "POLY_END": "201804141536", "WINDTAG": null, "HAILTAG": null, "TORNTAG": null, "DAMAGTAG": null, "PROD_ID": "201804141230-KFSD-WGUS43-FLWFSD", "FCSTER": null }, "geometry": { "type": "Polygon", "coordinates": [ [ [ -95.33, 43.5 ], [ -95.26, 43.5 ], [ -95.19, 43.34 ], [ -95.16, 43.34 ], [ -95.17, 43.28 ], [ -95.24, 43.29 ], [ -95.33, 43.5 ] ] ] } },
{ "type": "Feature", "properties": { "WFO": "FSD", "ISSUED": "201804140000", "EXPIRED": "201804150300", "INIT_ISS": "201804122045", "INIT_EXP": "201804150000", "PHENOM": "BZ", "GTYPE": "C", "SIG": "W", "ETN": 3, "STATUS": "EXP", "NWS_UGC": "SDZ066", "AREA_KM2": 1596.4334716796875, "UPDATED": "201804150250", "HV_NWSLI": null, "HV_SEV": null, "HV_CAUSE": null, "HV_REC": null, "EMERGENC": false, "POLY_BEG": null, "POLY_END": null, "WINDTAG": null, "HAILTAG": null, "TORNTAG": null, "DAMAGTAG": null, "PROD_ID": "201804122045-KFSD-WWUS43-WSWFSD", "FCSTER": null }, "geometry": { "type": "Polygon", "coordinates": [ [ [ -96.93, 43.5 ], [ -96.92, 43.5 ], [ -96.92, 43.44 ], [ -96.92, 43.4 ], [ -96.92, 43.25 ], [ -96.92, 43.22 ], [ -96.92, 43.19 ], [ -96.92, 43.18 ], [ -96.92, 43.17 ], [ -96.92, 43.08 ], [ -96.98, 43.08 ], [ -96.99, 43.08 ], [ -97.01, 43.08 ], [ -97.11, 43.08 ], [ -97.15, 43.08 ], [ -97.16, 43.08 ], [ -97.16, 43.09 ], [ -97.16, 43.11 ], [ -97.16, 43.17 ], [ -97.27, 43.17 ], [ -97.4, 43.17 ], [ -97.4, 43.24 ], [ -97.4, 43.26 ], [ -97.4, 43.27 ], [ -97.4, 43.3 ], [ -97.4, 43.34 ], [ -97.4, 43.37 ], [ -97.4, 43.39 ], [ -97.4, 43.4 ], [ -97.4, 43.42 ], [ -97.4, 43.43 ], [ -97.4, 43.45 ], [ -97.4, 43.5 ], [ -97.39, 43.5 ], [ -97.38, 43.5 ], [ -97.37, 43.5 ], [ -97.33, 43.5 ], [ -97.14, 43.5 ], [ -97.13, 43.5 ], [ -97.12, 43.5 ], [ -97.08, 43.5 ], [ -97.02, 43.5 ], [ -96.98, 43.5 ], [ -96.97, 43.5 ], [ -96.94, 43.5 ], [ -96.93, 43.5 ] ] ] } },
{ "type": "Feature", "properties": { "WFO": "FSD", "ISSUED": "201804140000", "EXPIRED": "201804150300", "INIT_ISS": "201804122045", "INIT_EXP": "201804150000", "PHENOM": "BZ", "GTYPE": "C", "SIG": "W", "ETN": 3, "STATUS": "EXP", "NWS_UGC": "SDZ039", "AREA_KM2": 2232.25, "UPDATED": "201804150250", "HV_NWSLI": null, "HV_SEV": null, "HV_CAUSE": null, "HV_REC": null, "EMERGENC": false, "POLY_BEG": null, "POLY_END": null, "WINDTAG": null, "HAILTAG": null, "TORNTAG": null, "DAMAGTAG": null, "PROD_ID": "201804122045-KFSD-WWUS43-WSWFSD", "FCSTER": null }, "geometry": { "type": "Polygon", "coordinates": [ [ [ -97.49, 44.54 ], [ -97.39, 44.54 ], [ -97.35, 44.54 ], [ -97.28, 44.54 ], [ -97.21, 44.54 ], [ -97.13, 44.54 ], [ -97.13, 44.53 ], [ -97.13, 44.46 ], [ -97.13, 44.43 ], [ -97.13, 44.38 ], [ -97.13, 44.37 ], [ -97.13, 44.36 ], [ -97.13, 44.33 ], [ -97.13, 44.32 ], [ -97.13, 44.28 ], [ -97.13, 44.26 ], [ -97.13, 44.23 ], [ -97.13, 44.21 ], [ -97.13, 44.2 ], [ -97.23, 44.2 ], [ -97.27, 44.2 ], [ -97.37, 44.2 ], [ -97.42, 44.19 ], [ -97.45, 44.2 ], [ -97.53, 44.19 ], [ -97.58, 44.2 ], [ -97.64, 44.19 ], [ -97.65, 44.19 ], [ -97.67, 44.19 ], [ -97.69, 44.19 ], [ -97.77, 44.2 ], [ -97.81, 44.2 ], [ -97.83, 44.2 ], [ -97.85, 44.2 ], [ -97.85, 44.24 ], [ -97.85, 44.25 ], [ -97.85, 44.31 ], [ -97.85, 44.36 ], [ -97.85, 44.37 ], [ -97.85, 44.4 ], [ -97.85, 44.41 ], [ -97.85, 44.46 ], [ -97.85, 44.48 ], [ -97.85, 44.5 ], [ -97.85, 44.51 ], [ -97.85, 44.54 ], [ -97.83, 44.54 ], [ -97.73, 44.54 ], [ -97.69, 44.54 ], [ -97.6, 44.54 ], [ -97.59, 44.54 ], [ -97.49, 44.54 ] ] ] } },
{ "type": "Feature", "properties": { "WFO": "FSD", "ISSUED": "201804140000", "EXPIRED": "201804150300", "INIT_ISS": "201804122045", "INIT_EXP": "201804150000", "PHENOM": "BZ", "GTYPE": "C", "SIG": "W", "ETN": 3, "STATUS": "EXP", "NWS_UGC": "SDZ069", "AREA_KM2": 1376.9483642578125, "UPDATED": "201804150250", "HV_NWSLI": null, "HV_SEV": null, "HV_CAUSE": null, "HV_REC": null, "EMERGENC": false, "POLY_BEG": null, "POLY_END": null, "WINDTAG": null, "HAILTAG": null, "TORNTAG": null, "DAMAGTAG": null, "PROD_ID": "201804122045-KFSD-WWUS43-WSWFSD", "FCSTER": null }, "geometry": { "type": "Polygon", "coordinates": [ [ [ -97.16, 43.17 ], [ -97.16, 43.11 ], [ -97.16, 43.09 ], [ -97.16, 43.08 ], [ -97.16, 43.04 ], [ -97.16, 43.01 ], [ -97.16, 43.0 ], [ -97.16, 42.95 ], [ -97.16, 42.93 ], [ -97.16, 42.92 ], [ -97.16, 42.89 ], [ -97.16, 42.88 ], [ -97.16, 42.84 ], [ -97.16, 42.83 ], [ -97.16, 42.81 ], [ -97.16, 42.8 ], [ -97.17, 42.8 ], [ -97.18, 42.8 ], [ -97.19, 42.8 ], [ -97.19, 42.81 ], [ -97.2, 42.81 ], [ -97.21, 42.81 ], [ -97.21, 42.82 ], [ -97.22, 42.83 ], [ -97.22, 42.84 ], [ -97.22, 42.85 ], [ -97.23, 42.85 ], [ -97.24, 42.85 ], [ -97.25, 42.86 ], [ -97.26, 42.85 ], [ -97.27, 42.85 ], [ -97.28, 42.85 ], [ -97.29, 42.86 ], [ -97.3, 42.86 ], [ -97.31, 42.87 ], [ -97.32, 42.86 ], [ -97.33, 42.86 ], [ -97.34, 42.86 ], [ -97.35, 42.86 ], [ -97.36, 42.86 ], [ -97.37, 42.86 ], [ -97.38, 42.86 ], [ -97.38, 42.87 ], [ -97.39, 42.86 ], [ -97.4, 42.87 ], [ -97.41, 42.87 ], [ -97.42, 42.87 ], [ -97.42, 42.86 ], [ -97.43, 42.86 ], [ -97.43, 42.85 ], [ -97.44, 42.85 ], [ -97.45, 42.85 ], [ -97.46, 42.85 ], [ -97.47, 42.85 ], [ -97.48, 42.85 ], [ -97.49, 42.85 ], [ -97.5, 42.85 ], [ -97.5, 42.86 ], [ -97.51, 42.86 ], [ -97.52, 42.85 ], [ -97.53, 42.85 ], [ -97.54, 42.85 ], [ -97.55, 42.85 ], [ -97.56, 42.85 ], [ -97.57, 42.85 ], [ -97.58, 42.85 ], [ -97.59, 42.85 ], [ -97.6, 42.86 ], [ -97.61, 42.86 ], [ -97.62, 42.86 ], [ -97.62, 42.85 ], [ -97.63, 42.85 ], [ -97.64, 42.85 ], [ -97.64, 42.87 ], [ -97.63, 42.89 ], [ -97.64, 42.9 ], [ -97.64, 42.93 ], [ -97.64, 43.0 ], [ -97.64, 43.01 ], [ -97.64, 43.02 ], [ -97.64, 43.04 ], [ -97.64, 43.06 ], [ -97.64, 43.1 ], [ -97.64, 43.11 ], [ -97.64, 43.15 ], [ -97.64, 43.17 ], [ -97.6, 43.17 ], [ -97.58, 43.17 ], [ -97.5, 43.17 ], [ -97.43, 43.17 ], [ -97.41, 43.17 ], [ -97.4, 43.17 ], [ -97.27, 43.17 ], [ -97.16, 43.17 ] ] ] } },
{ "type": "Feature", "properties": { "WFO": "FSD", "ISSUED": "201804140000", "EXPIRED": "201804150300", "INIT_ISS": "201804122045", "INIT_EXP": "201804150000", "PHENOM": "BZ", "GTYPE": "C", "SIG": "W", "ETN": 3, "STATUS": "EXP", "NWS_UGC": "SDZ055", "AREA_KM2": 1486.412109375, "UPDATED": "201804150250", "HV_NWSLI": null, "HV_SEV": null, "HV_CAUSE": null, "HV_REC": null, "EMERGENC": false, "POLY_BEG": null, "POLY_END": null, "WINDTAG": null, "HAILTAG": null, "TORNTAG": null, "DAMAGTAG": null, "PROD_ID": "201804122045-KFSD-WWUS43-WSWFSD", "FCSTER": null }, "geometry": { "type": "Polygon", "coordinates": [ [ [ -97.13, 44.2 ], [ -97.02, 44.2 ], [ -96.99, 44.2 ], [ -96.97, 44.2 ], [ -96.89, 44.2 ], [ -96.89, 44.19 ], [ -96.89, 44.18 ], [ -96.89, 44.17 ], [ -96.89, 44.16 ], [ -96.89, 44.14 ], [ -96.89, 44.08 ], [ -96.89, 44.04 ], [ -96.89, 44.02 ], [ -96.89, 43.96 ], [ -96.89, 43.91 ], [ -96.89, 43.89 ], [ -96.89, 43.87 ], [ -96.89, 43.86 ], [ -96.89, 43.85 ], [ -96.96, 43.85 ], [ -96.99, 43.85 ], [ -97.12, 43.85 ], [ -97.13, 43.85 ], [ -97.19, 43.85 ], [ -97.28, 43.85 ], [ -97.37, 43.85 ], [ -97.37, 43.88 ], [ -97.37, 43.89 ], [ -97.37, 43.94 ], [ -97.37, 43.98 ], [ -97.37, 44.0 ], [ -97.37, 44.14 ], [ -97.37, 44.15 ], [ -97.37, 44.19 ], [ -97.37, 44.2 ], [ -97.27, 44.2 ], [ -97.23, 44.2 ], [ -97.13, 44.2 ] ] ] } },
{ "type": "Feature", "properties": { "WFO": "FSD", "ISSUED": "201804140000", "EXPIRED": "201804150300", "INIT_ISS": "201804122045", "INIT_EXP": "201804150000", "PHENOM": "BZ", "GTYPE": "C", "SIG": "W", "ETN": 3, "STATUS": "EXP", "NWS_UGC": "SDZ065", "AREA_KM2": 2105.405517578125, "UPDATED": "201804150250", "HV_NWSLI": null, "HV_SEV": null, "HV_CAUSE": null, "HV_REC": null, "EMERGENC": false, "POLY_BEG": null, "POLY_END": null, "WINDTAG": null, "HAILTAG": null, "TORNTAG": null, "DAMAGTAG": null, "PROD_ID": "201804122045-KFSD-WWUS43-WSWFSD", "FCSTER": null }, "geometry": { "type": "Polygon", "coordinates": [ [ [ -97.61, 43.5 ], [ -97.4, 43.5 ], [ -97.4, 43.45 ], [ -97.4, 43.43 ], [ -97.4, 43.42 ], [ -97.4, 43.4 ], [ -97.4, 43.39 ], [ -97.4, 43.37 ], [ -97.4, 43.34 ], [ -97.4, 43.3 ], [ -97.4, 43.27 ], [ -97.4, 43.26 ], [ -97.4, 43.24 ], [ -97.4, 43.17 ], [ -97.41, 43.17 ], [ -97.43, 43.17 ], [ -97.5, 43.17 ], [ -97.58, 43.17 ], [ -97.6, 43.17 ], [ -97.64, 43.17 ], [ -97.66, 43.17 ], [ -97.67, 43.17 ], [ -97.69, 43.17 ], [ -97.72, 43.17 ], [ -97.76, 43.17 ], [ -97.82, 43.17 ], [ -97.93, 43.17 ], [ -97.96, 43.17 ], [ -98.02, 43.17 ], [ -98.08, 43.17 ], [ -98.07, 43.18 ], [ -98.09, 43.19 ], [ -98.11, 43.2 ], [ -98.11, 43.26 ], [ -98.11, 43.27 ], [ -98.11, 43.35 ], [ -98.11, 43.36 ], [ -98.11, 43.37 ], [ -98.11, 43.38 ], [ -98.11, 43.4 ], [ -98.11, 43.42 ], [ -98.11, 43.44 ], [ -98.11, 43.47 ], [ -98.11, 43.48 ], [ -98.11, 43.49 ], [ -98.11, 43.5 ], [ -98.1, 43.5 ], [ -98.08, 43.5 ], [ -98.06, 43.5 ], [ -98.02, 43.5 ], [ -98.01, 43.5 ], [ -98.0, 43.5 ], [ -97.98, 43.5 ], [ -97.96, 43.5 ], [ -97.94, 43.5 ], [ -97.91, 43.5 ], [ -97.79, 43.5 ], [ -97.76, 43.5 ], [ -97.75, 43.5 ], [ -97.74, 43.5 ], [ -97.64, 43.5 ], [ -97.63, 43.5 ], [ -97.61, 43.5 ] ] ] } },
{ "type": "Feature", "properties": { "WFO": "FSD", "ISSUED": "201804140000", "EXPIRED": "201804150300", "INIT_ISS": "201804122045", "INIT_EXP": "201804150000", "PHENOM": "BZ", "GTYPE": "C", "SIG": "W", "ETN": 3, "STATUS": "EXP", "NWS_UGC": "SDZ060", "AREA_KM2": 1126.008056640625, "UPDATED": "201804150250", "HV_NWSLI": null, "HV_SEV": null, "HV_CAUSE": null, "HV_REC": null, "EMERGENC": false, "POLY_BEG": null, "POLY_END": null, "WINDTAG": null, "HAILTAG": null, "TORNTAG": null, "DAMAGTAG": null, "PROD_ID": "201804122045-KFSD-WWUS43-WSWFSD", "FCSTER": null }, "geometry": { "type": "Polygon", "coordinates": [ [ [ -97.85, 43.85 ], [ -97.83, 43.85 ], [ -97.79, 43.85 ], [ -97.74, 43.85 ], [ -97.66, 43.85 ], [ -97.64, 43.85 ], [ -97.61, 43.85 ], [ -97.61, 43.83 ], [ -97.61, 43.8 ], [ -97.61, 43.76 ], [ -97.61, 43.75 ], [ -97.61, 43.74 ], [ -97.61, 43.72 ], [ -97.61, 43.71 ], [ -97.61, 43.67 ], [ -97.61, 43.66 ], [ -97.61, 43.6 ], [ -97.61, 43.54 ], [ -97.61, 43.52 ], [ -97.61, 43.5 ], [ -97.63, 43.5 ], [ -97.64, 43.5 ], [ -97.74, 43.5 ], [ -97.75, 43.5 ], [ -97.76, 43.5 ], [ -97.79, 43.5 ], [ -97.91, 43.5 ], [ -97.94, 43.5 ], [ -97.96, 43.5 ], [ -97.96, 43.51 ], [ -97.97, 43.58 ], [ -97.97, 43.6 ], [ -97.97, 43.63 ], [ -97.97, 43.64 ], [ -97.97, 43.65 ], [ -97.97, 43.68 ], [ -97.97, 43.75 ], [ -97.97, 43.76 ], [ -97.97, 43.77 ], [ -97.97, 43.78 ], [ -97.97, 43.79 ], [ -97.97, 43.81 ], [ -97.97, 43.82 ], [ -97.97, 43.83 ], [ -97.97, 43.85 ], [ -97.95, 43.85 ], [ -97.91, 43.85 ], [ -97.85, 43.85 ] ] ] } },
{ "type": "Feature", "properties": { "WFO": "FSD", "ISSUED": "201804140000", "EXPIRED": "201804150300", "INIT_ISS": "201804122045", "INIT_EXP": "201804150000", "PHENOM": "BZ", "GTYPE": "C", "SIG": "W", "ETN": 3, "STATUS": "EXP", "NWS_UGC": "SDZ068", "AREA_KM2": 1502.986328125, "UPDATED": "201804150250", "HV_NWSLI": null, "HV_SEV": null, "HV_CAUSE": null, "HV_REC": null, "EMERGENC": false, "POLY_BEG": null, "POLY_END": null, "WINDTAG": null, "HAILTAG": null, "TORNTAG": null, "DAMAGTAG": null, "PROD_ID": "201804122045-KFSD-WWUS43-WSWFSD", "FCSTER": null }, "geometry": { "type": "Polygon", "coordinates": [ [ [ -98.15, 42.85 ], [ -98.14, 42.86 ], [ -98.13, 42.87 ], [ -98.12, 42.87 ], [ -98.12, 42.88 ], [ -98.11, 42.88 ], [ -98.11, 42.89 ], [ -98.11, 42.9 ], [ -98.12, 42.9 ], [ -98.12, 42.91 ], [ -98.11, 42.91 ], [ -98.11, 42.92 ], [ -98.11, 42.93 ], [ -98.11, 42.94 ], [ -98.11, 42.95 ], [ -98.1, 42.95 ], [ -98.1, 42.96 ], [ -98.1, 42.97 ], [ -98.09, 42.97 ], [ -98.1, 42.98 ], [ -98.1, 42.99 ], [ -98.11, 42.99 ], [ -98.11, 43.0 ], [ -98.11, 43.01 ], [ -98.11, 43.02 ], [ -98.11, 43.03 ], [ -98.1, 43.03 ], [ -98.1, 43.04 ], [ -98.1, 43.05 ], [ -98.1, 43.06 ], [ -98.11, 43.06 ], [ -98.11, 43.07 ], [ -98.11, 43.08 ], [ -98.11, 43.09 ], [ -98.11, 43.1 ], [ -98.1, 43.11 ], [ -98.1, 43.12 ], [ -98.09, 43.12 ], [ -98.09, 43.13 ], [ -98.09, 43.14 ], [ -98.09, 43.15 ], [ -98.08, 43.17 ], [ -98.02, 43.17 ], [ -97.96, 43.17 ], [ -97.93, 43.17 ], [ -97.82, 43.17 ], [ -97.76, 43.17 ], [ -97.72, 43.17 ], [ -97.69, 43.17 ], [ -97.67, 43.17 ], [ -97.66, 43.17 ], [ -97.64, 43.17 ], [ -97.64, 43.15 ], [ -97.64, 43.11 ], [ -97.64, 43.1 ], [ -97.64, 43.06 ], [ -97.64, 43.04 ], [ -97.64, 43.02 ], [ -97.64, 43.01 ], [ -97.64, 43.0 ], [ -97.64, 42.93 ], [ -97.64, 42.9 ], [ -97.63, 42.89 ], [ -97.64, 42.87 ], [ -97.64, 42.85 ], [ -97.65, 42.85 ], [ -97.66, 42.84 ], [ -97.67, 42.84 ], [ -97.69, 42.84 ], [ -97.7, 42.84 ], [ -97.72, 42.85 ], [ -97.75, 42.85 ], [ -97.76, 42.85 ], [ -97.77, 42.85 ], [ -97.78, 42.85 ], [ -97.79, 42.85 ], [ -97.8, 42.86 ], [ -97.81, 42.86 ], [ -97.82, 42.86 ], [ -97.83, 42.87 ], [ -97.84, 42.87 ], [ -97.85, 42.87 ], [ -97.86, 42.87 ], [ -97.87, 42.86 ], [ -97.88, 42.86 ], [ -97.88, 42.85 ], [ -97.88, 42.84 ], [ -97.88, 42.83 ], [ -97.89, 42.83 ], [ -97.89, 42.82 ], [ -97.89, 42.81 ], [ -97.9, 42.81 ], [ -97.9, 42.8 ], [ -97.91, 42.79 ], [ -97.92, 42.79 ], [ -97.93, 42.78 ], [ -97.94, 42.78 ], [ -97.94, 42.77 ], [ -97.95, 42.77 ], [ -97.96, 42.77 ], [ -97.97, 42.77 ], [ -97.98, 42.77 ], [ -97.99, 42.77 ], [ -98.0, 42.76 ], [ -98.01, 42.76 ], [ -98.02, 42.76 ], [ -98.03, 42.76 ], [ -98.04, 42.77 ], [ -98.05, 42.77 ], [ -98.06, 42.77 ], [ -98.06, 42.78 ], [ -98.07, 42.79 ], [ -98.08, 42.79 ], [ -98.09, 42.8 ], [ -98.1, 42.8 ], [ -98.1, 42.81 ], [ -98.11, 42.81 ], [ -98.12, 42.82 ], [ -98.13, 42.82 ], [ -98.14, 42.83 ], [ -98.15, 42.84 ], [ -98.15, 42.85 ] ] ] } },
{ "type": "Feature", "properties": { "WFO": "MPX", "ISSUED": "201804140000", "EXPIRED": "201804160500", "INIT_ISS": "201804130859", "INIT_EXP": "201804150600", "PHENOM": "WS", "GTYPE": "C", "SIG": "W", "ETN": 8, "STATUS": "EXP", "NWS_UGC": "MNZ053", "AREA_KM2": 1143.2257080078125, "UPDATED": "201804160457", "HV_NWSLI": null, "HV_SEV": null, "HV_CAUSE": null, "HV_REC": null, "EMERGENC": false, "POLY_BEG": null, "POLY_END": null, "WINDTAG": null, "HAILTAG": null, "TORNTAG": null, "DAMAGTAG": null, "PROD_ID": "201804130859-KMPX-WWUS43-WSWMPX", "FCSTER": null }, "geometry": { "type": "Polygon", "coordinates": [ [ [ -93.06, 45.73 ], [ -93.05, 45.73 ], [ -93.04, 45.73 ], [ -93.0, 45.73 ], [ -92.98, 45.73 ], [ -92.93, 45.73 ], [ -92.91, 45.73 ], [ -92.85, 45.73 ], [ -92.85, 45.72 ], [ -92.86, 45.72 ], [ -92.87, 45.72 ], [ -92.87, 45.71 ], [ -92.87, 45.7 ], [ -92.87, 45.69 ], [ -92.88, 45.69 ], [ -92.88, 45.68 ], [ -92.88, 45.67 ], [ -92.88, 45.66 ], [ -92.88, 45.65 ], [ -92.89, 45.65 ], [ -92.89, 45.64 ], [ -92.89, 45.63 ], [ -92.89, 45.62 ], [ -92.88, 45.61 ], [ -92.89, 45.6 ], [ -92.89, 45.59 ], [ -92.88, 45.59 ], [ -92.88, 45.58 ], [ -92.88, 45.57 ], [ -92.87, 45.57 ], [ -92.86, 45.57 ], [ -92.85, 45.57 ], [ -92.84, 45.57 ], [ -92.83, 45.56 ], [ -92.82, 45.56 ], [ -92.81, 45.56 ], [ -92.8, 45.56 ], [ -92.79, 45.57 ], [ -92.78, 45.57 ], [ -92.77, 45.57 ], [ -92.77, 45.56 ], [ -92.76, 45.56 ], [ -92.75, 45.55 ], [ -92.74, 45.55 ], [ -92.73, 45.54 ], [ -92.73, 45.53 ], [ -92.73, 45.52 ], [ -92.72, 45.51 ], [ -92.71, 45.5 ], [ -92.7, 45.49 ], [ -92.7, 45.48 ], [ -92.69, 45.48 ], [ -92.69, 45.47 ], [ -92.68, 45.47 ], [ -92.68, 45.46 ], [ -92.67, 45.46 ], [ -92.66, 45.46 ], [ -92.65, 45.46 ], [ -92.65, 45.45 ], [ -92.65, 45.44 ], [ -92.65, 45.43 ], [ -92.65, 45.42 ], [ -92.65, 45.41 ], [ -92.65, 45.4 ], [ -92.66, 45.4 ], [ -92.66, 45.39 ], [ -92.67, 45.39 ], [ -92.68, 45.38 ], [ -92.68, 45.37 ], [ -92.69, 45.37 ], [ -92.7, 45.36 ], [ -92.7, 45.35 ], [ -92.7, 45.34 ], [ -92.7, 45.33 ], [ -92.71, 45.33 ], [ -92.71, 45.32 ], [ -92.72, 45.31 ], [ -92.73, 45.31 ], [ -92.73, 45.3 ], [ -92.74, 45.3 ], [ -92.75, 45.3 ], [ -92.77, 45.3 ], [ -92.8, 45.3 ], [ -92.82, 45.3 ], [ -92.86, 45.3 ], [ -92.87, 45.3 ], [ -92.88, 45.3 ], [ -92.93, 45.3 ], [ -92.96, 45.3 ], [ -93.02, 45.3 ], [ -93.02, 45.33 ], [ -93.02, 45.34 ], [ -93.02, 45.38 ], [ -93.02, 45.39 ], [ -93.02, 45.41 ], [ -93.02, 45.44 ], [ -93.02, 45.45 ], [ -93.02, 45.47 ], [ -93.02, 45.49 ], [ -93.02, 45.5 ], [ -93.02, 45.56 ], [ -93.04, 45.56 ], [ -93.07, 45.56 ], [ -93.11, 45.56 ], [ -93.13, 45.56 ], [ -93.14, 45.56 ], [ -93.14, 45.57 ], [ -93.14, 45.58 ], [ -93.14, 45.59 ], [ -93.14, 45.61 ], [ -93.14, 45.62 ], [ -93.14, 45.7 ], [ -93.14, 45.72 ], [ -93.14, 45.73 ], [ -93.12, 45.73 ], [ -93.06, 45.73 ] ] ] } },
{ "type": "Feature", "properties": { "WFO": "FSD", "ISSUED": "201804140000", "EXPIRED": "201804150300", "INIT_ISS": "201804122045", "INIT_EXP": "201804150000", "PHENOM": "BZ", "GTYPE": "C", "SIG": "W", "ETN": 3, "STATUS": "EXP", "NWS_UGC": "SDZ054", "AREA_KM2": 1478.5631103515625, "UPDATED": "201804150250", "HV_NWSLI": null, "HV_SEV": null, "HV_CAUSE": null, "HV_REC": null, "EMERGENC": false, "POLY_BEG": null, "POLY_END": null, "WINDTAG": null, "HAILTAG": null, "TORNTAG": null, "DAMAGTAG": null, "PROD_ID": "201804122045-KFSD-WWUS43-WSWFSD", "FCSTER": null }, "geometry": { "type": "Polygon", "coordinates": [ [ [ -97.37, 44.2 ], [ -97.37, 44.19 ], [ -97.37, 44.15 ], [ -97.37, 44.14 ], [ -97.37, 44.0 ], [ -97.37, 43.98 ], [ -97.37, 43.94 ], [ -97.37, 43.89 ], [ -97.37, 43.88 ], [ -97.37, 43.85 ], [ -97.43, 43.85 ], [ -97.5, 43.85 ], [ -97.53, 43.85 ], [ -97.61, 43.85 ], [ -97.64, 43.85 ], [ -97.66, 43.85 ], [ -97.74, 43.85 ], [ -97.79, 43.85 ], [ -97.83, 43.85 ], [ -97.85, 43.85 ], [ -97.85, 43.87 ], [ -97.85, 43.88 ], [ -97.85, 43.89 ], [ -97.85, 43.94 ], [ -97.85, 43.95 ], [ -97.85, 43.97 ], [ -97.85, 44.05 ], [ -97.85, 44.08 ], [ -97.85, 44.1 ], [ -97.85, 44.12 ], [ -97.85, 44.13 ], [ -97.85, 44.15 ], [ -97.85, 44.17 ], [ -97.85, 44.2 ], [ -97.83, 44.2 ], [ -97.81, 44.2 ], [ -97.77, 44.2 ], [ -97.69, 44.19 ], [ -97.67, 44.19 ], [ -97.65, 44.19 ], [ -97.64, 44.19 ], [ -97.58, 44.2 ], [ -97.53, 44.19 ], [ -97.45, 44.2 ], [ -97.42, 44.19 ], [ -97.37, 44.2 ] ] ] } },
{ "type": "Feature", "properties": { "WFO": "FSD", "ISSUED": "201804140000", "EXPIRED": "201804150300", "INIT_ISS": "201804122045", "INIT_EXP": "201804150000", "PHENOM": "BZ", "GTYPE": "C", "SIG": "W", "ETN": 3, "STATUS": "EXP", "NWS_UGC": "SDZ061", "AREA_KM2": 1491.802490234375, "UPDATED": "201804150250", "HV_NWSLI": null, "HV_SEV": null, "HV_CAUSE": null, "HV_REC": null, "EMERGENC": false, "POLY_BEG": null, "POLY_END": null, "WINDTAG": null, "HAILTAG": null, "TORNTAG": null, "DAMAGTAG": null, "PROD_ID": "201804122045-KFSD-WWUS43-WSWFSD", "FCSTER": null }, "geometry": { "type": "Polygon", "coordinates": [ [ [ -97.37, 43.85 ], [ -97.28, 43.85 ], [ -97.19, 43.85 ], [ -97.13, 43.85 ], [ -97.13, 43.8 ], [ -97.13, 43.75 ], [ -97.13, 43.73 ], [ -97.13, 43.71 ], [ -97.13, 43.61 ], [ -97.13, 43.59 ], [ -97.13, 43.56 ], [ -97.13, 43.53 ], [ -97.13, 43.51 ], [ -97.13, 43.5 ], [ -97.14, 43.5 ], [ -97.33, 43.5 ], [ -97.37, 43.5 ], [ -97.38, 43.5 ], [ -97.39, 43.5 ], [ -97.4, 43.5 ], [ -97.61, 43.5 ], [ -97.61, 43.52 ], [ -97.61, 43.54 ], [ -97.61, 43.6 ], [ -97.61, 43.66 ], [ -97.61, 43.67 ], [ -97.61, 43.71 ], [ -97.61, 43.72 ], [ -97.61, 43.74 ], [ -97.61, 43.75 ], [ -97.61, 43.76 ], [ -97.61, 43.8 ], [ -97.61, 43.83 ], [ -97.61, 43.85 ], [ -97.53, 43.85 ], [ -97.5, 43.85 ], [ -97.43, 43.85 ], [ -97.37, 43.85 ] ] ] } },
{ "type": "Feature", "properties": { "WFO": "MPX", "ISSUED": "201804140000", "EXPIRED": "201804160500", "INIT_ISS": "201804130859", "INIT_EXP": "201804150600", "PHENOM": "WS", "GTYPE": "C", "SIG": "W", "ETN": 8, "STATUS": "EXP", "NWS_UGC": "MNZ052", "AREA_KM2": 1167.6832275390625, "UPDATED": "201804160457", "HV_NWSLI": null, "HV_SEV": null, "HV_CAUSE": null, "HV_REC": null, "EMERGENC": false, "POLY_BEG": null, "POLY_END": null, "WINDTAG": null, "HAILTAG": null, "TORNTAG": null, "DAMAGTAG": null, "PROD_ID": "201804130859-KMPX-WWUS43-WSWMPX", "FCSTER": null }, "geometry": { "type": "Polygon", "coordinates": [ [ [ -93.39, 45.73 ], [ -93.37, 45.73 ], [ -93.33, 45.73 ], [ -93.3, 45.73 ], [ -93.25, 45.73 ], [ -93.23, 45.73 ], [ -93.2, 45.73 ], [ -93.18, 45.73 ], [ -93.14, 45.73 ], [ -93.14, 45.72 ], [ -93.14, 45.7 ], [ -93.14, 45.62 ], [ -93.14, 45.61 ], [ -93.14, 45.59 ], [ -93.14, 45.58 ], [ -93.14, 45.57 ], [ -93.14, 45.56 ], [ -93.13, 45.56 ], [ -93.11, 45.56 ], [ -93.07, 45.56 ], [ -93.04, 45.56 ], [ -93.02, 45.56 ], [ -93.02, 45.5 ], [ -93.02, 45.49 ], [ -93.02, 45.47 ], [ -93.02, 45.45 ], [ -93.02, 45.44 ], [ -93.02, 45.41 ], [ -93.03, 45.41 ], [ -93.05, 45.41 ], [ -93.07, 45.41 ], [ -93.08, 45.41 ], [ -93.09, 45.41 ], [ -93.13, 45.41 ], [ -93.14, 45.41 ], [ -93.16, 45.41 ], [ -93.23, 45.41 ], [ -93.25, 45.41 ], [ -93.27, 45.41 ], [ -93.3, 45.41 ], [ -93.36, 45.41 ], [ -93.43, 45.41 ], [ -93.45, 45.41 ], [ -93.47, 45.41 ], [ -93.49, 45.41 ], [ -93.51, 45.42 ], [ -93.51, 45.43 ], [ -93.51, 45.44 ], [ -93.51, 45.47 ], [ -93.51, 45.55 ], [ -93.51, 45.56 ], [ -93.51, 45.63 ], [ -93.51, 45.68 ], [ -93.51, 45.69 ], [ -93.51, 45.71 ], [ -93.51, 45.72 ], [ -93.51, 45.74 ], [ -93.5, 45.73 ], [ -93.47, 45.73 ], [ -93.39, 45.73 ] ] ] } },
{ "type": "Feature", "properties": { "WFO": "DVN", "ISSUED": "201804140613", "EXPIRED": "201804150000", "INIT_ISS": "201804140613", "INIT_EXP": "201804150000", "PHENOM": "WI", "GTYPE": "C", "SIG": "Y", "ETN": 2, "STATUS": "EXP", "NWS_UGC": "IAZ051", "AREA_KM2": 1858.115966796875, "UPDATED": "201804142344", "HV_NWSLI": null, "HV_SEV": null, "HV_CAUSE": null, "HV_REC": null, "EMERGENC": false, "POLY_BEG": null, "POLY_END": null, "WINDTAG": null, "HAILTAG": null, "TORNTAG": null, "DAMAGTAG": null, "PROD_ID": "201804140613-KDVN-WWUS73-NPWDVN", "FCSTER": null }, "geometry": { "type": "Polygon", "coordinates": [ [ [ -91.83, 42.3 ], [ -91.83, 42.28 ], [ -91.83, 42.27 ], [ -91.83, 42.22 ], [ -91.83, 42.2 ], [ -91.83, 42.16 ], [ -91.83, 42.14 ], [ -91.83, 42.12 ], [ -91.83, 42.09 ], [ -91.83, 42.08 ], [ -91.83, 42.07 ], [ -91.84, 42.04 ], [ -91.83, 41.94 ], [ -91.83, 41.93 ], [ -91.83, 41.9 ], [ -91.83, 41.88 ], [ -91.83, 41.87 ], [ -91.83, 41.86 ], [ -91.85, 41.86 ], [ -91.87, 41.86 ], [ -91.9, 41.86 ], [ -91.93, 41.86 ], [ -91.96, 41.86 ], [ -91.97, 41.86 ], [ -91.99, 41.86 ], [ -92.0, 41.86 ], [ -92.01, 41.86 ], [ -92.05, 41.86 ], [ -92.07, 41.86 ], [ -92.14, 41.86 ], [ -92.23, 41.86 ], [ -92.25, 41.86 ], [ -92.3, 41.86 ], [ -92.3, 41.89 ], [ -92.3, 41.9 ], [ -92.3, 41.94 ], [ -92.3, 41.96 ], [ -92.3, 41.97 ], [ -92.3, 41.98 ], [ -92.3, 42.0 ], [ -92.3, 42.02 ], [ -92.3, 42.04 ], [ -92.3, 42.05 ], [ -92.3, 42.1 ], [ -92.3, 42.15 ], [ -92.3, 42.23 ], [ -92.3, 42.25 ], [ -92.3, 42.26 ], [ -92.3, 42.3 ], [ -92.15, 42.3 ], [ -92.08, 42.3 ], [ -92.06, 42.3 ], [ -92.0, 42.3 ], [ -91.98, 42.3 ], [ -91.95, 42.3 ], [ -91.83, 42.3 ] ] ] } },
{ "type": "Feature", "properties": { "WFO": "DVN", "ISSUED": "201804140613", "EXPIRED": "201804150000", "INIT_ISS": "201804140613", "INIT_EXP": "201804150000", "PHENOM": "WI", "GTYPE": "C", "SIG": "Y", "ETN": 2, "STATUS": "EXP", "NWS_UGC": "IAZ054", "AREA_KM2": 1680.2783203125, "UPDATED": "201804142344", "HV_NWSLI": null, "HV_SEV": null, "HV_CAUSE": null, "HV_REC": null, "EMERGENC": false, "POLY_BEG": null, "POLY_END": null, "WINDTAG": null, "HAILTAG": null, "TORNTAG": null, "DAMAGTAG": null, "PROD_ID": "201804140613-KDVN-WWUS73-NPWDVN", "FCSTER": null }, "geometry": { "type": "Polygon", "coordinates": [ [ [ -90.5, 42.38 ], [ -90.48, 42.38 ], [ -90.47, 42.38 ], [ -90.47, 42.37 ], [ -90.46, 42.37 ], [ -90.46, 42.36 ], [ -90.45, 42.36 ], [ -90.44, 42.36 ], [ -90.44, 42.35 ], [ -90.43, 42.34 ], [ -90.43, 42.33 ], [ -90.42, 42.33 ], [ -90.42, 42.32 ], [ -90.42, 42.31 ], [ -90.42, 42.3 ], [ -90.42, 42.29 ], [ -90.43, 42.29 ], [ -90.43, 42.28 ], [ -90.43, 42.27 ], [ -90.42, 42.27 ], [ -90.42, 42.26 ], [ -90.42, 42.25 ], [ -90.41, 42.25 ], [ -90.4, 42.24 ], [ -90.4, 42.23 ], [ -90.39, 42.23 ], [ -90.39, 42.22 ], [ -90.38, 42.22 ], [ -90.37, 42.21 ], [ -90.36, 42.21 ], [ -90.35, 42.2 ], [ -90.34, 42.2 ], [ -90.33, 42.2 ], [ -90.32, 42.19 ], [ -90.31, 42.19 ], [ -90.3, 42.19 ], [ -90.28, 42.18 ], [ -90.27, 42.17 ], [ -90.26, 42.17 ], [ -90.25, 42.17 ], [ -90.24, 42.17 ], [ -90.23, 42.17 ], [ -90.22, 42.16 ], [ -90.21, 42.15 ], [ -90.2, 42.14 ], [ -90.2, 42.13 ], [ -90.19, 42.13 ], [ -90.17, 42.12 ], [ -90.16, 42.12 ], [ -90.16, 42.11 ], [ -90.16, 42.1 ], [ -90.16, 42.09 ], [ -90.17, 42.08 ], [ -90.17, 42.07 ], [ -90.17, 42.06 ], [ -90.17, 42.05 ], [ -90.16, 42.05 ], [ -90.16, 42.04 ], [ -90.16, 42.03 ], [ -90.17, 42.03 ], [ -90.21, 42.03 ], [ -90.24, 42.03 ], [ -90.27, 42.03 ], [ -90.3, 42.03 ], [ -90.37, 42.03 ], [ -90.42, 42.03 ], [ -90.44, 42.03 ], [ -90.5, 42.03 ], [ -90.58, 42.03 ], [ -90.6, 42.03 ], [ -90.61, 42.03 ], [ -90.63, 42.03 ], [ -90.7, 42.03 ], [ -90.72, 42.03 ], [ -90.75, 42.03 ], [ -90.77, 42.03 ], [ -90.81, 42.03 ], [ -90.82, 42.03 ], [ -90.83, 42.03 ], [ -90.84, 42.03 ], [ -90.9, 42.03 ], [ -90.9, 42.08 ], [ -90.9, 42.12 ], [ -90.9, 42.14 ], [ -90.9, 42.19 ], [ -90.9, 42.3 ], [ -90.86, 42.29 ], [ -90.81, 42.3 ], [ -90.79, 42.29 ], [ -90.76, 42.3 ], [ -90.75, 42.29 ], [ -90.73, 42.3 ], [ -90.67, 42.29 ], [ -90.67, 42.34 ], [ -90.67, 42.36 ], [ -90.66, 42.38 ], [ -90.5, 42.38 ] ] ] } },
{ "type": "Feature", "properties": { "WFO": "DVN", "ISSUED": "201804140613", "EXPIRED": "201804150000", "INIT_ISS": "201804140613", "INIT_EXP": "201804150000", "PHENOM": "WI", "GTYPE": "C", "SIG": "Y", "ETN": 2, "STATUS": "EXP", "NWS_UGC": "IAZ064", "AREA_KM2": 1612.1790771484375, "UPDATED": "201804142344", "HV_NWSLI": null, "HV_SEV": null, "HV_CAUSE": null, "HV_REC": null, "EMERGENC": false, "POLY_BEG": null, "POLY_END": null, "WINDTAG": null, "HAILTAG": null, "TORNTAG": null, "DAMAGTAG": null, "PROD_ID": "201804140613-KDVN-WWUS73-NPWDVN", "FCSTER": null }, "geometry": { "type": "Polygon", "coordinates": [ [ [ -91.7, 41.86 ], [ -91.6, 41.86 ], [ -91.53, 41.86 ], [ -91.5, 41.86 ], [ -91.49, 41.86 ], [ -91.37, 41.86 ], [ -91.37, 41.83 ], [ -91.37, 41.82 ], [ -91.37, 41.76 ], [ -91.37, 41.71 ], [ -91.37, 41.66 ], [ -91.37, 41.64 ], [ -91.37, 41.63 ], [ -91.37, 41.6 ], [ -91.37, 41.59 ], [ -91.37, 41.57 ], [ -91.37, 41.5 ], [ -91.37, 41.46 ], [ -91.37, 41.42 ], [ -91.39, 41.42 ], [ -91.44, 41.42 ], [ -91.46, 41.42 ], [ -91.48, 41.42 ], [ -91.48, 41.43 ], [ -91.49, 41.44 ], [ -91.5, 41.45 ], [ -91.5, 41.46 ], [ -91.51, 41.46 ], [ -91.51, 41.47 ], [ -91.51, 41.48 ], [ -91.5, 41.48 ], [ -91.5, 41.49 ], [ -91.51, 41.49 ], [ -91.51, 41.5 ], [ -91.52, 41.5 ], [ -91.53, 41.51 ], [ -91.54, 41.51 ], [ -91.61, 41.51 ], [ -91.63, 41.51 ], [ -91.64, 41.51 ], [ -91.71, 41.51 ], [ -91.73, 41.51 ], [ -91.77, 41.51 ], [ -91.83, 41.51 ], [ -91.83, 41.53 ], [ -91.83, 41.55 ], [ -91.83, 41.57 ], [ -91.83, 41.58 ], [ -91.83, 41.6 ], [ -91.83, 41.63 ], [ -91.83, 41.69 ], [ -91.83, 41.72 ], [ -91.83, 41.75 ], [ -91.83, 41.8 ], [ -91.83, 41.83 ], [ -91.83, 41.86 ], [ -91.74, 41.86 ], [ -91.7, 41.86 ] ] ] } },
{ "type": "Feature", "properties": { "WFO": "DVN", "ISSUED": "201804140613", "EXPIRED": "201804150000", "INIT_ISS": "201804140613", "INIT_EXP": "201804150000", "PHENOM": "WI", "GTYPE": "C", "SIG": "Y", "ETN": 2, "STATUS": "EXP", "NWS_UGC": "IAZ053", "AREA_KM2": 1491.2271728515625, "UPDATED": "201804142344", "HV_NWSLI": null, "HV_SEV": null, "HV_CAUSE": null, "HV_REC": null, "EMERGENC": false, "POLY_BEG": null, "POLY_END": null, "WINDTAG": null, "HAILTAG": null, "TORNTAG": null, "DAMAGTAG": null, "PROD_ID": "201804140613-KDVN-WWUS73-NPWDVN", "FCSTER": null }, "geometry": { "type": "Polygon", "coordinates": [ [ [ -91.32, 42.3 ], [ -91.31, 42.3 ], [ -91.3, 42.3 ], [ -91.27, 42.3 ], [ -91.26, 42.3 ], [ -91.25, 42.3 ], [ -91.21, 42.3 ], [ -91.13, 42.3 ], [ -91.12, 42.3 ], [ -91.05, 42.3 ], [ -91.01, 42.3 ], [ -91.0, 42.3 ], [ -90.98, 42.3 ], [ -90.96, 42.3 ], [ -90.94, 42.3 ], [ -90.9, 42.3 ], [ -90.9, 42.19 ], [ -90.9, 42.14 ], [ -90.9, 42.12 ], [ -90.9, 42.08 ], [ -90.9, 42.03 ], [ -90.9, 42.0 ], [ -90.9, 41.96 ], [ -90.9, 41.95 ], [ -90.91, 41.95 ], [ -90.95, 41.95 ], [ -91.13, 41.95 ], [ -91.2, 41.95 ], [ -91.23, 41.95 ], [ -91.25, 41.95 ], [ -91.37, 41.95 ], [ -91.37, 41.96 ], [ -91.37, 41.99 ], [ -91.36, 42.0 ], [ -91.36, 42.01 ], [ -91.36, 42.03 ], [ -91.36, 42.12 ], [ -91.36, 42.13 ], [ -91.36, 42.18 ], [ -91.36, 42.3 ], [ -91.32, 42.3 ] ] ] } },
{ "type": "Feature", "properties": { "WFO": "DVN", "ISSUED": "201804140613", "EXPIRED": "201804150000", "INIT_ISS": "201804140613", "INIT_EXP": "201804150000", "PHENOM": "WI", "GTYPE": "C", "SIG": "Y", "ETN": 2, "STATUS": "EXP", "NWS_UGC": "IAZ052", "AREA_KM2": 1873.4979248046875, "UPDATED": "201804142344", "HV_NWSLI": null, "HV_SEV": null, "HV_CAUSE": null, "HV_REC": null, "EMERGENC": false, "POLY_BEG": null, "POLY_END": null, "WINDTAG": null, "HAILTAG": null, "TORNTAG": null, "DAMAGTAG": null, "PROD_ID": "201804140613-KDVN-WWUS73-NPWDVN", "FCSTER": null }, "geometry": { "type": "Polygon", "coordinates": [ [ [ -91.78, 42.3 ], [ -91.77, 42.3 ], [ -91.71, 42.3 ], [ -91.68, 42.3 ], [ -91.6, 42.3 ], [ -91.48, 42.3 ], [ -91.46, 42.3 ], [ -91.4, 42.3 ], [ -91.38, 42.3 ], [ -91.36, 42.3 ], [ -91.36, 42.18 ], [ -91.36, 42.13 ], [ -91.36, 42.12 ], [ -91.36, 42.03 ], [ -91.36, 42.01 ], [ -91.36, 42.0 ], [ -91.37, 41.99 ], [ -91.37, 41.96 ], [ -91.37, 41.95 ], [ -91.37, 41.88 ], [ -91.37, 41.86 ], [ -91.49, 41.86 ], [ -91.5, 41.86 ], [ -91.53, 41.86 ], [ -91.6, 41.86 ], [ -91.7, 41.86 ], [ -91.74, 41.86 ], [ -91.83, 41.86 ], [ -91.83, 41.87 ], [ -91.83, 41.88 ], [ -91.83, 41.9 ], [ -91.83, 41.93 ], [ -91.83, 41.94 ], [ -91.84, 42.04 ], [ -91.83, 42.07 ], [ -91.83, 42.08 ], [ -91.83, 42.09 ], [ -91.83, 42.12 ], [ -91.83, 42.14 ], [ -91.83, 42.16 ], [ -91.83, 42.2 ], [ -91.83, 42.22 ], [ -91.83, 42.27 ], [ -91.83, 42.28 ], [ -91.83, 42.3 ], [ -91.78, 42.3 ] ] ] } },
{ "type": "Feature", "properties": { "WFO": "DVN", "ISSUED": "201804140613", "EXPIRED": "201804150000", "INIT_ISS": "201804140613", "INIT_EXP": "201804150000", "PHENOM": "WI", "GTYPE": "C", "SIG": "Y", "ETN": 2, "STATUS": "EXP", "NWS_UGC": "IAZ042", "AREA_KM2": 1594.415771484375, "UPDATED": "201804142344", "HV_NWSLI": null, "HV_SEV": null, "HV_CAUSE": null, "HV_REC": null, "EMERGENC": false, "POLY_BEG": null, "POLY_END": null, "WINDTAG": null, "HAILTAG": null, "TORNTAG": null, "DAMAGTAG": null, "PROD_ID": "201804140613-KDVN-WWUS73-NPWDVN", "FCSTER": null }, "geometry": { "type": "Polygon", "coordinates": [ [ [ -90.75, 42.65 ], [ -90.74, 42.65 ], [ -90.73, 42.64 ], [ -90.72, 42.64 ], [ -90.71, 42.64 ], [ -90.71, 42.63 ], [ -90.7, 42.63 ], [ -90.7, 42.62 ], [ -90.69, 42.61 ], [ -90.69, 42.6 ], [ -90.69, 42.59 ], [ -90.68, 42.58 ], [ -90.67, 42.58 ], [ -90.66, 42.57 ], [ -90.66, 42.56 ], [ -90.65, 42.55 ], [ -90.65, 42.54 ], [ -90.64, 42.54 ], [ -90.64, 42.53 ], [ -90.64, 42.52 ], [ -90.64, 42.51 ], [ -90.65, 42.5 ], [ -90.66, 42.49 ], [ -90.66, 42.48 ], [ -90.65, 42.48 ], [ -90.65, 42.47 ], [ -90.64, 42.47 ], [ -90.62, 42.46 ], [ -90.61, 42.45 ], [ -90.6, 42.45 ], [ -90.59, 42.45 ], [ -90.58, 42.44 ], [ -90.57, 42.44 ], [ -90.56, 42.44 ], [ -90.56, 42.43 ], [ -90.56, 42.42 ], [ -90.55, 42.42 ], [ -90.55, 42.41 ], [ -90.54, 42.41 ], [ -90.52, 42.4 ], [ -90.51, 42.4 ], [ -90.5, 42.4 ], [ -90.49, 42.39 ], [ -90.49, 42.38 ], [ -90.5, 42.38 ], [ -90.66, 42.38 ], [ -90.67, 42.36 ], [ -90.67, 42.34 ], [ -90.67, 42.29 ], [ -90.73, 42.3 ], [ -90.75, 42.29 ], [ -90.76, 42.3 ], [ -90.79, 42.29 ], [ -90.81, 42.3 ], [ -90.86, 42.29 ], [ -90.9, 42.3 ], [ -90.94, 42.3 ], [ -90.96, 42.3 ], [ -90.98, 42.3 ], [ -91.0, 42.3 ], [ -91.01, 42.3 ], [ -91.05, 42.3 ], [ -91.12, 42.3 ], [ -91.13, 42.3 ], [ -91.13, 42.45 ], [ -91.13, 42.47 ], [ -91.13, 42.49 ], [ -91.13, 42.5 ], [ -91.13, 42.55 ], [ -91.13, 42.59 ], [ -91.13, 42.62 ], [ -91.13, 42.63 ], [ -91.13, 42.65 ], [ -91.04, 42.65 ], [ -91.03, 42.65 ], [ -91.01, 42.65 ], [ -90.97, 42.65 ], [ -90.9, 42.65 ], [ -90.9, 42.68 ], [ -90.89, 42.67 ], [ -90.87, 42.67 ], [ -90.86, 42.67 ], [ -90.85, 42.66 ], [ -90.84, 42.66 ], [ -90.83, 42.66 ], [ -90.82, 42.66 ], [ -90.81, 42.66 ], [ -90.8, 42.66 ], [ -90.79, 42.65 ], [ -90.78, 42.65 ], [ -90.77, 42.65 ], [ -90.76, 42.65 ], [ -90.75, 42.65 ] ] ] } },
{ "type": "Feature", "properties": { "WFO": "DVN", "ISSUED": "201804140613", "EXPIRED": "201804150000", "INIT_ISS": "201804140613", "INIT_EXP": "201804150000", "PHENOM": "WI", "GTYPE": "C", "SIG": "Y", "ETN": 2, "STATUS": "EXP", "NWS_UGC": "IAZ065", "AREA_KM2": 1505.174072265625, "UPDATED": "201804142344", "HV_NWSLI": null, "HV_SEV": null, "HV_CAUSE": null, "HV_REC": null, "EMERGENC": false, "POLY_BEG": null, "POLY_END": null, "WINDTAG": null, "HAILTAG": null, "TORNTAG": null, "DAMAGTAG": null, "PROD_ID": "201804140613-KDVN-WWUS73-NPWDVN", "FCSTER": null }, "geometry": { "type": "Polygon", "coordinates": [ [ [ -91.23, 41.95 ], [ -91.2, 41.95 ], [ -91.13, 41.95 ], [ -90.95, 41.95 ], [ -90.91, 41.95 ], [ -90.9, 41.95 ], [ -90.9, 41.92 ], [ -90.9, 41.91 ], [ -90.9, 41.87 ], [ -90.9, 41.85 ], [ -90.9, 41.84 ], [ -90.9, 41.83 ], [ -90.9, 41.82 ], [ -90.9, 41.8 ], [ -90.9, 41.77 ], [ -90.9, 41.75 ], [ -90.9, 41.74 ], [ -90.9, 41.73 ], [ -90.9, 41.71 ], [ -90.9, 41.63 ], [ -90.9, 41.61 ], [ -90.9, 41.6 ], [ -90.91, 41.6 ], [ -90.96, 41.6 ], [ -91.04, 41.6 ], [ -91.12, 41.6 ], [ -91.16, 41.6 ], [ -91.2, 41.6 ], [ -91.22, 41.6 ], [ -91.25, 41.6 ], [ -91.32, 41.6 ], [ -91.37, 41.6 ], [ -91.37, 41.63 ], [ -91.37, 41.64 ], [ -91.37, 41.66 ], [ -91.37, 41.71 ], [ -91.37, 41.76 ], [ -91.37, 41.82 ], [ -91.37, 41.83 ], [ -91.37, 41.86 ], [ -91.37, 41.88 ], [ -91.37, 41.95 ], [ -91.25, 41.95 ], [ -91.23, 41.95 ] ] ] } },
{ "type": "Feature", "properties": { "WFO": "DVN", "ISSUED": "201804140613", "EXPIRED": "201804150000", "INIT_ISS": "201804140613", "INIT_EXP": "201804150000", "PHENOM": "WI", "GTYPE": "C", "SIG": "Y", "ETN": 2, "STATUS": "EXP", "NWS_UGC": "IAZ041", "AREA_KM2": 1497.22705078125, "UPDATED": "201804142344", "HV_NWSLI": null, "HV_SEV": null, "HV_CAUSE": null, "HV_REC": null, "EMERGENC": false, "POLY_BEG": null, "POLY_END": null, "WINDTAG": null, "HAILTAG": null, "TORNTAG": null, "DAMAGTAG": null, "PROD_ID": "201804140613-KDVN-WWUS73-NPWDVN", "FCSTER": null }, "geometry": { "type": "Polygon", "coordinates": [ [ [ -91.13, 42.65 ], [ -91.13, 42.63 ], [ -91.13, 42.62 ], [ -91.13, 42.59 ], [ -91.13, 42.55 ], [ -91.13, 42.5 ], [ -91.13, 42.49 ], [ -91.13, 42.47 ], [ -91.13, 42.45 ], [ -91.13, 42.3 ], [ -91.21, 42.3 ], [ -91.25, 42.3 ], [ -91.26, 42.3 ], [ -91.27, 42.3 ], [ -91.3, 42.3 ], [ -91.31, 42.3 ], [ -91.32, 42.3 ], [ -91.36, 42.3 ], [ -91.38, 42.3 ], [ -91.4, 42.3 ], [ -91.46, 42.3 ], [ -91.48, 42.3 ], [ -91.6, 42.3 ], [ -91.6, 42.32 ], [ -91.6, 42.38 ], [ -91.6, 42.43 ], [ -91.6, 42.44 ], [ -91.6, 42.47 ], [ -91.61, 42.47 ], [ -91.61, 42.48 ], [ -91.61, 42.53 ], [ -91.61, 42.57 ], [ -91.61, 42.59 ], [ -91.61, 42.6 ], [ -91.61, 42.64 ], [ -91.55, 42.64 ], [ -91.54, 42.64 ], [ -91.49, 42.64 ], [ -91.47, 42.64 ], [ -91.46, 42.64 ], [ -91.45, 42.64 ], [ -91.43, 42.64 ], [ -91.42, 42.64 ], [ -91.41, 42.64 ], [ -91.38, 42.64 ], [ -91.28, 42.65 ], [ -91.23, 42.65 ], [ -91.21, 42.65 ], [ -91.13, 42.65 ] ] ] } },
{ "type": "Feature", "properties": { "WFO": "DVN", "ISSUED": "201804140613", "EXPIRED": "201804150000", "INIT_ISS": "201804140613", "INIT_EXP": "201804150000", "PHENOM": "WI", "GTYPE": "C", "SIG": "Y", "ETN": 2, "STATUS": "EXP", "NWS_UGC": "IAZ066", "AREA_KM2": 1836.62548828125, "UPDATED": "201804142344", "HV_NWSLI": null, "HV_SEV": null, "HV_CAUSE": null, "HV_REC": null, "EMERGENC": false, "POLY_BEG": null, "POLY_END": null, "WINDTAG": null, "HAILTAG": null, "TORNTAG": null, "DAMAGTAG": null, "PROD_ID": "201804140613-KDVN-WWUS73-NPWDVN", "FCSTER": null }, "geometry": { "type": "Polygon", "coordinates": [ [ [ -90.66, 41.76 ], [ -90.67, 41.76 ], [ -90.68, 41.76 ], [ -90.68, 41.75 ], [ -90.69, 41.76 ], [ -90.69, 41.75 ], [ -90.69, 41.74 ], [ -90.7, 41.74 ], [ -90.71, 41.74 ], [ -90.71, 41.73 ], [ -90.72, 41.74 ], [ -90.73, 41.74 ], [ -90.74, 41.74 ], [ -90.75, 41.74 ], [ -90.75, 41.75 ], [ -90.76, 41.76 ], [ -90.77, 41.77 ], [ -90.78, 41.77 ], [ -90.79, 41.77 ], [ -90.8, 41.77 ], [ -90.89, 41.77 ], [ -90.9, 41.77 ], [ -90.9, 41.8 ], [ -90.9, 41.82 ], [ -90.9, 41.83 ], [ -90.9, 41.84 ], [ -90.9, 41.85 ], [ -90.9, 41.87 ], [ -90.9, 41.91 ], [ -90.9, 41.92 ], [ -90.9, 41.95 ], [ -90.9, 41.96 ], [ -90.9, 42.0 ], [ -90.9, 42.03 ], [ -90.84, 42.03 ], [ -90.83, 42.03 ], [ -90.82, 42.03 ], [ -90.81, 42.03 ], [ -90.77, 42.03 ], [ -90.75, 42.03 ], [ -90.72, 42.03 ], [ -90.7, 42.03 ], [ -90.63, 42.03 ], [ -90.61, 42.03 ], [ -90.6, 42.03 ], [ -90.58, 42.03 ], [ -90.5, 42.03 ], [ -90.44, 42.03 ], [ -90.42, 42.03 ], [ -90.37, 42.03 ], [ -90.3, 42.03 ], [ -90.27, 42.03 ], [ -90.24, 42.03 ], [ -90.21, 42.03 ], [ -90.17, 42.03 ], [ -90.16, 42.03 ], [ -90.15, 42.03 ], [ -90.15, 42.02 ], [ -90.14, 42.01 ], [ -90.14, 42.0 ], [ -90.14, 41.99 ], [ -90.15, 41.99 ], [ -90.15, 41.98 ], [ -90.15, 41.97 ], [ -90.16, 41.97 ], [ -90.16, 41.96 ], [ -90.16, 41.95 ], [ -90.16, 41.94 ], [ -90.15, 41.94 ], [ -90.15, 41.93 ], [ -90.15, 41.92 ], [ -90.15, 41.91 ], [ -90.16, 41.9 ], [ -90.17, 41.88 ], [ -90.17, 41.87 ], [ -90.17, 41.86 ], [ -90.17, 41.85 ], [ -90.18, 41.85 ], [ -90.18, 41.84 ], [ -90.18, 41.83 ], [ -90.18, 41.82 ], [ -90.18, 41.81 ], [ -90.19, 41.8 ], [ -90.2, 41.8 ], [ -90.22, 41.8 ], [ -90.22, 41.79 ], [ -90.24, 41.78 ], [ -90.25, 41.78 ], [ -90.26, 41.77 ], [ -90.27, 41.77 ], [ -90.28, 41.77 ], [ -90.28, 41.76 ], [ -90.29, 41.76 ], [ -90.3, 41.75 ], [ -90.31, 41.74 ], [ -90.31, 41.73 ], [ -90.32, 41.73 ], [ -90.33, 41.73 ], [ -90.33, 41.74 ], [ -90.34, 41.74 ], [ -90.34, 41.73 ], [ -90.35, 41.73 ], [ -90.36, 41.73 ], [ -90.37, 41.73 ], [ -90.38, 41.73 ], [ -90.38, 41.74 ], [ -90.39, 41.74 ], [ -90.39, 41.73 ], [ -90.4, 41.73 ], [ -90.41, 41.73 ], [ -90.41, 41.74 ], [ -90.42, 41.74 ], [ -90.43, 41.74 ], [ -90.43, 41.75 ], [ -90.43, 41.76 ], [ -90.44, 41.76 ], [ -90.45, 41.76 ], [ -90.46, 41.76 ], [ -90.47, 41.76 ], [ -90.47, 41.77 ], [ -90.48, 41.77 ], [ -90.49, 41.77 ], [ -90.5, 41.77 ], [ -90.51, 41.77 ], [ -90.52, 41.77 ], [ -90.53, 41.77 ], [ -90.54, 41.78 ], [ -90.54, 41.77 ], [ -90.55, 41.77 ], [ -90.55, 41.76 ], [ -90.56, 41.76 ], [ -90.57, 41.77 ], [ -90.57, 41.76 ], [ -90.58, 41.76 ], [ -90.59, 41.76 ], [ -90.59, 41.77 ], [ -90.6, 41.77 ], [ -90.6, 41.76 ], [ -90.61, 41.76 ], [ -90.62, 41.76 ], [ -90.63, 41.76 ], [ -90.64, 41.76 ], [ -90.65, 41.76 ], [ -90.66, 41.76 ] ] ] } },
{ "type": "Feature", "properties": { "WFO": "DVN", "ISSUED": "201804140613", "EXPIRED": "201804150000", "INIT_ISS": "201804140613", "INIT_EXP": "201804150000", "PHENOM": "WI", "GTYPE": "C", "SIG": "Y", "ETN": 2, "STATUS": "EXP", "NWS_UGC": "IAZ040", "AREA_KM2": 1482.56787109375, "UPDATED": "201804142344", "HV_NWSLI": null, "HV_SEV": null, "HV_CAUSE": null, "HV_REC": null, "EMERGENC": false, "POLY_BEG": null, "POLY_END": null, "WINDTAG": null, "HAILTAG": null, "TORNTAG": null, "DAMAGTAG": null, "PROD_ID": "201804140613-KDVN-WWUS73-NPWDVN", "FCSTER": null }, "geometry": { "type": "Polygon", "coordinates": [ [ [ -91.61, 42.64 ], [ -91.61, 42.6 ], [ -91.61, 42.59 ], [ -91.61, 42.57 ], [ -91.61, 42.53 ], [ -91.61, 42.48 ], [ -91.61, 42.47 ], [ -91.6, 42.47 ], [ -91.6, 42.44 ], [ -91.6, 42.43 ], [ -91.6, 42.38 ], [ -91.6, 42.32 ], [ -91.6, 42.3 ], [ -91.68, 42.3 ], [ -91.71, 42.3 ], [ -91.77, 42.3 ], [ -91.78, 42.3 ], [ -91.83, 42.3 ], [ -91.95, 42.3 ], [ -91.98, 42.3 ], [ -92.0, 42.3 ], [ -92.06, 42.3 ], [ -92.06, 42.32 ], [ -92.06, 42.37 ], [ -92.06, 42.38 ], [ -92.06, 42.45 ], [ -92.06, 42.46 ], [ -92.06, 42.47 ], [ -92.08, 42.47 ], [ -92.08, 42.5 ], [ -92.08, 42.51 ], [ -92.08, 42.57 ], [ -92.08, 42.61 ], [ -92.08, 42.64 ], [ -92.0, 42.64 ], [ -91.96, 42.64 ], [ -91.95, 42.64 ], [ -91.94, 42.64 ], [ -91.93, 42.64 ], [ -91.91, 42.64 ], [ -91.9, 42.64 ], [ -91.89, 42.64 ], [ -91.88, 42.64 ], [ -91.85, 42.64 ], [ -91.82, 42.64 ], [ -91.81, 42.64 ], [ -91.75, 42.64 ], [ -91.71, 42.64 ], [ -91.69, 42.64 ], [ -91.64, 42.64 ], [ -91.61, 42.64 ] ] ] } },
{ "type": "Feature", "properties": { "WFO": "DVN", "ISSUED": "201804140613", "EXPIRED": "201804150000", "INIT_ISS": "201804140613", "INIT_EXP": "201804150000", "PHENOM": "WI", "GTYPE": "C", "SIG": "Y", "ETN": 2, "STATUS": "EXP", "NWS_UGC": "IAZ063", "AREA_KM2": 1518.9859619140625, "UPDATED": "201804142344", "HV_NWSLI": null, "HV_SEV": null, "HV_CAUSE": null, "HV_REC": null, "EMERGENC": false, "POLY_BEG": null, "POLY_END": null, "WINDTAG": null, "HAILTAG": null, "TORNTAG": null, "DAMAGTAG": null, "PROD_ID": "201804140613-KDVN-WWUS73-NPWDVN", "FCSTER": null }, "geometry": { "type": "Polygon", "coordinates": [ [ [ -92.05, 41.86 ], [ -92.01, 41.86 ], [ -92.0, 41.86 ], [ -91.99, 41.86 ], [ -91.97, 41.86 ], [ -91.96, 41.86 ], [ -91.93, 41.86 ], [ -91.9, 41.86 ], [ -91.87, 41.86 ], [ -91.85, 41.86 ], [ -91.83, 41.86 ], [ -91.83, 41.83 ], [ -91.83, 41.8 ], [ -91.83, 41.75 ], [ -91.83, 41.72 ], [ -91.83, 41.69 ], [ -91.83, 41.63 ], [ -91.83, 41.6 ], [ -91.83, 41.58 ], [ -91.83, 41.57 ], [ -91.83, 41.55 ], [ -91.83, 41.53 ], [ -91.83, 41.51 ], [ -91.93, 41.51 ], [ -91.95, 41.51 ], [ -91.98, 41.51 ], [ -92.01, 41.51 ], [ -92.04, 41.51 ], [ -92.07, 41.51 ], [ -92.09, 41.51 ], [ -92.15, 41.51 ], [ -92.2, 41.51 ], [ -92.24, 41.51 ], [ -92.3, 41.51 ], [ -92.3, 41.53 ], [ -92.3, 41.54 ], [ -92.3, 41.58 ], [ -92.3, 41.6 ], [ -92.3, 41.61 ], [ -92.3, 41.63 ], [ -92.3, 41.64 ], [ -92.3, 41.65 ], [ -92.3, 41.66 ], [ -92.3, 41.7 ], [ -92.3, 41.71 ], [ -92.3, 41.73 ], [ -92.3, 41.75 ], [ -92.3, 41.77 ], [ -92.3, 41.79 ], [ -92.3, 41.8 ], [ -92.3, 41.82 ], [ -92.3, 41.85 ], [ -92.3, 41.86 ], [ -92.25, 41.86 ], [ -92.23, 41.86 ], [ -92.14, 41.86 ], [ -92.07, 41.86 ], [ -92.05, 41.86 ] ] ] } },
{ "type": "Feature", "properties": { "WFO": "DMX", "ISSUED": "201804140631", "EXPIRED": "201804142100", "INIT_ISS": "201804140631", "INIT_EXP": "201804142100", "PHENOM": "WI", "GTYPE": "C", "SIG": "Y", "ETN": 5, "STATUS": "EXP", "NWS_UGC": "IAZ027", "AREA_KM2": 1503.592041015625, "UPDATED": "201804142104", "HV_NWSLI": null, "HV_SEV": null, "HV_CAUSE": null, "HV_REC": null, "EMERGENC": false, "POLY_BEG": null, "POLY_END": null, "WINDTAG": null, "HAILTAG": null, "TORNTAG": null, "DAMAGTAG": null, "PROD_ID": "201804140631-KDMX-WWUS73-NPWDMX", "FCSTER": "REV" }, "geometry": { "type": "Polygon", "coordinates": [ [ [ -92.99, 42.91 ], [ -92.89, 42.91 ], [ -92.83, 42.91 ], [ -92.82, 42.91 ], [ -92.77, 42.91 ], [ -92.72, 42.91 ], [ -92.65, 42.91 ], [ -92.63, 42.91 ], [ -92.62, 42.91 ], [ -92.61, 42.91 ], [ -92.55, 42.91 ], [ -92.55, 42.87 ], [ -92.55, 42.85 ], [ -92.55, 42.79 ], [ -92.55, 42.78 ], [ -92.55, 42.76 ], [ -92.55, 42.73 ], [ -92.55, 42.66 ], [ -92.55, 42.64 ], [ -92.55, 42.63 ], [ -92.55, 42.61 ], [ -92.55, 42.58 ], [ -92.55, 42.56 ], [ -92.63, 42.56 ], [ -92.74, 42.56 ], [ -92.77, 42.56 ], [ -92.81, 42.56 ], [ -92.83, 42.56 ], [ -92.89, 42.56 ], [ -92.95, 42.56 ], [ -92.99, 42.56 ], [ -93.0, 42.56 ], [ -93.03, 42.56 ], [ -93.03, 42.57 ], [ -93.03, 42.61 ], [ -93.03, 42.63 ], [ -93.03, 42.69 ], [ -93.03, 42.73 ], [ -93.03, 42.75 ], [ -93.03, 42.87 ], [ -93.03, 42.88 ], [ -93.02, 42.91 ], [ -93.0, 42.91 ], [ -92.99, 42.91 ] ] ] } },
{ "type": "Feature", "properties": { "WFO": "DMX", "ISSUED": "201804140631", "EXPIRED": "201804142100", "INIT_ISS": "201804140631", "INIT_EXP": "201804142100", "PHENOM": "WI", "GTYPE": "C", "SIG": "Y", "ETN": 5, "STATUS": "EXP", "NWS_UGC": "IAZ049", "AREA_KM2": 1481.873291015625, "UPDATED": "201804142104", "HV_NWSLI": null, "HV_SEV": null, "HV_CAUSE": null, "HV_REC": null, "EMERGENC": false, "POLY_BEG": null, "POLY_END": null, "WINDTAG": null, "HAILTAG": null, "TORNTAG": null, "DAMAGTAG": null, "PROD_ID": "201804140631-KDMX-WWUS73-NPWDMX", "FCSTER": "REV" }, "geometry": { "type": "Polygon", "coordinates": [ [ [ -92.77, 42.21 ], [ -92.77, 42.13 ], [ -92.77, 42.11 ], [ -92.77, 42.05 ], [ -92.77, 42.01 ], [ -92.77, 42.0 ], [ -92.77, 41.99 ], [ -92.77, 41.96 ], [ -92.77, 41.86 ], [ -92.79, 41.86 ], [ -92.84, 41.86 ], [ -92.91, 41.86 ], [ -93.0, 41.86 ], [ -93.04, 41.86 ], [ -93.15, 41.86 ], [ -93.19, 41.86 ], [ -93.23, 41.86 ], [ -93.23, 41.87 ], [ -93.23, 41.88 ], [ -93.23, 41.9 ], [ -93.23, 41.91 ], [ -93.23, 41.98 ], [ -93.23, 42.01 ], [ -93.23, 42.12 ], [ -93.23, 42.14 ], [ -93.23, 42.15 ], [ -93.23, 42.17 ], [ -93.23, 42.21 ], [ -93.11, 42.21 ], [ -93.06, 42.21 ], [ -93.03, 42.21 ], [ -93.02, 42.21 ], [ -93.0, 42.21 ], [ -92.98, 42.21 ], [ -92.89, 42.21 ], [ -92.78, 42.21 ], [ -92.77, 42.21 ] ] ] } },
{ "type": "Feature", "properties": { "WFO": "DMX", "ISSUED": "201804140631", "EXPIRED": "201804142100", "INIT_ISS": "201804140631", "INIT_EXP": "201804142100", "PHENOM": "WI", "GTYPE": "C", "SIG": "Y", "ETN": 5, "STATUS": "EXP", "NWS_UGC": "IAZ037", "AREA_KM2": 1473.6824951171875, "UPDATED": "201804142104", "HV_NWSLI": null, "HV_SEV": null, "HV_CAUSE": null, "HV_REC": null, "EMERGENC": false, "POLY_BEG": null, "POLY_END": null, "WINDTAG": null, "HAILTAG": null, "TORNTAG": null, "DAMAGTAG": null, "PROD_ID": "201804140631-KDMX-WWUS73-NPWDMX", "FCSTER": "REV" }, "geometry": { "type": "Polygon", "coordinates": [ [ [ -93.5, 42.56 ], [ -93.46, 42.56 ], [ -93.39, 42.56 ], [ -93.38, 42.56 ], [ -93.29, 42.56 ], [ -93.26, 42.56 ], [ -93.2, 42.56 ], [ -93.16, 42.56 ], [ -93.03, 42.56 ], [ -93.03, 42.5 ], [ -93.03, 42.49 ], [ -93.03, 42.47 ], [ -93.02, 42.47 ], [ -93.0, 42.47 ], [ -93.0, 42.46 ], [ -93.0, 42.41 ], [ -93.0, 42.38 ], [ -93.0, 42.3 ], [ -93.0, 42.28 ], [ -93.0, 42.22 ], [ -93.0, 42.21 ], [ -93.02, 42.21 ], [ -93.03, 42.21 ], [ -93.06, 42.21 ], [ -93.11, 42.21 ], [ -93.23, 42.21 ], [ -93.29, 42.21 ], [ -93.36, 42.21 ], [ -93.38, 42.21 ], [ -93.4, 42.21 ], [ -93.46, 42.21 ], [ -93.46, 42.22 ], [ -93.46, 42.31 ], [ -93.46, 42.33 ], [ -93.46, 42.35 ], [ -93.46, 42.37 ], [ -93.46, 42.45 ], [ -93.46, 42.47 ], [ -93.5, 42.47 ], [ -93.5, 42.49 ], [ -93.5, 42.5 ], [ -93.5, 42.54 ], [ -93.5, 42.55 ], [ -93.5, 42.56 ] ] ] } },
{ "type": "Feature", "properties": { "WFO": "DMX", "ISSUED": "201804140631", "EXPIRED": "201804142100", "INIT_ISS": "201804140631", "INIT_EXP": "201804142100", "PHENOM": "WI", "GTYPE": "C", "SIG": "Y", "ETN": 5, "STATUS": "EXP", "NWS_UGC": "IAZ048", "AREA_KM2": 1483.523193359375, "UPDATED": "201804142104", "HV_NWSLI": null, "HV_SEV": null, "HV_CAUSE": null, "HV_REC": null, "EMERGENC": false, "POLY_BEG": null, "POLY_END": null, "WINDTAG": null, "HAILTAG": null, "TORNTAG": null, "DAMAGTAG": null, "PROD_ID": "201804140631-KDMX-WWUS73-NPWDMX", "FCSTER": "REV" }, "geometry": { "type": "Polygon", "coordinates": [ [ [ -93.46, 42.21 ], [ -93.4, 42.21 ], [ -93.38, 42.21 ], [ -93.36, 42.21 ], [ -93.29, 42.21 ], [ -93.23, 42.21 ], [ -93.23, 42.17 ], [ -93.23, 42.15 ], [ -93.23, 42.14 ], [ -93.23, 42.12 ], [ -93.23, 42.01 ], [ -93.23, 41.98 ], [ -93.23, 41.91 ], [ -93.23, 41.9 ], [ -93.23, 41.88 ], [ -93.23, 41.87 ], [ -93.23, 41.86 ], [ -93.25, 41.86 ], [ -93.29, 41.86 ], [ -93.35, 41.86 ], [ -93.43, 41.86 ], [ -93.46, 41.86 ], [ -93.48, 41.86 ], [ -93.51, 41.86 ], [ -93.69, 41.86 ], [ -93.7, 41.86 ], [ -93.7, 41.87 ], [ -93.7, 41.95 ], [ -93.7, 42.01 ], [ -93.7, 42.03 ], [ -93.7, 42.05 ], [ -93.7, 42.11 ], [ -93.7, 42.12 ], [ -93.7, 42.18 ], [ -93.7, 42.21 ], [ -93.64, 42.21 ], [ -93.62, 42.21 ], [ -93.57, 42.21 ], [ -93.48, 42.21 ], [ -93.46, 42.21 ] ] ] } },
{ "type": "Feature", "properties": { "WFO": "DMX", "ISSUED": "201804140631", "EXPIRED": "201804142100", "INIT_ISS": "201804140631", "INIT_EXP": "201804142100", "PHENOM": "WI", "GTYPE": "C", "SIG": "Y", "ETN": 5, "STATUS": "EXP", "NWS_UGC": "IAZ050", "AREA_KM2": 1868.0078125, "UPDATED": "201804142104", "HV_NWSLI": null, "HV_SEV": null, "HV_CAUSE": null, "HV_REC": null, "EMERGENC": false, "POLY_BEG": null, "POLY_END": null, "WINDTAG": null, "HAILTAG": null, "TORNTAG": null, "DAMAGTAG": null, "PROD_ID": "201804140631-KDMX-WWUS73-NPWDMX", "FCSTER": "REV" }, "geometry": { "type": "Polygon", "coordinates": [ [ [ -92.3, 42.3 ], [ -92.3, 42.26 ], [ -92.3, 42.25 ], [ -92.3, 42.23 ], [ -92.3, 42.15 ], [ -92.3, 42.1 ], [ -92.3, 42.05 ], [ -92.3, 42.04 ], [ -92.3, 42.02 ], [ -92.3, 42.0 ], [ -92.3, 41.98 ], [ -92.3, 41.97 ], [ -92.3, 41.96 ], [ -92.3, 41.94 ], [ -92.3, 41.9 ], [ -92.3, 41.89 ], [ -92.3, 41.86 ], [ -92.38, 41.86 ], [ -92.4, 41.86 ], [ -92.42, 41.86 ], [ -92.55, 41.86 ], [ -92.57, 41.86 ], [ -92.59, 41.86 ], [ -92.63, 41.86 ], [ -92.65, 41.86 ], [ -92.77, 41.86 ], [ -92.77, 41.96 ], [ -92.77, 41.99 ], [ -92.77, 42.0 ], [ -92.77, 42.01 ], [ -92.77, 42.05 ], [ -92.77, 42.11 ], [ -92.77, 42.13 ], [ -92.77, 42.21 ], [ -92.77, 42.24 ], [ -92.77, 42.25 ], [ -92.77, 42.3 ], [ -92.75, 42.3 ], [ -92.63, 42.3 ], [ -92.56, 42.3 ], [ -92.53, 42.3 ], [ -92.3, 42.3 ] ] ] } },
{ "type": "Feature", "properties": { "WFO": "DMX", "ISSUED": "201804140631", "EXPIRED": "201804142100", "INIT_ISS": "201804140631", "INIT_EXP": "201804142100", "PHENOM": "WI", "GTYPE": "C", "SIG": "Y", "ETN": 5, "STATUS": "EXP", "NWS_UGC": "IAZ028", "AREA_KM2": 1136.6864013671875, "UPDATED": "201804142104", "HV_NWSLI": null, "HV_SEV": null, "HV_CAUSE": null, "HV_REC": null, "EMERGENC": false, "POLY_BEG": null, "POLY_END": null, "WINDTAG": null, "HAILTAG": null, "TORNTAG": null, "DAMAGTAG": null, "PROD_ID": "201804140631-KDMX-WWUS73-NPWDMX", "FCSTER": "REV" }, "geometry": { "type": "Polygon", "coordinates": [ [ [ -92.32, 42.91 ], [ -92.31, 42.91 ], [ -92.23, 42.91 ], [ -92.15, 42.91 ], [ -92.08, 42.91 ], [ -92.08, 42.89 ], [ -92.08, 42.87 ], [ -92.08, 42.83 ], [ -92.08, 42.82 ], [ -92.08, 42.76 ], [ -92.08, 42.72 ], [ -92.08, 42.7 ], [ -92.08, 42.69 ], [ -92.08, 42.64 ], [ -92.12, 42.64 ], [ -92.13, 42.64 ], [ -92.16, 42.64 ], [ -92.25, 42.64 ], [ -92.31, 42.64 ], [ -92.55, 42.64 ], [ -92.55, 42.66 ], [ -92.55, 42.73 ], [ -92.55, 42.76 ], [ -92.55, 42.78 ], [ -92.55, 42.79 ], [ -92.55, 42.85 ], [ -92.55, 42.87 ], [ -92.55, 42.91 ], [ -92.5, 42.91 ], [ -92.49, 42.91 ], [ -92.44, 42.91 ], [ -92.32, 42.91 ] ] ] } },
{ "type": "Feature", "properties": { "WFO": "DMX", "ISSUED": "201804140631", "EXPIRED": "201804142100", "INIT_ISS": "201804140631", "INIT_EXP": "201804142100", "PHENOM": "WI", "GTYPE": "C", "SIG": "Y", "ETN": 5, "STATUS": "EXP", "NWS_UGC": "IAZ038", "AREA_KM2": 1299.400634765625, "UPDATED": "201804142104", "HV_NWSLI": null, "HV_SEV": null, "HV_CAUSE": null, "HV_REC": null, "EMERGENC": false, "POLY_BEG": null, "POLY_END": null, "WINDTAG": null, "HAILTAG": null, "TORNTAG": null, "DAMAGTAG": null, "PROD_ID": "201804140631-KDMX-WWUS73-NPWDMX", "FCSTER": "REV" }, "geometry": { "type": "Polygon", "coordinates": [ [ [ -92.99, 42.56 ], [ -92.95, 42.56 ], [ -92.89, 42.56 ], [ -92.83, 42.56 ], [ -92.81, 42.56 ], [ -92.77, 42.56 ], [ -92.74, 42.56 ], [ -92.63, 42.56 ], [ -92.55, 42.56 ], [ -92.55, 42.47 ], [ -92.53, 42.47 ], [ -92.53, 42.39 ], [ -92.53, 42.38 ], [ -92.53, 42.34 ], [ -92.53, 42.3 ], [ -92.56, 42.3 ], [ -92.63, 42.3 ], [ -92.75, 42.3 ], [ -92.77, 42.3 ], [ -92.77, 42.25 ], [ -92.77, 42.24 ], [ -92.77, 42.21 ], [ -92.78, 42.21 ], [ -92.89, 42.21 ], [ -92.98, 42.21 ], [ -93.0, 42.21 ], [ -93.0, 42.22 ], [ -93.0, 42.28 ], [ -93.0, 42.3 ], [ -93.0, 42.38 ], [ -93.0, 42.41 ], [ -93.0, 42.46 ], [ -93.0, 42.47 ], [ -93.02, 42.47 ], [ -93.03, 42.47 ], [ -93.03, 42.49 ], [ -93.03, 42.5 ], [ -93.03, 42.56 ], [ -93.0, 42.56 ], [ -92.99, 42.56 ] ] ] } },
{ "type": "Feature", "properties": { "WFO": "DMX", "ISSUED": "201804140631", "EXPIRED": "201804142100", "INIT_ISS": "201804140631", "INIT_EXP": "201804142100", "PHENOM": "WI", "GTYPE": "C", "SIG": "Y", "ETN": 5, "STATUS": "EXP", "NWS_UGC": "IAZ039", "AREA_KM2": 1478.8148193359375, "UPDATED": "201804142104", "HV_NWSLI": null, "HV_SEV": null, "HV_CAUSE": null, "HV_REC": null, "EMERGENC": false, "POLY_BEG": null, "POLY_END": null, "WINDTAG": null, "HAILTAG": null, "TORNTAG": null, "DAMAGTAG": null, "PROD_ID": "201804140631-KDMX-WWUS73-NPWDMX", "FCSTER": "REV" }, "geometry": { "type": "Polygon", "coordinates": [ [ [ -92.31, 42.64 ], [ -92.25, 42.64 ], [ -92.16, 42.64 ], [ -92.13, 42.64 ], [ -92.12, 42.64 ], [ -92.08, 42.64 ], [ -92.08, 42.61 ], [ -92.08, 42.57 ], [ -92.08, 42.51 ], [ -92.08, 42.5 ], [ -92.08, 42.47 ], [ -92.06, 42.47 ], [ -92.06, 42.46 ], [ -92.06, 42.45 ], [ -92.06, 42.38 ], [ -92.06, 42.37 ], [ -92.06, 42.32 ], [ -92.06, 42.3 ], [ -92.08, 42.3 ], [ -92.15, 42.3 ], [ -92.3, 42.3 ], [ -92.53, 42.3 ], [ -92.53, 42.34 ], [ -92.53, 42.38 ], [ -92.53, 42.39 ], [ -92.53, 42.47 ], [ -92.55, 42.47 ], [ -92.55, 42.56 ], [ -92.55, 42.58 ], [ -92.55, 42.61 ], [ -92.55, 42.63 ], [ -92.55, 42.64 ], [ -92.31, 42.64 ] ] ] } },
{ "type": "Feature", "properties": { "WFO": "GID", "ISSUED": "201804140900", "EXPIRED": "201804150300", "INIT_ISS": "201804130914", "INIT_EXP": "201804150000", "PHENOM": "WW", "GTYPE": "C", "SIG": "Y", "ETN": 13, "STATUS": "EXP", "NWS_UGC": "NEZ087", "AREA_KM2": 1488.1656494140625, "UPDATED": "201804150304", "HV_NWSLI": null, "HV_SEV": null, "HV_CAUSE": null, "HV_REC": null, "EMERGENC": false, "POLY_BEG": null, "POLY_END": null, "WINDTAG": null, "HAILTAG": null, "TORNTAG": null, "DAMAGTAG": null, "PROD_ID": "201804130914-KGID-WWUS43-WSWGID", "FCSTER": "Pfannkuch" }, "geometry": { "type": "Polygon", "coordinates": [ [ [ -97.37, 40.0 ], [ -97.38, 40.0 ], [ -97.46, 40.0 ], [ -97.48, 40.0 ], [ -97.49, 40.0 ], [ -97.5, 40.0 ], [ -97.52, 40.0 ], [ -97.6, 40.0 ], [ -97.61, 40.0 ], [ -97.77, 40.0 ], [ -97.78, 40.0 ], [ -97.82, 40.0 ], [ -97.82, 40.02 ], [ -97.82, 40.05 ], [ -97.82, 40.11 ], [ -97.82, 40.19 ], [ -97.82, 40.2 ], [ -97.82, 40.26 ], [ -97.82, 40.31 ], [ -97.82, 40.33 ], [ -97.82, 40.35 ], [ -97.8, 40.35 ], [ -97.79, 40.35 ], [ -97.75, 40.35 ], [ -97.73, 40.35 ], [ -97.71, 40.35 ], [ -97.67, 40.35 ], [ -97.61, 40.35 ], [ -97.5, 40.35 ], [ -97.49, 40.35 ], [ -97.44, 40.35 ], [ -97.38, 40.35 ], [ -97.37, 40.35 ], [ -97.37, 40.31 ], [ -97.37, 40.28 ], [ -97.37, 40.22 ], [ -97.37, 40.2 ], [ -97.37, 40.12 ], [ -97.37, 40.1 ], [ -97.37, 40.06 ], [ -97.37, 40.03 ], [ -97.37, 40.0 ] ] ] } },
{ "type": "Feature", "properties": { "WFO": "DLH", "ISSUED": "201804140900", "EXPIRED": "201804160000", "INIT_ISS": "201804132021", "INIT_EXP": "201804151500", "PHENOM": "LS", "GTYPE": "C", "SIG": "W", "ETN": 1, "STATUS": "EXP", "NWS_UGC": "MNZ037", "AREA_KM2": 4808.8994140625, "UPDATED": "201804152353", "HV_NWSLI": null, "HV_SEV": null, "HV_CAUSE": null, "HV_REC": null, "EMERGENC": false, "POLY_BEG": null, "POLY_END": null, "WINDTAG": null, "HAILTAG": null, "TORNTAG": null, "DAMAGTAG": null, "PROD_ID": "201804132021-KDLH-WHUS43-CFWDLH", "FCSTER": "Huyck" }, "geometry": { "type": "MultiPolygon", "coordinates": [ [ [ [ -92.29, 46.66 ], [ -92.29, 46.64 ], [ -92.29, 46.59 ], [ -92.29, 46.57 ], [ -92.29, 46.5 ], [ -92.29, 46.43 ], [ -92.29, 46.42 ], [ -92.31, 46.42 ], [ -92.37, 46.42 ], [ -92.49, 46.42 ], [ -92.5, 46.42 ], [ -92.55, 46.42 ], [ -92.64, 46.42 ], [ -92.73, 46.42 ], [ -92.76, 46.42 ], [ -92.77, 46.42 ], [ -92.8, 46.42 ], [ -92.82, 46.42 ], [ -92.86, 46.42 ], [ -92.87, 46.42 ], [ -92.88, 46.42 ], [ -92.89, 46.42 ], [ -92.96, 46.42 ], [ -93.05, 46.42 ], [ -93.06, 46.44 ], [ -93.06, 46.5 ], [ -93.06, 46.53 ], [ -93.06, 46.58 ], [ -93.05, 46.59 ], [ -93.06, 46.59 ], [ -93.06, 46.62 ], [ -93.06, 46.63 ], [ -93.06, 46.68 ], [ -93.06, 46.7 ], [ -93.06, 46.75 ], [ -93.06, 46.77 ], [ -93.06, 46.84 ], [ -93.06, 46.87 ], [ -93.06, 46.9 ], [ -93.06, 46.91 ], [ -93.06, 46.94 ], [ -93.06, 46.95 ], [ -93.06, 46.96 ], [ -93.06, 46.98 ], [ -93.06, 47.01 ], [ -93.06, 47.02 ], [ -93.06, 47.03 ], [ -92.69, 47.03 ], [ -92.24, 47.03 ], [ -92.07, 47.02 ], [ -91.99, 47.0 ], [ -91.98, 47.0 ], [ -91.91, 46.97 ], [ -91.83, 46.94 ], [ -91.81, 46.93 ], [ -91.82, 46.93 ], [ -91.83, 46.93 ], [ -91.84, 46.93 ], [ -91.84, 46.92 ], [ -91.85, 46.92 ], [ -91.85, 46.91 ], [ -91.86, 46.91 ], [ -91.87, 46.91 ], [ -91.88, 46.91 ], [ -91.89, 46.9 ], [ -91.91, 46.89 ], [ -91.91, 46.88 ], [ -91.92, 46.88 ], [ -91.94, 46.87 ], [ -91.95, 46.87 ], [ -91.97, 46.86 ], [ -91.98, 46.85 ], [ -91.99, 46.85 ], [ -91.99, 46.84 ], [ -92.0, 46.84 ], [ -92.01, 46.84 ], [ -92.01, 46.83 ], [ -92.02, 46.83 ], [ -92.03, 46.83 ], [ -92.03, 46.82 ], [ -92.04, 46.82 ], [ -92.05, 46.81 ], [ -92.06, 46.81 ], [ -92.06, 46.8 ], [ -92.07, 46.8 ], [ -92.08, 46.8 ], [ -92.09, 46.79 ], [ -92.09, 46.78 ], [ -92.1, 46.78 ], [ -92.1, 46.77 ], [ -92.1, 46.76 ], [ -92.09, 46.75 ], [ -92.1, 46.75 ], [ -92.11, 46.75 ], [ -92.11, 46.76 ], [ -92.12, 46.76 ], [ -92.13, 46.76 ], [ -92.12, 46.75 ], [ -92.13, 46.75 ], [ -92.13, 46.74 ], [ -92.14, 46.75 ], [ -92.15, 46.74 ], [ -92.16, 46.73 ], [ -92.16, 46.72 ], [ -92.17, 46.72 ], [ -92.17, 46.73 ], [ -92.18, 46.73 ], [ -92.18, 46.72 ], [ -92.19, 46.72 ], [ -92.2, 46.72 ], [ -92.2, 46.71 ], [ -92.21, 46.7 ], [ -92.2, 46.69 ], [ -92.21, 46.68 ], [ -92.2, 46.68 ], [ -92.19, 46.68 ], [ -92.2, 46.67 ], [ -92.21, 46.67 ], [ -92.21, 46.66 ], [ -92.22, 46.65 ], [ -92.23, 46.65 ], [ -92.24, 46.65 ], [ -92.25, 46.66 ], [ -92.26, 46.66 ], [ -92.27, 46.66 ], [ -92.28, 46.66 ], [ -92.29, 46.66 ] ] ], [ [ [ -92.09, 46.77 ], [ -92.08, 46.77 ], [ -92.08, 46.76 ], [ -92.09, 46.76 ], [ -92.09, 46.77 ] ] ], [ [ [ -92.07, 46.75 ], [ -92.06, 46.75 ], [ -92.06, 46.74 ], [ -92.07, 46.74 ], [ -92.07, 46.75 ] ] ], [ [ [ -92.05, 46.73 ], [ -92.03, 46.71 ], [ -92.04, 46.72 ], [ -92.05, 46.72 ], [ -92.05, 46.73 ] ] ], [ [ [ -92.16, 46.73 ], [ -92.15, 46.73 ], [ -92.15, 46.72 ], [ -92.16, 46.73 ] ] ], [ [ [ -92.21, 46.66 ], [ -92.2, 46.66 ], [ -92.21, 46.65 ], [ -92.21, 46.66 ] ] ], [ [ [ -92.25, 46.65 ], [ -92.26, 46.65 ], [ -92.26, 46.66 ], [ -92.25, 46.65 ] ] ] ] } },
{ "type": "Feature", "properties": { "WFO": "DLH", "ISSUED": "201804140900", "EXPIRED": "201804160000", "INIT_ISS": "201804132021", "INIT_EXP": "201804151500", "PHENOM": "LS", "GTYPE": "C", "SIG": "W", "ETN": 1, "STATUS": "EXP", "NWS_UGC": "MNZ020", "AREA_KM2": 1658.69580078125, "UPDATED": "201804152353", "HV_NWSLI": null, "HV_SEV": null, "HV_CAUSE": null, "HV_REC": null, "EMERGENC": false, "POLY_BEG": null, "POLY_END": null, "WINDTAG": null, "HAILTAG": null, "TORNTAG": null, "DAMAGTAG": null, "PROD_ID": "201804132021-KDLH-WHUS43-CFWDLH", "FCSTER": "Huyck" }, "geometry": { "type": "Polygon", "coordinates": [ [ [ -91.6, 47.06 ], [ -91.61, 47.06 ], [ -91.62, 47.06 ], [ -91.62, 47.05 ], [ -91.63, 47.05 ], [ -91.63, 47.04 ], [ -91.64, 47.04 ], [ -91.64, 47.03 ], [ -91.65, 47.03 ], [ -91.66, 47.03 ], [ -91.66, 47.02 ], [ -91.66, 47.01 ], [ -91.67, 47.01 ], [ -91.67, 47.02 ], [ -91.68, 47.02 ], [ -91.68, 47.01 ], [ -91.69, 47.01 ], [ -91.7, 47.01 ], [ -91.71, 47.0 ], [ -91.72, 47.0 ], [ -91.72, 46.99 ], [ -91.73, 46.99 ], [ -91.73, 46.98 ], [ -91.74, 46.98 ], [ -91.75, 46.98 ], [ -91.75, 46.97 ], [ -91.76, 46.97 ], [ -91.76, 46.96 ], [ -91.77, 46.96 ], [ -91.77, 46.95 ], [ -91.78, 46.95 ], [ -91.78, 46.94 ], [ -91.79, 46.94 ], [ -91.8, 46.94 ], [ -91.81, 46.93 ], [ -91.83, 46.94 ], [ -91.91, 46.97 ], [ -91.98, 47.0 ], [ -91.99, 47.0 ], [ -91.87, 47.1 ], [ -91.8, 47.15 ], [ -91.79, 47.15 ], [ -91.65, 47.25 ], [ -91.38, 47.42 ], [ -91.18, 47.61 ], [ -91.05, 47.68 ], [ -91.02, 47.7 ], [ -91.02, 47.69 ], [ -91.02, 47.67 ], [ -91.02, 47.66 ], [ -91.02, 47.62 ], [ -91.02, 47.6 ], [ -91.02, 47.59 ], [ -91.02, 47.52 ], [ -91.02, 47.5 ], [ -91.02, 47.46 ], [ -91.03, 47.46 ], [ -91.04, 47.46 ], [ -91.05, 47.46 ], [ -91.05, 47.45 ], [ -91.06, 47.45 ], [ -91.06, 47.44 ], [ -91.07, 47.44 ], [ -91.07, 47.43 ], [ -91.08, 47.43 ], [ -91.09, 47.42 ], [ -91.1, 47.41 ], [ -91.11, 47.41 ], [ -91.12, 47.4 ], [ -91.13, 47.4 ], [ -91.13, 47.39 ], [ -91.14, 47.39 ], [ -91.15, 47.38 ], [ -91.16, 47.38 ], [ -91.16, 47.37 ], [ -91.17, 47.37 ], [ -91.17, 47.36 ], [ -91.18, 47.36 ], [ -91.18, 47.35 ], [ -91.19, 47.35 ], [ -91.18, 47.34 ], [ -91.19, 47.34 ], [ -91.2, 47.34 ], [ -91.2, 47.33 ], [ -91.21, 47.33 ], [ -91.21, 47.32 ], [ -91.22, 47.32 ], [ -91.22, 47.31 ], [ -91.23, 47.31 ], [ -91.24, 47.31 ], [ -91.24, 47.3 ], [ -91.25, 47.3 ], [ -91.25, 47.29 ], [ -91.25, 47.28 ], [ -91.26, 47.28 ], [ -91.26, 47.29 ], [ -91.27, 47.28 ], [ -91.27, 47.27 ], [ -91.28, 47.27 ], [ -91.29, 47.27 ], [ -91.29, 47.26 ], [ -91.3, 47.26 ], [ -91.3, 47.25 ], [ -91.31, 47.25 ], [ -91.32, 47.25 ], [ -91.32, 47.24 ], [ -91.33, 47.24 ], [ -91.33, 47.23 ], [ -91.34, 47.23 ], [ -91.34, 47.22 ], [ -91.35, 47.22 ], [ -91.35, 47.21 ], [ -91.36, 47.21 ], [ -91.37, 47.21 ], [ -91.37, 47.2 ], [ -91.38, 47.2 ], [ -91.38, 47.19 ], [ -91.39, 47.19 ], [ -91.4, 47.19 ], [ -91.4, 47.18 ], [ -91.41, 47.18 ], [ -91.41, 47.17 ], [ -91.42, 47.17 ], [ -91.42, 47.16 ], [ -91.43, 47.17 ], [ -91.43, 47.16 ], [ -91.44, 47.16 ], [ -91.44, 47.15 ], [ -91.45, 47.15 ], [ -91.46, 47.14 ], [ -91.46, 47.13 ], [ -91.47, 47.13 ], [ -91.48, 47.13 ], [ -91.48, 47.12 ], [ -91.49, 47.12 ], [ -91.5, 47.12 ], [ -91.51, 47.12 ], [ -91.51, 47.11 ], [ -91.52, 47.11 ], [ -91.52, 47.1 ], [ -91.53, 47.1 ], [ -91.54, 47.1 ], [ -91.55, 47.1 ], [ -91.55, 47.09 ], [ -91.56, 47.09 ], [ -91.57, 47.09 ], [ -91.58, 47.09 ], [ -91.58, 47.08 ], [ -91.59, 47.07 ], [ -91.6, 47.06 ] ] ] } },
{ "type": "Feature", "properties": { "WFO": "DMX", "ISSUED": "201804140902", "EXPIRED": "201804142100", "INIT_ISS": "201804140902", "INIT_EXP": "201804142100", "PHENOM": "WI", "GTYPE": "C", "SIG": "Y", "ETN": 5, "STATUS": "EXP", "NWS_UGC": "IAZ061", "AREA_KM2": 1895.3275146484375, "UPDATED": "201804142104", "HV_NWSLI": null, "HV_SEV": null, "HV_CAUSE": null, "HV_REC": null, "EMERGENC": false, "POLY_BEG": null, "POLY_END": null, "WINDTAG": null, "HAILTAG": null, "TORNTAG": null, "DAMAGTAG": null, "PROD_ID": "201804140902-KDMX-WWUS73-NPWDMX", "FCSTER": "REV" }, "geometry": { "type": "Polygon", "coordinates": [ [ [ -93.29, 41.86 ], [ -93.25, 41.86 ], [ -93.23, 41.86 ], [ -93.19, 41.86 ], [ -93.15, 41.86 ], [ -93.04, 41.86 ], [ -93.0, 41.86 ], [ -92.91, 41.86 ], [ -92.84, 41.86 ], [ -92.79, 41.86 ], [ -92.77, 41.86 ], [ -92.77, 41.85 ], [ -92.77, 41.83 ], [ -92.77, 41.82 ], [ -92.77, 41.81 ], [ -92.77, 41.78 ], [ -92.77, 41.75 ], [ -92.77, 41.73 ], [ -92.77, 41.72 ], [ -92.77, 41.64 ], [ -92.77, 41.6 ], [ -92.76, 41.6 ], [ -92.76, 41.51 ], [ -92.87, 41.51 ], [ -92.99, 41.51 ], [ -93.0, 41.51 ], [ -93.1, 41.51 ], [ -93.12, 41.51 ], [ -93.18, 41.51 ], [ -93.21, 41.51 ], [ -93.28, 41.51 ], [ -93.33, 41.51 ], [ -93.33, 41.54 ], [ -93.33, 41.56 ], [ -93.33, 41.6 ], [ -93.35, 41.6 ], [ -93.35, 41.67 ], [ -93.35, 41.72 ], [ -93.35, 41.73 ], [ -93.35, 41.75 ], [ -93.35, 41.86 ], [ -93.29, 41.86 ] ] ] } },
{ "type": "Feature", "properties": { "WFO": "DMX", "ISSUED": "201804140902", "EXPIRED": "201804142100", "INIT_ISS": "201804140902", "INIT_EXP": "201804142100", "PHENOM": "WI", "GTYPE": "C", "SIG": "Y", "ETN": 5, "STATUS": "EXP", "NWS_UGC": "IAZ059", "AREA_KM2": 1530.2049560546875, "UPDATED": "201804142104", "HV_NWSLI": null, "HV_SEV": null, "HV_CAUSE": null, "HV_REC": null, "EMERGENC": false, "POLY_BEG": null, "POLY_END": null, "WINDTAG": null, "HAILTAG": null, "TORNTAG": null, "DAMAGTAG": null, "PROD_ID": "201804140902-KDMX-WWUS73-NPWDMX", "FCSTER": "REV" }, "geometry": { "type": "Polygon", "coordinates": [ [ [ -93.82, 41.86 ], [ -93.82, 41.85 ], [ -93.82, 41.84 ], [ -93.81, 41.78 ], [ -93.81, 41.77 ], [ -93.81, 41.72 ], [ -93.81, 41.69 ], [ -93.81, 41.68 ], [ -93.81, 41.67 ], [ -93.81, 41.64 ], [ -93.81, 41.63 ], [ -93.81, 41.6 ], [ -93.79, 41.6 ], [ -93.79, 41.57 ], [ -93.79, 41.56 ], [ -93.79, 41.54 ], [ -93.79, 41.52 ], [ -93.79, 41.51 ], [ -93.8, 41.51 ], [ -93.82, 41.51 ], [ -93.84, 41.51 ], [ -93.86, 41.51 ], [ -93.87, 41.51 ], [ -93.88, 41.51 ], [ -93.9, 41.5 ], [ -93.94, 41.5 ], [ -94.0, 41.5 ], [ -94.05, 41.5 ], [ -94.13, 41.5 ], [ -94.19, 41.5 ], [ -94.24, 41.5 ], [ -94.24, 41.6 ], [ -94.28, 41.6 ], [ -94.28, 41.63 ], [ -94.28, 41.66 ], [ -94.28, 41.69 ], [ -94.28, 41.75 ], [ -94.28, 41.76 ], [ -94.28, 41.78 ], [ -94.28, 41.86 ], [ -94.25, 41.86 ], [ -94.24, 41.86 ], [ -94.16, 41.86 ], [ -94.15, 41.86 ], [ -94.12, 41.86 ], [ -93.99, 41.86 ], [ -93.93, 41.86 ], [ -93.89, 41.86 ], [ -93.88, 41.86 ], [ -93.87, 41.86 ], [ -93.82, 41.86 ] ] ] } },
{ "type": "Feature", "properties": { "WFO": "DMX", "ISSUED": "201804140902", "EXPIRED": "201804142100", "INIT_ISS": "201804140902", "INIT_EXP": "201804142100", "PHENOM": "WI", "GTYPE": "C", "SIG": "Y", "ETN": 5, "STATUS": "EXP", "NWS_UGC": "IAZ062", "AREA_KM2": 1515.9737548828125, "UPDATED": "201804142104", "HV_NWSLI": null, "HV_SEV": null, "HV_CAUSE": null, "HV_REC": null, "EMERGENC": false, "POLY_BEG": null, "POLY_END": null, "WINDTAG": null, "HAILTAG": null, "TORNTAG": null, "DAMAGTAG": null, "PROD_ID": "201804140902-KDMX-WWUS73-NPWDMX", "FCSTER": "REV" }, "geometry": { "type": "Polygon", "coordinates": [ [ [ -92.3, 41.86 ], [ -92.3, 41.85 ], [ -92.3, 41.82 ], [ -92.3, 41.8 ], [ -92.3, 41.79 ], [ -92.3, 41.77 ], [ -92.3, 41.75 ], [ -92.3, 41.73 ], [ -92.3, 41.71 ], [ -92.3, 41.7 ], [ -92.3, 41.66 ], [ -92.3, 41.65 ], [ -92.3, 41.64 ], [ -92.3, 41.63 ], [ -92.3, 41.61 ], [ -92.3, 41.6 ], [ -92.3, 41.58 ], [ -92.3, 41.54 ], [ -92.3, 41.53 ], [ -92.3, 41.51 ], [ -92.41, 41.51 ], [ -92.47, 41.51 ], [ -92.51, 41.51 ], [ -92.59, 41.51 ], [ -92.7, 41.51 ], [ -92.73, 41.51 ], [ -92.76, 41.51 ], [ -92.76, 41.6 ], [ -92.77, 41.6 ], [ -92.77, 41.64 ], [ -92.77, 41.72 ], [ -92.77, 41.73 ], [ -92.77, 41.75 ], [ -92.77, 41.78 ], [ -92.77, 41.81 ], [ -92.77, 41.82 ], [ -92.77, 41.83 ], [ -92.77, 41.85 ], [ -92.77, 41.86 ], [ -92.65, 41.86 ], [ -92.63, 41.86 ], [ -92.59, 41.86 ], [ -92.57, 41.86 ], [ -92.55, 41.86 ], [ -92.42, 41.86 ], [ -92.4, 41.86 ], [ -92.38, 41.86 ], [ -92.3, 41.86 ] ] ] } },
{ "type": "Feature", "properties": { "WFO": "DMX", "ISSUED": "201804140902", "EXPIRED": "201804142100", "INIT_ISS": "201804140902", "INIT_EXP": "201804142100", "PHENOM": "WI", "GTYPE": "C", "SIG": "Y", "ETN": 5, "STATUS": "EXP", "NWS_UGC": "IAZ060", "AREA_KM2": 1530.69921875, "UPDATED": "201804142104", "HV_NWSLI": null, "HV_SEV": null, "HV_CAUSE": null, "HV_REC": null, "EMERGENC": false, "POLY_BEG": null, "POLY_END": null, "WINDTAG": null, "HAILTAG": null, "TORNTAG": null, "DAMAGTAG": null, "PROD_ID": "201804140902-KDMX-WWUS73-NPWDMX", "FCSTER": "REV" }, "geometry": { "type": "MultiPolygon", "coordinates": [ [ [ [ -93.41, 41.49 ], [ -93.42, 41.49 ], [ -93.42, 41.5 ], [ -93.41, 41.5 ], [ -93.41, 41.49 ] ] ], [ [ [ -93.41, 41.5 ], [ -93.41, 41.51 ], [ -93.42, 41.51 ], [ -93.43, 41.51 ], [ -93.43, 41.5 ], [ -93.44, 41.5 ], [ -93.44, 41.51 ], [ -93.45, 41.51 ], [ -93.51, 41.51 ], [ -93.55, 41.51 ], [ -93.57, 41.51 ], [ -93.58, 41.51 ], [ -93.6, 41.51 ], [ -93.61, 41.51 ], [ -93.62, 41.51 ], [ -93.63, 41.51 ], [ -93.64, 41.51 ], [ -93.73, 41.51 ], [ -93.75, 41.51 ], [ -93.77, 41.51 ], [ -93.79, 41.51 ], [ -93.79, 41.52 ], [ -93.79, 41.54 ], [ -93.79, 41.56 ], [ -93.79, 41.57 ], [ -93.79, 41.6 ], [ -93.81, 41.6 ], [ -93.81, 41.63 ], [ -93.81, 41.64 ], [ -93.81, 41.67 ], [ -93.81, 41.68 ], [ -93.81, 41.69 ], [ -93.81, 41.72 ], [ -93.81, 41.77 ], [ -93.81, 41.78 ], [ -93.82, 41.84 ], [ -93.82, 41.85 ], [ -93.82, 41.86 ], [ -93.7, 41.86 ], [ -93.69, 41.86 ], [ -93.51, 41.86 ], [ -93.48, 41.86 ], [ -93.46, 41.86 ], [ -93.43, 41.86 ], [ -93.35, 41.86 ], [ -93.35, 41.75 ], [ -93.35, 41.73 ], [ -93.35, 41.72 ], [ -93.35, 41.67 ], [ -93.35, 41.6 ], [ -93.33, 41.6 ], [ -93.33, 41.56 ], [ -93.33, 41.54 ], [ -93.33, 41.51 ], [ -93.33, 41.5 ], [ -93.33, 41.49 ], [ -93.34, 41.49 ], [ -93.34, 41.48 ], [ -93.35, 41.48 ], [ -93.35, 41.49 ], [ -93.35, 41.5 ], [ -93.36, 41.5 ], [ -93.36, 41.49 ], [ -93.37, 41.49 ], [ -93.38, 41.49 ], [ -93.39, 41.49 ], [ -93.4, 41.49 ], [ -93.4, 41.5 ], [ -93.41, 41.5 ] ] ] ] } },
{ "type": "Feature", "properties": { "WFO": "DLH", "ISSUED": "201804140937", "EXPIRED": "201804150000", "INIT_ISS": "201804140937", "INIT_EXP": "201804150000", "PHENOM": "WI", "GTYPE": "C", "SIG": "Y", "ETN": 1, "STATUS": "CON", "NWS_UGC": "MNZ037", "AREA_KM2": 4808.8994140625, "UPDATED": "201804141859", "HV_NWSLI": null, "HV_SEV": null, "HV_CAUSE": null, "HV_REC": null, "EMERGENC": false, "POLY_BEG": null, "POLY_END": null, "WINDTAG": null, "HAILTAG": null, "TORNTAG": null, "DAMAGTAG": null, "PROD_ID": "201804140937-KDLH-WWUS73-NPWDLH", "FCSTER": null }, "geometry": { "type": "MultiPolygon", "coordinates": [ [ [ [ -92.29, 46.66 ], [ -92.29, 46.64 ], [ -92.29, 46.59 ], [ -92.29, 46.57 ], [ -92.29, 46.5 ], [ -92.29, 46.43 ], [ -92.29, 46.42 ], [ -92.31, 46.42 ], [ -92.37, 46.42 ], [ -92.49, 46.42 ], [ -92.5, 46.42 ], [ -92.55, 46.42 ], [ -92.64, 46.42 ], [ -92.73, 46.42 ], [ -92.76, 46.42 ], [ -92.77, 46.42 ], [ -92.8, 46.42 ], [ -92.82, 46.42 ], [ -92.86, 46.42 ], [ -92.87, 46.42 ], [ -92.88, 46.42 ], [ -92.89, 46.42 ], [ -92.96, 46.42 ], [ -93.05, 46.42 ], [ -93.06, 46.44 ], [ -93.06, 46.5 ], [ -93.06, 46.53 ], [ -93.06, 46.58 ], [ -93.05, 46.59 ], [ -93.06, 46.59 ], [ -93.06, 46.62 ], [ -93.06, 46.63 ], [ -93.06, 46.68 ], [ -93.06, 46.7 ], [ -93.06, 46.75 ], [ -93.06, 46.77 ], [ -93.06, 46.84 ], [ -93.06, 46.87 ], [ -93.06, 46.9 ], [ -93.06, 46.91 ], [ -93.06, 46.94 ], [ -93.06, 46.95 ], [ -93.06, 46.96 ], [ -93.06, 46.98 ], [ -93.06, 47.01 ], [ -93.06, 47.02 ], [ -93.06, 47.03 ], [ -92.69, 47.03 ], [ -92.24, 47.03 ], [ -92.07, 47.02 ], [ -91.99, 47.0 ], [ -91.98, 47.0 ], [ -91.91, 46.97 ], [ -91.83, 46.94 ], [ -91.81, 46.93 ], [ -91.82, 46.93 ], [ -91.83, 46.93 ], [ -91.84, 46.93 ], [ -91.84, 46.92 ], [ -91.85, 46.92 ], [ -91.85, 46.91 ], [ -91.86, 46.91 ], [ -91.87, 46.91 ], [ -91.88, 46.91 ], [ -91.89, 46.9 ], [ -91.91, 46.89 ], [ -91.91, 46.88 ], [ -91.92, 46.88 ], [ -91.94, 46.87 ], [ -91.95, 46.87 ], [ -91.97, 46.86 ], [ -91.98, 46.85 ], [ -91.99, 46.85 ], [ -91.99, 46.84 ], [ -92.0, 46.84 ], [ -92.01, 46.84 ], [ -92.01, 46.83 ], [ -92.02, 46.83 ], [ -92.03, 46.83 ], [ -92.03, 46.82 ], [ -92.04, 46.82 ], [ -92.05, 46.81 ], [ -92.06, 46.81 ], [ -92.06, 46.8 ], [ -92.07, 46.8 ], [ -92.08, 46.8 ], [ -92.09, 46.79 ], [ -92.09, 46.78 ], [ -92.1, 46.78 ], [ -92.1, 46.77 ], [ -92.1, 46.76 ], [ -92.09, 46.75 ], [ -92.1, 46.75 ], [ -92.11, 46.75 ], [ -92.11, 46.76 ], [ -92.12, 46.76 ], [ -92.13, 46.76 ], [ -92.12, 46.75 ], [ -92.13, 46.75 ], [ -92.13, 46.74 ], [ -92.14, 46.75 ], [ -92.15, 46.74 ], [ -92.16, 46.73 ], [ -92.16, 46.72 ], [ -92.17, 46.72 ], [ -92.17, 46.73 ], [ -92.18, 46.73 ], [ -92.18, 46.72 ], [ -92.19, 46.72 ], [ -92.2, 46.72 ], [ -92.2, 46.71 ], [ -92.21, 46.7 ], [ -92.2, 46.69 ], [ -92.21, 46.68 ], [ -92.2, 46.68 ], [ -92.19, 46.68 ], [ -92.2, 46.67 ], [ -92.21, 46.67 ], [ -92.21, 46.66 ], [ -92.22, 46.65 ], [ -92.23, 46.65 ], [ -92.24, 46.65 ], [ -92.25, 46.66 ], [ -92.26, 46.66 ], [ -92.27, 46.66 ], [ -92.28, 46.66 ], [ -92.29, 46.66 ] ] ], [ [ [ -92.09, 46.77 ], [ -92.08, 46.77 ], [ -92.08, 46.76 ], [ -92.09, 46.76 ], [ -92.09, 46.77 ] ] ], [ [ [ -92.07, 46.75 ], [ -92.06, 46.75 ], [ -92.06, 46.74 ], [ -92.07, 46.74 ], [ -92.07, 46.75 ] ] ], [ [ [ -92.05, 46.73 ], [ -92.03, 46.71 ], [ -92.04, 46.72 ], [ -92.05, 46.72 ], [ -92.05, 46.73 ] ] ], [ [ [ -92.16, 46.73 ], [ -92.15, 46.73 ], [ -92.15, 46.72 ], [ -92.16, 46.73 ] ] ], [ [ [ -92.21, 46.66 ], [ -92.2, 46.66 ], [ -92.21, 46.65 ], [ -92.21, 46.66 ] ] ], [ [ [ -92.25, 46.65 ], [ -92.26, 46.65 ], [ -92.26, 46.66 ], [ -92.25, 46.65 ] ] ] ] } },
{ "type": "Feature", "properties": { "WFO": "DLH", "ISSUED": "201804140937", "EXPIRED": "201804150000", "INIT_ISS": "201804140937", "INIT_EXP": "201804150000", "PHENOM": "WI", "GTYPE": "C", "SIG": "Y", "ETN": 1, "STATUS": "CON", "NWS_UGC": "MNZ020", "AREA_KM2": 1658.69580078125, "UPDATED": "201804141859", "HV_NWSLI": null, "HV_SEV": null, "HV_CAUSE": null, "HV_REC": null, "EMERGENC": false, "POLY_BEG": null, "POLY_END": null, "WINDTAG": null, "HAILTAG": null, "TORNTAG": null, "DAMAGTAG": null, "PROD_ID": "201804140937-KDLH-WWUS73-NPWDLH", "FCSTER": null }, "geometry": { "type": "Polygon", "coordinates": [ [ [ -91.6, 47.06 ], [ -91.61, 47.06 ], [ -91.62, 47.06 ], [ -91.62, 47.05 ], [ -91.63, 47.05 ], [ -91.63, 47.04 ], [ -91.64, 47.04 ], [ -91.64, 47.03 ], [ -91.65, 47.03 ], [ -91.66, 47.03 ], [ -91.66, 47.02 ], [ -91.66, 47.01 ], [ -91.67, 47.01 ], [ -91.67, 47.02 ], [ -91.68, 47.02 ], [ -91.68, 47.01 ], [ -91.69, 47.01 ], [ -91.7, 47.01 ], [ -91.71, 47.0 ], [ -91.72, 47.0 ], [ -91.72, 46.99 ], [ -91.73, 46.99 ], [ -91.73, 46.98 ], [ -91.74, 46.98 ], [ -91.75, 46.98 ], [ -91.75, 46.97 ], [ -91.76, 46.97 ], [ -91.76, 46.96 ], [ -91.77, 46.96 ], [ -91.77, 46.95 ], [ -91.78, 46.95 ], [ -91.78, 46.94 ], [ -91.79, 46.94 ], [ -91.8, 46.94 ], [ -91.81, 46.93 ], [ -91.83, 46.94 ], [ -91.91, 46.97 ], [ -91.98, 47.0 ], [ -91.99, 47.0 ], [ -91.87, 47.1 ], [ -91.8, 47.15 ], [ -91.79, 47.15 ], [ -91.65, 47.25 ], [ -91.38, 47.42 ], [ -91.18, 47.61 ], [ -91.05, 47.68 ], [ -91.02, 47.7 ], [ -91.02, 47.69 ], [ -91.02, 47.67 ], [ -91.02, 47.66 ], [ -91.02, 47.62 ], [ -91.02, 47.6 ], [ -91.02, 47.59 ], [ -91.02, 47.52 ], [ -91.02, 47.5 ], [ -91.02, 47.46 ], [ -91.03, 47.46 ], [ -91.04, 47.46 ], [ -91.05, 47.46 ], [ -91.05, 47.45 ], [ -91.06, 47.45 ], [ -91.06, 47.44 ], [ -91.07, 47.44 ], [ -91.07, 47.43 ], [ -91.08, 47.43 ], [ -91.09, 47.42 ], [ -91.1, 47.41 ], [ -91.11, 47.41 ], [ -91.12, 47.4 ], [ -91.13, 47.4 ], [ -91.13, 47.39 ], [ -91.14, 47.39 ], [ -91.15, 47.38 ], [ -91.16, 47.38 ], [ -91.16, 47.37 ], [ -91.17, 47.37 ], [ -91.17, 47.36 ], [ -91.18, 47.36 ], [ -91.18, 47.35 ], [ -91.19, 47.35 ], [ -91.18, 47.34 ], [ -91.19, 47.34 ], [ -91.2, 47.34 ], [ -91.2, 47.33 ], [ -91.21, 47.33 ], [ -91.21, 47.32 ], [ -91.22, 47.32 ], [ -91.22, 47.31 ], [ -91.23, 47.31 ], [ -91.24, 47.31 ], [ -91.24, 47.3 ], [ -91.25, 47.3 ], [ -91.25, 47.29 ], [ -91.25, 47.28 ], [ -91.26, 47.28 ], [ -91.26, 47.29 ], [ -91.27, 47.28 ], [ -91.27, 47.27 ], [ -91.28, 47.27 ], [ -91.29, 47.27 ], [ -91.29, 47.26 ], [ -91.3, 47.26 ], [ -91.3, 47.25 ], [ -91.31, 47.25 ], [ -91.32, 47.25 ], [ -91.32, 47.24 ], [ -91.33, 47.24 ], [ -91.33, 47.23 ], [ -91.34, 47.23 ], [ -91.34, 47.22 ], [ -91.35, 47.22 ], [ -91.35, 47.21 ], [ -91.36, 47.21 ], [ -91.37, 47.21 ], [ -91.37, 47.2 ], [ -91.38, 47.2 ], [ -91.38, 47.19 ], [ -91.39, 47.19 ], [ -91.4, 47.19 ], [ -91.4, 47.18 ], [ -91.41, 47.18 ], [ -91.41, 47.17 ], [ -91.42, 47.17 ], [ -91.42, 47.16 ], [ -91.43, 47.17 ], [ -91.43, 47.16 ], [ -91.44, 47.16 ], [ -91.44, 47.15 ], [ -91.45, 47.15 ], [ -91.46, 47.14 ], [ -91.46, 47.13 ], [ -91.47, 47.13 ], [ -91.48, 47.13 ], [ -91.48, 47.12 ], [ -91.49, 47.12 ], [ -91.5, 47.12 ], [ -91.51, 47.12 ], [ -91.51, 47.11 ], [ -91.52, 47.11 ], [ -91.52, 47.1 ], [ -91.53, 47.1 ], [ -91.54, 47.1 ], [ -91.55, 47.1 ], [ -91.55, 47.09 ], [ -91.56, 47.09 ], [ -91.57, 47.09 ], [ -91.58, 47.09 ], [ -91.58, 47.08 ], [ -91.59, 47.07 ], [ -91.6, 47.06 ] ] ] } },
{ "type": "Feature", "properties": { "WFO": "ARX", "ISSUED": "201804141200", "EXPIRED": "201804142016", "INIT_ISS": "201804132104", "INIT_EXP": "201804160000", "PHENOM": "WW", "GTYPE": "C", "SIG": "Y", "ETN": 17, "STATUS": "UPG", "NWS_UGC": "MNZ096", "AREA_KM2": 1470.706787109375, "UPDATED": "201804142016", "HV_NWSLI": null, "HV_SEV": null, "HV_CAUSE": null, "HV_REC": null, "EMERGENC": false, "POLY_BEG": null, "POLY_END": null, "WINDTAG": null, "HAILTAG": null, "TORNTAG": null, "DAMAGTAG": null, "PROD_ID": "201804132104-KARX-WWUS43-WSWARX", "FCSTER": "04/JM" }, "geometry": { "type": "Polygon", "coordinates": [ [ [ -91.29, 43.85 ], [ -91.28, 43.84 ], [ -91.28, 43.83 ], [ -91.27, 43.82 ], [ -91.27, 43.81 ], [ -91.27, 43.8 ], [ -91.26, 43.8 ], [ -91.26, 43.79 ], [ -91.24, 43.77 ], [ -91.25, 43.77 ], [ -91.25, 43.75 ], [ -91.26, 43.75 ], [ -91.26, 43.74 ], [ -91.26, 43.73 ], [ -91.26, 43.72 ], [ -91.27, 43.71 ], [ -91.27, 43.7 ], [ -91.27, 43.69 ], [ -91.27, 43.68 ], [ -91.27, 43.67 ], [ -91.27, 43.65 ], [ -91.26, 43.65 ], [ -91.26, 43.64 ], [ -91.27, 43.63 ], [ -91.27, 43.62 ], [ -91.27, 43.61 ], [ -91.26, 43.61 ], [ -91.26, 43.6 ], [ -91.25, 43.6 ], [ -91.24, 43.59 ], [ -91.23, 43.59 ], [ -91.23, 43.58 ], [ -91.23, 43.57 ], [ -91.23, 43.56 ], [ -91.24, 43.55 ], [ -91.24, 43.54 ], [ -91.24, 43.53 ], [ -91.23, 43.53 ], [ -91.23, 43.52 ], [ -91.22, 43.52 ], [ -91.22, 43.51 ], [ -91.22, 43.5 ], [ -91.23, 43.5 ], [ -91.25, 43.5 ], [ -91.26, 43.5 ], [ -91.28, 43.5 ], [ -91.32, 43.5 ], [ -91.37, 43.5 ], [ -91.38, 43.5 ], [ -91.39, 43.5 ], [ -91.4, 43.5 ], [ -91.44, 43.5 ], [ -91.49, 43.5 ], [ -91.53, 43.5 ], [ -91.59, 43.5 ], [ -91.61, 43.5 ], [ -91.62, 43.5 ], [ -91.63, 43.5 ], [ -91.7, 43.5 ], [ -91.71, 43.5 ], [ -91.73, 43.5 ], [ -91.73, 43.51 ], [ -91.73, 43.52 ], [ -91.73, 43.58 ], [ -91.73, 43.6 ], [ -91.73, 43.62 ], [ -91.73, 43.64 ], [ -91.73, 43.68 ], [ -91.73, 43.74 ], [ -91.73, 43.79 ], [ -91.73, 43.84 ], [ -91.73, 43.85 ], [ -91.72, 43.85 ], [ -91.63, 43.85 ], [ -91.5, 43.85 ], [ -91.49, 43.85 ], [ -91.38, 43.85 ], [ -91.36, 43.85 ], [ -91.35, 43.85 ], [ -91.29, 43.85 ] ] ] } },
{ "type": "Feature", "properties": { "WFO": "ARX", "ISSUED": "201804141200", "EXPIRED": "201804160000", "INIT_ISS": "201804132104", "INIT_EXP": "201804160000", "PHENOM": "WW", "GTYPE": "C", "SIG": "Y", "ETN": 17, "STATUS": "EXP", "NWS_UGC": "IAZ010", "AREA_KM2": 1783.6578369140625, "UPDATED": "201804152359", "HV_NWSLI": null, "HV_SEV": null, "HV_CAUSE": null, "HV_REC": null, "EMERGENC": false, "POLY_BEG": null, "POLY_END": null, "WINDTAG": null, "HAILTAG": null, "TORNTAG": null, "DAMAGTAG": null, "PROD_ID": "201804132104-KARX-WWUS43-WSWARX", "FCSTER": "04/JM" }, "geometry": { "type": "Polygon", "coordinates": [ [ [ -91.78, 43.5 ], [ -91.74, 43.5 ], [ -91.73, 43.5 ], [ -91.71, 43.5 ], [ -91.7, 43.5 ], [ -91.63, 43.5 ], [ -91.62, 43.5 ], [ -91.61, 43.5 ], [ -91.61, 43.48 ], [ -91.61, 43.44 ], [ -91.61, 43.42 ], [ -91.61, 43.4 ], [ -91.61, 43.37 ], [ -91.61, 43.34 ], [ -91.6, 43.34 ], [ -91.6, 43.32 ], [ -91.6, 43.31 ], [ -91.6, 43.28 ], [ -91.6, 43.26 ], [ -91.6, 43.24 ], [ -91.6, 43.23 ], [ -91.6, 43.15 ], [ -91.61, 43.1 ], [ -91.61, 43.08 ], [ -91.62, 43.08 ], [ -91.65, 43.08 ], [ -91.67, 43.08 ], [ -91.68, 43.08 ], [ -91.72, 43.08 ], [ -91.77, 43.08 ], [ -91.79, 43.08 ], [ -91.86, 43.08 ], [ -91.92, 43.08 ], [ -91.99, 43.08 ], [ -92.08, 43.08 ], [ -92.08, 43.1 ], [ -92.08, 43.12 ], [ -92.08, 43.13 ], [ -92.08, 43.16 ], [ -92.08, 43.17 ], [ -92.08, 43.21 ], [ -92.08, 43.24 ], [ -92.08, 43.36 ], [ -92.08, 43.39 ], [ -92.08, 43.42 ], [ -92.08, 43.44 ], [ -92.08, 43.46 ], [ -92.08, 43.5 ], [ -92.06, 43.5 ], [ -91.99, 43.5 ], [ -91.83, 43.5 ], [ -91.81, 43.5 ], [ -91.78, 43.5 ] ] ] } },
{ "type": "Feature", "properties": { "WFO": "ARX", "ISSUED": "201804141200", "EXPIRED": "201804160000", "INIT_ISS": "201804132104", "INIT_EXP": "201804160000", "PHENOM": "WW", "GTYPE": "C", "SIG": "Y", "ETN": 17, "STATUS": "EXP", "NWS_UGC": "IAZ011", "AREA_KM2": 1702.9215087890625, "UPDATED": "201804152359", "HV_NWSLI": null, "HV_SEV": null, "HV_CAUSE": null, "HV_REC": null, "EMERGENC": false, "POLY_BEG": null, "POLY_END": null, "WINDTAG": null, "HAILTAG": null, "TORNTAG": null, "DAMAGTAG": null, "PROD_ID": "201804132104-KARX-WWUS43-WSWARX", "FCSTER": "04/JM" }, "geometry": { "type": "Polygon", "coordinates": [ [ [ -91.25, 43.5 ], [ -91.23, 43.5 ], [ -91.22, 43.5 ], [ -91.22, 43.49 ], [ -91.22, 43.48 ], [ -91.22, 43.47 ], [ -91.23, 43.46 ], [ -91.23, 43.45 ], [ -91.22, 43.44 ], [ -91.22, 43.43 ], [ -91.21, 43.43 ], [ -91.2, 43.42 ], [ -91.2, 43.41 ], [ -91.2, 43.4 ], [ -91.2, 43.39 ], [ -91.2, 43.38 ], [ -91.21, 43.37 ], [ -91.21, 43.36 ], [ -91.21, 43.35 ], [ -91.2, 43.35 ], [ -91.19, 43.35 ], [ -91.18, 43.35 ], [ -91.17, 43.34 ], [ -91.16, 43.34 ], [ -91.15, 43.33 ], [ -91.14, 43.33 ], [ -91.13, 43.33 ], [ -91.12, 43.32 ], [ -91.11, 43.31 ], [ -91.1, 43.31 ], [ -91.1, 43.3 ], [ -91.09, 43.3 ], [ -91.08, 43.29 ], [ -91.08, 43.28 ], [ -91.07, 43.27 ], [ -91.07, 43.26 ], [ -91.06, 43.26 ], [ -91.06, 43.25 ], [ -91.06, 43.24 ], [ -91.07, 43.24 ], [ -91.08, 43.23 ], [ -91.09, 43.22 ], [ -91.11, 43.21 ], [ -91.11, 43.2 ], [ -91.12, 43.2 ], [ -91.12, 43.19 ], [ -91.13, 43.17 ], [ -91.14, 43.17 ], [ -91.14, 43.16 ], [ -91.15, 43.15 ], [ -91.16, 43.14 ], [ -91.17, 43.14 ], [ -91.18, 43.13 ], [ -91.18, 43.12 ], [ -91.18, 43.11 ], [ -91.18, 43.1 ], [ -91.18, 43.09 ], [ -91.18, 43.08 ], [ -91.22, 43.08 ], [ -91.25, 43.08 ], [ -91.27, 43.08 ], [ -91.3, 43.08 ], [ -91.31, 43.08 ], [ -91.33, 43.08 ], [ -91.43, 43.08 ], [ -91.49, 43.08 ], [ -91.52, 43.08 ], [ -91.61, 43.08 ], [ -91.61, 43.1 ], [ -91.6, 43.15 ], [ -91.6, 43.23 ], [ -91.6, 43.24 ], [ -91.6, 43.26 ], [ -91.6, 43.28 ], [ -91.6, 43.31 ], [ -91.6, 43.32 ], [ -91.6, 43.34 ], [ -91.61, 43.34 ], [ -91.61, 43.37 ], [ -91.61, 43.4 ], [ -91.61, 43.42 ], [ -91.61, 43.44 ], [ -91.61, 43.48 ], [ -91.61, 43.5 ], [ -91.59, 43.5 ], [ -91.53, 43.5 ], [ -91.49, 43.5 ], [ -91.44, 43.5 ], [ -91.4, 43.5 ], [ -91.39, 43.5 ], [ -91.38, 43.5 ], [ -91.37, 43.5 ], [ -91.32, 43.5 ], [ -91.28, 43.5 ], [ -91.26, 43.5 ], [ -91.25, 43.5 ] ] ] } },
{ "type": "Feature", "properties": { "WFO": "OAX", "ISSUED": "201804141400", "EXPIRED": "201804150500", "INIT_ISS": "201804132019", "INIT_EXP": "201804150000", "PHENOM": "WW", "GTYPE": "C", "SIG": "Y", "ETN": 18, "STATUS": "EXP", "NWS_UGC": "IAZ056", "AREA_KM2": 1529.4346923828125, "UPDATED": "201804150435", "HV_NWSLI": null, "HV_SEV": null, "HV_CAUSE": null, "HV_REC": null, "EMERGENC": false, "POLY_BEG": null, "POLY_END": null, "WINDTAG": null, "HAILTAG": null, "TORNTAG": null, "DAMAGTAG": null, "PROD_ID": "201804132019-KOAX-WWUS43-WSWOAX", "FCSTER": "DeWald" }, "geometry": { "type": "Polygon", "coordinates": [ [ [ -95.09, 41.86 ], [ -95.09, 41.83 ], [ -95.09, 41.79 ], [ -95.09, 41.78 ], [ -95.09, 41.73 ], [ -95.09, 41.7 ], [ -95.09, 41.67 ], [ -95.09, 41.66 ], [ -95.09, 41.6 ], [ -95.04, 41.6 ], [ -95.04, 41.56 ], [ -95.04, 41.5 ], [ -95.06, 41.5 ], [ -95.15, 41.51 ], [ -95.19, 41.51 ], [ -95.25, 41.51 ], [ -95.29, 41.51 ], [ -95.33, 41.51 ], [ -95.42, 41.51 ], [ -95.5, 41.51 ], [ -95.5, 41.55 ], [ -95.5, 41.56 ], [ -95.5, 41.59 ], [ -95.5, 41.6 ], [ -95.54, 41.6 ], [ -95.55, 41.6 ], [ -95.56, 41.6 ], [ -95.56, 41.61 ], [ -95.56, 41.63 ], [ -95.56, 41.64 ], [ -95.56, 41.68 ], [ -95.56, 41.7 ], [ -95.56, 41.71 ], [ -95.56, 41.73 ], [ -95.56, 41.75 ], [ -95.56, 41.77 ], [ -95.56, 41.79 ], [ -95.56, 41.82 ], [ -95.56, 41.86 ], [ -95.51, 41.86 ], [ -95.48, 41.86 ], [ -95.45, 41.86 ], [ -95.44, 41.86 ], [ -95.42, 41.86 ], [ -95.41, 41.86 ], [ -95.38, 41.86 ], [ -95.32, 41.86 ], [ -95.28, 41.86 ], [ -95.25, 41.86 ], [ -95.19, 41.86 ], [ -95.09, 41.86 ] ] ] } },
{ "type": "Feature", "properties": { "WFO": "OAX", "ISSUED": "201804141400", "EXPIRED": "201804150500", "INIT_ISS": "201804132019", "INIT_EXP": "201804150000", "PHENOM": "WW", "GTYPE": "C", "SIG": "Y", "ETN": 18, "STATUS": "EXP", "NWS_UGC": "NEZ066", "AREA_KM2": 2190.2978515625, "UPDATED": "201804150435", "HV_NWSLI": null, "HV_SEV": null, "HV_CAUSE": null, "HV_REC": null, "EMERGENC": false, "POLY_BEG": null, "POLY_END": null, "WINDTAG": null, "HAILTAG": null, "TORNTAG": null, "DAMAGTAG": null, "PROD_ID": "201804132019-KOAX-WWUS43-WSWOAX", "FCSTER": "DeWald" }, "geometry": { "type": "Polygon", "coordinates": [ [ [ -96.46, 41.02 ], [ -96.46, 40.95 ], [ -96.46, 40.93 ], [ -96.46, 40.9 ], [ -96.46, 40.88 ], [ -96.46, 40.78 ], [ -96.46, 40.63 ], [ -96.46, 40.52 ], [ -96.47, 40.52 ], [ -96.49, 40.52 ], [ -96.52, 40.52 ], [ -96.56, 40.52 ], [ -96.57, 40.52 ], [ -96.61, 40.52 ], [ -96.63, 40.52 ], [ -96.72, 40.52 ], [ -96.82, 40.52 ], [ -96.89, 40.52 ], [ -96.9, 40.52 ], [ -96.91, 40.52 ], [ -96.91, 40.56 ], [ -96.91, 40.57 ], [ -96.91, 40.58 ], [ -96.91, 40.61 ], [ -96.91, 40.64 ], [ -96.91, 40.7 ], [ -96.91, 40.71 ], [ -96.91, 40.73 ], [ -96.91, 40.76 ], [ -96.91, 40.77 ], [ -96.91, 40.81 ], [ -96.91, 40.86 ], [ -96.91, 40.9 ], [ -96.91, 40.97 ], [ -96.91, 40.99 ], [ -96.91, 41.04 ], [ -96.91, 41.05 ], [ -96.87, 41.05 ], [ -96.85, 41.05 ], [ -96.83, 41.05 ], [ -96.81, 41.05 ], [ -96.73, 41.05 ], [ -96.7, 41.05 ], [ -96.65, 41.05 ], [ -96.63, 41.05 ], [ -96.62, 41.05 ], [ -96.56, 41.05 ], [ -96.46, 41.05 ], [ -96.46, 41.04 ], [ -96.46, 41.02 ] ] ] } },
{ "type": "Feature", "properties": { "WFO": "OAX", "ISSUED": "201804141400", "EXPIRED": "201804150500", "INIT_ISS": "201804132019", "INIT_EXP": "201804150000", "PHENOM": "WW", "GTYPE": "C", "SIG": "Y", "ETN": 18, "STATUS": "EXP", "NWS_UGC": "IAZ055", "AREA_KM2": 1812.685302734375, "UPDATED": "201804150435", "HV_NWSLI": null, "HV_SEV": null, "HV_CAUSE": null, "HV_REC": null, "EMERGENC": false, "POLY_BEG": null, "POLY_END": null, "WINDTAG": null, "HAILTAG": null, "TORNTAG": null, "DAMAGTAG": null, "PROD_ID": "201804132019-KOAX-WWUS43-WSWOAX", "FCSTER": "DeWald" }, "geometry": { "type": "Polygon", "coordinates": [ [ [ -95.99, 41.51 ], [ -95.99, 41.52 ], [ -95.99, 41.53 ], [ -96.0, 41.54 ], [ -96.01, 41.55 ], [ -96.02, 41.55 ], [ -96.02, 41.54 ], [ -96.03, 41.54 ], [ -96.03, 41.53 ], [ -96.03, 41.52 ], [ -96.03, 41.51 ], [ -96.04, 41.51 ], [ -96.05, 41.51 ], [ -96.06, 41.51 ], [ -96.06, 41.52 ], [ -96.07, 41.52 ], [ -96.08, 41.53 ], [ -96.09, 41.53 ], [ -96.09, 41.54 ], [ -96.1, 41.54 ], [ -96.1, 41.55 ], [ -96.09, 41.56 ], [ -96.08, 41.57 ], [ -96.08, 41.58 ], [ -96.09, 41.59 ], [ -96.1, 41.59 ], [ -96.11, 41.59 ], [ -96.11, 41.6 ], [ -96.12, 41.61 ], [ -96.12, 41.62 ], [ -96.11, 41.62 ], [ -96.1, 41.64 ], [ -96.09, 41.65 ], [ -96.1, 41.65 ], [ -96.1, 41.66 ], [ -96.11, 41.67 ], [ -96.12, 41.67 ], [ -96.12, 41.68 ], [ -96.12, 41.69 ], [ -96.11, 41.7 ], [ -96.1, 41.7 ], [ -96.09, 41.7 ], [ -96.08, 41.7 ], [ -96.07, 41.71 ], [ -96.08, 41.71 ], [ -96.08, 41.72 ], [ -96.09, 41.72 ], [ -96.1, 41.73 ], [ -96.11, 41.73 ], [ -96.11, 41.74 ], [ -96.1, 41.74 ], [ -96.1, 41.75 ], [ -96.09, 41.75 ], [ -96.08, 41.75 ], [ -96.08, 41.76 ], [ -96.08, 41.77 ], [ -96.08, 41.78 ], [ -96.07, 41.78 ], [ -96.07, 41.79 ], [ -96.06, 41.79 ], [ -96.06, 41.8 ], [ -96.07, 41.8 ], [ -96.07, 41.81 ], [ -96.08, 41.81 ], [ -96.09, 41.81 ], [ -96.1, 41.81 ], [ -96.1, 41.82 ], [ -96.11, 41.82 ], [ -96.11, 41.83 ], [ -96.11, 41.84 ], [ -96.11, 41.85 ], [ -96.12, 41.86 ], [ -96.13, 41.86 ], [ -96.14, 41.87 ], [ -96.13, 41.87 ], [ -96.09, 41.87 ], [ -96.07, 41.86 ], [ -96.02, 41.86 ], [ -95.99, 41.86 ], [ -95.95, 41.86 ], [ -95.85, 41.86 ], [ -95.82, 41.86 ], [ -95.81, 41.86 ], [ -95.77, 41.86 ], [ -95.69, 41.86 ], [ -95.67, 41.86 ], [ -95.63, 41.86 ], [ -95.62, 41.86 ], [ -95.61, 41.86 ], [ -95.58, 41.86 ], [ -95.56, 41.86 ], [ -95.56, 41.82 ], [ -95.56, 41.79 ], [ -95.56, 41.77 ], [ -95.56, 41.75 ], [ -95.56, 41.73 ], [ -95.56, 41.71 ], [ -95.56, 41.7 ], [ -95.56, 41.68 ], [ -95.56, 41.64 ], [ -95.56, 41.63 ], [ -95.56, 41.61 ], [ -95.56, 41.6 ], [ -95.55, 41.6 ], [ -95.54, 41.6 ], [ -95.5, 41.6 ], [ -95.5, 41.59 ], [ -95.5, 41.56 ], [ -95.5, 41.55 ], [ -95.5, 41.51 ], [ -95.55, 41.51 ], [ -95.57, 41.51 ], [ -95.59, 41.51 ], [ -95.65, 41.51 ], [ -95.69, 41.51 ], [ -95.71, 41.51 ], [ -95.82, 41.51 ], [ -95.85, 41.51 ], [ -95.86, 41.51 ], [ -95.93, 41.51 ], [ -95.96, 41.51 ], [ -95.98, 41.51 ], [ -95.99, 41.51 ] ] ] } },
{ "type": "Feature", "properties": { "WFO": "OAX", "ISSUED": "201804141400", "EXPIRED": "201804150500", "INIT_ISS": "201804140846", "INIT_EXP": "201804150000", "PHENOM": "WW", "GTYPE": "C", "SIG": "Y", "ETN": 18, "STATUS": "EXP", "NWS_UGC": "NEZ068", "AREA_KM2": 1601.32470703125, "UPDATED": "201804150435", "HV_NWSLI": null, "HV_SEV": null, "HV_CAUSE": null, "HV_REC": null, "EMERGENC": false, "POLY_BEG": null, "POLY_END": null, "WINDTAG": null, "HAILTAG": null, "TORNTAG": null, "DAMAGTAG": null, "PROD_ID": "201804140846-KOAX-WWUS43-WSWOAX", "FCSTER": null }, "geometry": { "type": "MultiPolygon", "coordinates": [ [ [ [ -95.71, 40.52 ], [ -95.73, 40.52 ], [ -95.73, 40.53 ], [ -95.72, 40.53 ], [ -95.71, 40.53 ], [ -95.71, 40.52 ] ] ], [ [ [ -95.84, 40.78 ], [ -95.84, 40.77 ], [ -95.85, 40.77 ], [ -95.86, 40.76 ], [ -95.87, 40.76 ], [ -95.88, 40.75 ], [ -95.89, 40.74 ], [ -95.89, 40.73 ], [ -95.89, 40.72 ], [ -95.88, 40.72 ], [ -95.88, 40.71 ], [ -95.87, 40.71 ], [ -95.86, 40.71 ], [ -95.85, 40.7 ], [ -95.85, 40.69 ], [ -95.85, 40.68 ], [ -95.84, 40.68 ], [ -95.83, 40.67 ], [ -95.82, 40.67 ], [ -95.81, 40.67 ], [ -95.8, 40.66 ], [ -95.79, 40.66 ], [ -95.78, 40.66 ], [ -95.78, 40.65 ], [ -95.77, 40.64 ], [ -95.77, 40.63 ], [ -95.77, 40.62 ], [ -95.76, 40.62 ], [ -95.76, 40.61 ], [ -95.75, 40.61 ], [ -95.75, 40.6 ], [ -95.75, 40.59 ], [ -95.76, 40.59 ], [ -95.77, 40.58 ], [ -95.77, 40.57 ], [ -95.76, 40.56 ], [ -95.76, 40.55 ], [ -95.77, 40.54 ], [ -95.77, 40.53 ], [ -95.76, 40.53 ], [ -95.75, 40.52 ], [ -95.76, 40.52 ], [ -95.83, 40.52 ], [ -95.9, 40.52 ], [ -95.94, 40.52 ], [ -95.97, 40.52 ], [ -95.99, 40.52 ], [ -96.0, 40.52 ], [ -96.01, 40.52 ], [ -96.02, 40.52 ], [ -96.07, 40.52 ], [ -96.13, 40.52 ], [ -96.23, 40.52 ], [ -96.29, 40.52 ], [ -96.32, 40.52 ], [ -96.36, 40.52 ], [ -96.46, 40.52 ], [ -96.46, 40.63 ], [ -96.46, 40.78 ], [ -96.36, 40.78 ], [ -96.32, 40.78 ], [ -96.3, 40.78 ], [ -96.22, 40.78 ], [ -96.13, 40.78 ], [ -96.03, 40.78 ], [ -96.02, 40.78 ], [ -96.0, 40.78 ], [ -95.95, 40.78 ], [ -95.91, 40.78 ], [ -95.9, 40.78 ], [ -95.89, 40.78 ], [ -95.88, 40.78 ], [ -95.85, 40.78 ], [ -95.84, 40.78 ] ] ] ] } },
{ "type": "Feature", "properties": { "WFO": "OAX", "ISSUED": "201804141400", "EXPIRED": "201804150500", "INIT_ISS": "201804140846", "INIT_EXP": "201804150000", "PHENOM": "WW", "GTYPE": "C", "SIG": "Y", "ETN": 18, "STATUS": "EXP", "NWS_UGC": "IAZ069", "AREA_KM2": 2482.59521484375, "UPDATED": "201804150435", "HV_NWSLI": null, "HV_SEV": null, "HV_CAUSE": null, "HV_REC": null, "EMERGENC": false, "POLY_BEG": null, "POLY_END": null, "WINDTAG": null, "HAILTAG": null, "TORNTAG": null, "DAMAGTAG": null, "PROD_ID": "201804140846-KOAX-WWUS43-WSWOAX", "FCSTER": null }, "geometry": { "type": "Polygon", "coordinates": [ [ [ -95.5, 41.51 ], [ -95.42, 41.51 ], [ -95.33, 41.51 ], [ -95.29, 41.51 ], [ -95.25, 41.51 ], [ -95.19, 41.51 ], [ -95.15, 41.51 ], [ -95.15, 41.5 ], [ -95.16, 41.5 ], [ -95.15, 41.39 ], [ -95.16, 41.37 ], [ -95.16, 41.36 ], [ -95.16, 41.35 ], [ -95.16, 41.33 ], [ -95.16, 41.32 ], [ -95.16, 41.29 ], [ -95.15, 41.27 ], [ -95.15, 41.26 ], [ -95.16, 41.25 ], [ -95.16, 41.24 ], [ -95.16, 41.22 ], [ -95.16, 41.2 ], [ -95.16, 41.16 ], [ -95.25, 41.16 ], [ -95.27, 41.16 ], [ -95.32, 41.16 ], [ -95.38, 41.16 ], [ -95.58, 41.16 ], [ -95.75, 41.16 ], [ -95.78, 41.16 ], [ -95.79, 41.16 ], [ -95.81, 41.16 ], [ -95.86, 41.16 ], [ -95.87, 41.16 ], [ -95.88, 41.16 ], [ -95.88, 41.17 ], [ -95.87, 41.17 ], [ -95.86, 41.17 ], [ -95.85, 41.17 ], [ -95.84, 41.17 ], [ -95.84, 41.18 ], [ -95.85, 41.18 ], [ -95.86, 41.19 ], [ -95.87, 41.19 ], [ -95.91, 41.18 ], [ -95.91, 41.19 ], [ -95.92, 41.19 ], [ -95.93, 41.2 ], [ -95.92, 41.21 ], [ -95.92, 41.22 ], [ -95.91, 41.23 ], [ -95.91, 41.24 ], [ -95.92, 41.26 ], [ -95.92, 41.27 ], [ -95.91, 41.27 ], [ -95.93, 41.28 ], [ -95.93, 41.29 ], [ -95.93, 41.3 ], [ -95.92, 41.3 ], [ -95.91, 41.3 ], [ -95.9, 41.3 ], [ -95.9, 41.29 ], [ -95.91, 41.28 ], [ -95.9, 41.27 ], [ -95.9, 41.28 ], [ -95.88, 41.28 ], [ -95.88, 41.29 ], [ -95.87, 41.29 ], [ -95.87, 41.3 ], [ -95.87, 41.31 ], [ -95.88, 41.31 ], [ -95.88, 41.32 ], [ -95.89, 41.32 ], [ -95.9, 41.32 ], [ -95.91, 41.32 ], [ -95.92, 41.32 ], [ -95.93, 41.32 ], [ -95.94, 41.33 ], [ -95.95, 41.33 ], [ -95.95, 41.34 ], [ -95.96, 41.35 ], [ -95.95, 41.35 ], [ -95.94, 41.36 ], [ -95.93, 41.36 ], [ -95.93, 41.37 ], [ -95.94, 41.38 ], [ -95.94, 41.39 ], [ -95.94, 41.4 ], [ -95.93, 41.41 ], [ -95.93, 41.42 ], [ -95.93, 41.43 ], [ -95.93, 41.44 ], [ -95.92, 41.44 ], [ -95.92, 41.45 ], [ -95.92, 41.46 ], [ -95.93, 41.46 ], [ -95.94, 41.47 ], [ -95.95, 41.47 ], [ -95.95, 41.46 ], [ -95.96, 41.46 ], [ -95.97, 41.46 ], [ -95.97, 41.47 ], [ -95.98, 41.47 ], [ -95.99, 41.47 ], [ -96.0, 41.47 ], [ -96.01, 41.47 ], [ -96.01, 41.48 ], [ -96.02, 41.48 ], [ -96.02, 41.49 ], [ -96.01, 41.5 ], [ -96.0, 41.5 ], [ -96.0, 41.51 ], [ -95.98, 41.51 ], [ -95.96, 41.51 ], [ -95.93, 41.51 ], [ -95.86, 41.51 ], [ -95.85, 41.51 ], [ -95.82, 41.51 ], [ -95.71, 41.51 ], [ -95.69, 41.51 ], [ -95.65, 41.51 ], [ -95.59, 41.51 ], [ -95.57, 41.51 ], [ -95.55, 41.51 ], [ -95.5, 41.51 ] ] ] } },
{ "type": "Feature", "properties": { "WFO": "OAX", "ISSUED": "201804141400", "EXPIRED": "201804150500", "INIT_ISS": "201804140846", "INIT_EXP": "201804150000", "PHENOM": "WW", "GTYPE": "C", "SIG": "Y", "ETN": 18, "STATUS": "EXP", "NWS_UGC": "IAZ079", "AREA_KM2": 1137.2825927734375, "UPDATED": "201804150435", "HV_NWSLI": null, "HV_SEV": null, "HV_CAUSE": null, "HV_REC": null, "EMERGENC": false, "POLY_BEG": null, "POLY_END": null, "WINDTAG": null, "HAILTAG": null, "TORNTAG": null, "DAMAGTAG": null, "PROD_ID": "201804140846-KOAX-WWUS43-WSWOAX", "FCSTER": null }, "geometry": { "type": "Polygon", "coordinates": [ [ [ -95.38, 41.16 ], [ -95.38, 41.13 ], [ -95.38, 41.03 ], [ -95.38, 41.01 ], [ -95.38, 40.99 ], [ -95.38, 40.96 ], [ -95.38, 40.9 ], [ -95.44, 40.9 ], [ -95.46, 40.9 ], [ -95.5, 40.9 ], [ -95.51, 40.9 ], [ -95.58, 40.9 ], [ -95.59, 40.9 ], [ -95.61, 40.9 ], [ -95.7, 40.9 ], [ -95.73, 40.9 ], [ -95.81, 40.9 ], [ -95.82, 40.9 ], [ -95.82, 40.91 ], [ -95.83, 40.92 ], [ -95.84, 40.92 ], [ -95.84, 40.93 ], [ -95.84, 40.94 ], [ -95.84, 40.95 ], [ -95.83, 40.96 ], [ -95.83, 40.97 ], [ -95.83, 40.98 ], [ -95.84, 40.99 ], [ -95.85, 40.99 ], [ -95.86, 40.99 ], [ -95.86, 41.0 ], [ -95.87, 41.0 ], [ -95.87, 41.01 ], [ -95.87, 41.02 ], [ -95.86, 41.02 ], [ -95.86, 41.03 ], [ -95.86, 41.04 ], [ -95.87, 41.04 ], [ -95.87, 41.05 ], [ -95.88, 41.05 ], [ -95.88, 41.06 ], [ -95.88, 41.07 ], [ -95.87, 41.08 ], [ -95.86, 41.08 ], [ -95.86, 41.09 ], [ -95.87, 41.1 ], [ -95.87, 41.11 ], [ -95.87, 41.12 ], [ -95.87, 41.13 ], [ -95.88, 41.14 ], [ -95.88, 41.15 ], [ -95.88, 41.16 ], [ -95.87, 41.16 ], [ -95.86, 41.16 ], [ -95.81, 41.16 ], [ -95.79, 41.16 ], [ -95.78, 41.16 ], [ -95.75, 41.16 ], [ -95.58, 41.16 ], [ -95.38, 41.16 ] ] ] } },
{ "type": "Feature", "properties": { "WFO": "OAX", "ISSUED": "201804141400", "EXPIRED": "201804150500", "INIT_ISS": "201804132019", "INIT_EXP": "201804150000", "PHENOM": "WW", "GTYPE": "C", "SIG": "Y", "ETN": 18, "STATUS": "EXP", "NWS_UGC": "NEZ045", "AREA_KM2": 1018.4806518554688, "UPDATED": "201804150435", "HV_NWSLI": null, "HV_SEV": null, "HV_CAUSE": null, "HV_REC": null, "EMERGENC": false, "POLY_BEG": null, "POLY_END": null, "WINDTAG": null, "HAILTAG": null, "TORNTAG": null, "DAMAGTAG": null, "PROD_ID": "201804132019-KOAX-WWUS43-WSWOAX", "FCSTER": "DeWald" }, "geometry": { "type": "Polygon", "coordinates": [ [ [ -96.12, 41.68 ], [ -96.12, 41.67 ], [ -96.11, 41.67 ], [ -96.1, 41.66 ], [ -96.1, 41.65 ], [ -96.09, 41.65 ], [ -96.1, 41.64 ], [ -96.11, 41.62 ], [ -96.12, 41.62 ], [ -96.12, 41.61 ], [ -96.11, 41.6 ], [ -96.11, 41.59 ], [ -96.1, 41.59 ], [ -96.09, 41.59 ], [ -96.08, 41.58 ], [ -96.08, 41.57 ], [ -96.09, 41.56 ], [ -96.1, 41.55 ], [ -96.1, 41.54 ], [ -96.09, 41.54 ], [ -96.09, 41.53 ], [ -96.08, 41.53 ], [ -96.07, 41.52 ], [ -96.06, 41.52 ], [ -96.06, 41.51 ], [ -96.05, 41.51 ], [ -96.04, 41.51 ], [ -96.03, 41.51 ], [ -96.03, 41.52 ], [ -96.03, 41.53 ], [ -96.03, 41.54 ], [ -96.02, 41.54 ], [ -96.02, 41.55 ], [ -96.01, 41.55 ], [ -96.0, 41.54 ], [ -95.99, 41.53 ], [ -95.99, 41.52 ], [ -95.99, 41.51 ], [ -96.0, 41.51 ], [ -96.0, 41.5 ], [ -96.01, 41.5 ], [ -96.02, 41.49 ], [ -96.02, 41.48 ], [ -96.01, 41.48 ], [ -96.01, 41.47 ], [ -96.0, 41.47 ], [ -95.99, 41.47 ], [ -95.98, 41.47 ], [ -95.97, 41.47 ], [ -95.97, 41.46 ], [ -95.96, 41.46 ], [ -95.95, 41.46 ], [ -95.95, 41.47 ], [ -95.94, 41.47 ], [ -95.93, 41.46 ], [ -95.92, 41.46 ], [ -95.92, 41.45 ], [ -95.92, 41.44 ], [ -95.93, 41.44 ], [ -95.93, 41.43 ], [ -95.93, 41.42 ], [ -95.93, 41.41 ], [ -95.94, 41.4 ], [ -95.94, 41.39 ], [ -96.0, 41.39 ], [ -96.03, 41.39 ], [ -96.11, 41.39 ], [ -96.14, 41.39 ], [ -96.3, 41.39 ], [ -96.33, 41.39 ], [ -96.33, 41.41 ], [ -96.33, 41.44 ], [ -96.35, 41.44 ], [ -96.36, 41.44 ], [ -96.37, 41.44 ], [ -96.37, 41.45 ], [ -96.39, 41.45 ], [ -96.39, 41.47 ], [ -96.41, 41.47 ], [ -96.41, 41.48 ], [ -96.42, 41.48 ], [ -96.43, 41.48 ], [ -96.43, 41.49 ], [ -96.43, 41.5 ], [ -96.43, 41.52 ], [ -96.44, 41.52 ], [ -96.44, 41.53 ], [ -96.44, 41.54 ], [ -96.44, 41.6 ], [ -96.44, 41.61 ], [ -96.44, 41.62 ], [ -96.44, 41.63 ], [ -96.44, 41.65 ], [ -96.44, 41.68 ], [ -96.41, 41.68 ], [ -96.39, 41.68 ], [ -96.38, 41.68 ], [ -96.24, 41.68 ], [ -96.22, 41.68 ], [ -96.21, 41.68 ], [ -96.17, 41.68 ], [ -96.15, 41.68 ], [ -96.13, 41.68 ], [ -96.12, 41.68 ] ] ] } },
{ "type": "Feature", "properties": { "WFO": "OAX", "ISSUED": "201804141400", "EXPIRED": "201804150500", "INIT_ISS": "201804132019", "INIT_EXP": "201804150000", "PHENOM": "WW", "GTYPE": "C", "SIG": "Y", "ETN": 18, "STATUS": "EXP", "NWS_UGC": "NEZ053", "AREA_KM2": 639.6297607421875, "UPDATED": "201804150435", "HV_NWSLI": null, "HV_SEV": null, "HV_CAUSE": null, "HV_REC": null, "EMERGENC": false, "POLY_BEG": null, "POLY_END": null, "WINDTAG": null, "HAILTAG": null, "TORNTAG": null, "DAMAGTAG": null, "PROD_ID": "201804132019-KOAX-WWUS43-WSWOAX", "FCSTER": "DeWald" }, "geometry": { "type": "Polygon", "coordinates": [ [ [ -96.32, 41.19 ], [ -96.3, 41.19 ], [ -96.24, 41.19 ], [ -96.22, 41.19 ], [ -96.18, 41.19 ], [ -96.16, 41.19 ], [ -96.14, 41.19 ], [ -96.12, 41.19 ], [ -96.09, 41.19 ], [ -96.07, 41.19 ], [ -96.04, 41.19 ], [ -96.03, 41.19 ], [ -96.01, 41.19 ], [ -96.0, 41.19 ], [ -95.99, 41.19 ], [ -95.95, 41.19 ], [ -95.92, 41.19 ], [ -95.91, 41.19 ], [ -95.91, 41.18 ], [ -95.87, 41.19 ], [ -95.86, 41.19 ], [ -95.85, 41.18 ], [ -95.84, 41.18 ], [ -95.84, 41.17 ], [ -95.85, 41.17 ], [ -95.86, 41.17 ], [ -95.87, 41.17 ], [ -95.88, 41.17 ], [ -95.88, 41.16 ], [ -95.88, 41.15 ], [ -95.88, 41.14 ], [ -95.87, 41.13 ], [ -95.87, 41.12 ], [ -95.87, 41.11 ], [ -95.87, 41.1 ], [ -95.86, 41.09 ], [ -95.86, 41.08 ], [ -95.87, 41.08 ], [ -95.88, 41.07 ], [ -95.88, 41.06 ], [ -95.89, 41.06 ], [ -95.9, 41.06 ], [ -95.91, 41.06 ], [ -95.92, 41.06 ], [ -95.93, 41.06 ], [ -95.94, 41.06 ], [ -95.95, 41.06 ], [ -95.96, 41.06 ], [ -95.97, 41.06 ], [ -95.98, 41.05 ], [ -95.99, 41.05 ], [ -96.0, 41.06 ], [ -96.01, 41.06 ], [ -96.02, 41.06 ], [ -96.03, 41.06 ], [ -96.03, 41.07 ], [ -96.06, 41.07 ], [ -96.06, 41.06 ], [ -96.07, 41.06 ], [ -96.08, 41.06 ], [ -96.09, 41.06 ], [ -96.09, 41.05 ], [ -96.1, 41.05 ], [ -96.11, 41.05 ], [ -96.11, 41.04 ], [ -96.12, 41.04 ], [ -96.13, 41.04 ], [ -96.13, 41.03 ], [ -96.14, 41.02 ], [ -96.16, 41.01 ], [ -96.17, 41.01 ], [ -96.18, 41.01 ], [ -96.19, 41.0 ], [ -96.2, 41.0 ], [ -96.21, 41.0 ], [ -96.21, 40.99 ], [ -96.22, 40.99 ], [ -96.22, 41.0 ], [ -96.23, 41.0 ], [ -96.24, 41.01 ], [ -96.25, 41.02 ], [ -96.26, 41.02 ], [ -96.27, 41.02 ], [ -96.28, 41.02 ], [ -96.29, 41.02 ], [ -96.3, 41.03 ], [ -96.31, 41.04 ], [ -96.32, 41.04 ], [ -96.32, 41.05 ], [ -96.33, 41.06 ], [ -96.33, 41.07 ], [ -96.34, 41.08 ], [ -96.34, 41.09 ], [ -96.34, 41.1 ], [ -96.33, 41.1 ], [ -96.32, 41.11 ], [ -96.31, 41.11 ], [ -96.31, 41.12 ], [ -96.32, 41.12 ], [ -96.32, 41.13 ], [ -96.32, 41.14 ], [ -96.32, 41.15 ], [ -96.32, 41.16 ], [ -96.32, 41.17 ], [ -96.32, 41.18 ], [ -96.32, 41.19 ] ] ] } },
{ "type": "Feature", "properties": { "WFO": "OAX", "ISSUED": "201804141400", "EXPIRED": "201804150500", "INIT_ISS": "201804132019", "INIT_EXP": "201804150000", "PHENOM": "WW", "GTYPE": "C", "SIG": "Y", "ETN": 18, "STATUS": "EXP", "NWS_UGC": "NEZ078", "AREA_KM2": 1490.02099609375, "UPDATED": "201804150435", "HV_NWSLI": null, "HV_SEV": null, "HV_CAUSE": null, "HV_REC": null, "EMERGENC": false, "POLY_BEG": null, "POLY_END": null, "WINDTAG": null, "HAILTAG": null, "TORNTAG": null, "DAMAGTAG": null, "PROD_ID": "201804132019-KOAX-WWUS43-WSWOAX", "FCSTER": "DeWald" }, "geometry": { "type": "Polygon", "coordinates": [ [ [ -96.91, 40.7 ], [ -96.91, 40.64 ], [ -96.91, 40.61 ], [ -96.91, 40.58 ], [ -96.91, 40.57 ], [ -96.91, 40.56 ], [ -96.91, 40.52 ], [ -96.91, 40.51 ], [ -96.91, 40.5 ], [ -96.91, 40.49 ], [ -96.91, 40.48 ], [ -96.91, 40.44 ], [ -96.91, 40.35 ], [ -96.93, 40.35 ], [ -96.95, 40.35 ], [ -96.97, 40.35 ], [ -96.99, 40.35 ], [ -97.02, 40.35 ], [ -97.05, 40.35 ], [ -97.12, 40.35 ], [ -97.17, 40.35 ], [ -97.22, 40.35 ], [ -97.33, 40.35 ], [ -97.37, 40.35 ], [ -97.37, 40.36 ], [ -97.37, 40.38 ], [ -97.37, 40.42 ], [ -97.37, 40.52 ], [ -97.37, 40.55 ], [ -97.37, 40.56 ], [ -97.37, 40.7 ], [ -97.36, 40.7 ], [ -97.22, 40.7 ], [ -97.13, 40.7 ], [ -97.12, 40.7 ], [ -97.09, 40.7 ], [ -97.08, 40.7 ], [ -97.03, 40.7 ], [ -97.0, 40.7 ], [ -96.91, 40.7 ] ] ] } },
{ "type": "Feature", "properties": { "WFO": "OAX", "ISSUED": "201804141400", "EXPIRED": "201804150500", "INIT_ISS": "201804132019", "INIT_EXP": "201804150000", "PHENOM": "WW", "GTYPE": "C", "SIG": "Y", "ETN": 18, "STATUS": "EXP", "NWS_UGC": "NEZ067", "AREA_KM2": 1464.551025390625, "UPDATED": "201804150435", "HV_NWSLI": null, "HV_SEV": null, "HV_CAUSE": null, "HV_REC": null, "EMERGENC": false, "POLY_BEG": null, "POLY_END": null, "WINDTAG": null, "HAILTAG": null, "TORNTAG": null, "DAMAGTAG": null, "PROD_ID": "201804132019-KOAX-WWUS43-WSWOAX", "FCSTER": "DeWald" }, "geometry": { "type": "Polygon", "coordinates": [ [ [ -95.88, 41.05 ], [ -95.87, 41.05 ], [ -95.87, 41.04 ], [ -95.86, 41.04 ], [ -95.86, 41.03 ], [ -95.86, 41.02 ], [ -95.87, 41.02 ], [ -95.87, 41.01 ], [ -95.87, 41.0 ], [ -95.86, 41.0 ], [ -95.86, 40.99 ], [ -95.85, 40.99 ], [ -95.84, 40.99 ], [ -95.83, 40.98 ], [ -95.83, 40.97 ], [ -95.83, 40.96 ], [ -95.84, 40.95 ], [ -95.84, 40.94 ], [ -95.84, 40.93 ], [ -95.84, 40.92 ], [ -95.83, 40.92 ], [ -95.82, 40.91 ], [ -95.82, 40.9 ], [ -95.81, 40.9 ], [ -95.81, 40.89 ], [ -95.81, 40.88 ], [ -95.82, 40.88 ], [ -95.83, 40.87 ], [ -95.84, 40.87 ], [ -95.85, 40.87 ], [ -95.85, 40.86 ], [ -95.85, 40.85 ], [ -95.84, 40.85 ], [ -95.84, 40.84 ], [ -95.84, 40.83 ], [ -95.84, 40.82 ], [ -95.84, 40.81 ], [ -95.84, 40.8 ], [ -95.84, 40.79 ], [ -95.83, 40.79 ], [ -95.83, 40.78 ], [ -95.85, 40.78 ], [ -95.88, 40.78 ], [ -95.89, 40.78 ], [ -95.9, 40.78 ], [ -95.91, 40.78 ], [ -95.95, 40.78 ], [ -96.0, 40.78 ], [ -96.02, 40.78 ], [ -96.03, 40.78 ], [ -96.13, 40.78 ], [ -96.22, 40.78 ], [ -96.3, 40.78 ], [ -96.32, 40.78 ], [ -96.36, 40.78 ], [ -96.46, 40.78 ], [ -96.46, 40.88 ], [ -96.46, 40.9 ], [ -96.46, 40.93 ], [ -96.46, 40.95 ], [ -96.46, 41.02 ], [ -96.37, 41.02 ], [ -96.35, 41.02 ], [ -96.35, 41.03 ], [ -96.35, 41.04 ], [ -96.33, 41.05 ], [ -96.32, 41.05 ], [ -96.32, 41.04 ], [ -96.31, 41.04 ], [ -96.3, 41.03 ], [ -96.29, 41.02 ], [ -96.28, 41.02 ], [ -96.27, 41.02 ], [ -96.26, 41.02 ], [ -96.25, 41.02 ], [ -96.24, 41.01 ], [ -96.23, 41.0 ], [ -96.22, 41.0 ], [ -96.22, 40.99 ], [ -96.21, 40.99 ], [ -96.21, 41.0 ], [ -96.2, 41.0 ], [ -96.19, 41.0 ], [ -96.18, 41.01 ], [ -96.17, 41.01 ], [ -96.16, 41.01 ], [ -96.14, 41.02 ], [ -96.13, 41.03 ], [ -96.13, 41.04 ], [ -96.12, 41.04 ], [ -96.11, 41.04 ], [ -96.11, 41.05 ], [ -96.1, 41.05 ], [ -96.09, 41.05 ], [ -96.09, 41.06 ], [ -96.08, 41.06 ], [ -96.07, 41.06 ], [ -96.06, 41.06 ], [ -96.06, 41.07 ], [ -96.03, 41.07 ], [ -96.03, 41.06 ], [ -96.02, 41.06 ], [ -96.01, 41.06 ], [ -96.0, 41.06 ], [ -95.99, 41.05 ], [ -95.98, 41.05 ], [ -95.97, 41.06 ], [ -95.96, 41.06 ], [ -95.95, 41.06 ], [ -95.94, 41.06 ], [ -95.93, 41.06 ], [ -95.92, 41.06 ], [ -95.91, 41.06 ], [ -95.9, 41.06 ], [ -95.89, 41.06 ], [ -95.88, 41.06 ], [ -95.88, 41.05 ] ] ] } },
{ "type": "Feature", "properties": { "WFO": "OAX", "ISSUED": "201804141400", "EXPIRED": "201804150500", "INIT_ISS": "201804132019", "INIT_EXP": "201804150000", "PHENOM": "WW", "GTYPE": "C", "SIG": "Y", "ETN": 18, "STATUS": "EXP", "NWS_UGC": "NEZ052", "AREA_KM2": 878.40850830078125, "UPDATED": "201804150435", "HV_NWSLI": null, "HV_SEV": null, "HV_CAUSE": null, "HV_REC": null, "EMERGENC": false, "POLY_BEG": null, "POLY_END": null, "WINDTAG": null, "HAILTAG": null, "TORNTAG": null, "DAMAGTAG": null, "PROD_ID": "201804132019-KOAX-WWUS43-WSWOAX", "FCSTER": "DeWald" }, "geometry": { "type": "Polygon", "coordinates": [ [ [ -96.46, 41.39 ], [ -96.45, 41.39 ], [ -96.44, 41.39 ], [ -96.42, 41.39 ], [ -96.36, 41.39 ], [ -96.33, 41.39 ], [ -96.3, 41.39 ], [ -96.14, 41.39 ], [ -96.11, 41.39 ], [ -96.03, 41.39 ], [ -96.0, 41.39 ], [ -95.94, 41.39 ], [ -95.94, 41.38 ], [ -95.93, 41.37 ], [ -95.93, 41.36 ], [ -95.94, 41.36 ], [ -95.95, 41.35 ], [ -95.96, 41.35 ], [ -95.95, 41.34 ], [ -95.95, 41.33 ], [ -95.94, 41.33 ], [ -95.93, 41.32 ], [ -95.92, 41.32 ], [ -95.91, 41.32 ], [ -95.9, 41.32 ], [ -95.89, 41.32 ], [ -95.88, 41.32 ], [ -95.88, 41.31 ], [ -95.87, 41.31 ], [ -95.87, 41.3 ], [ -95.87, 41.29 ], [ -95.88, 41.29 ], [ -95.88, 41.28 ], [ -95.9, 41.28 ], [ -95.9, 41.27 ], [ -95.91, 41.28 ], [ -95.9, 41.29 ], [ -95.9, 41.3 ], [ -95.91, 41.3 ], [ -95.92, 41.3 ], [ -95.93, 41.3 ], [ -95.93, 41.29 ], [ -95.93, 41.28 ], [ -95.91, 41.27 ], [ -95.92, 41.27 ], [ -95.92, 41.26 ], [ -95.91, 41.24 ], [ -95.91, 41.23 ], [ -95.92, 41.22 ], [ -95.92, 41.21 ], [ -95.93, 41.2 ], [ -95.92, 41.19 ], [ -95.95, 41.19 ], [ -95.99, 41.19 ], [ -96.0, 41.19 ], [ -96.01, 41.19 ], [ -96.03, 41.19 ], [ -96.04, 41.19 ], [ -96.07, 41.19 ], [ -96.09, 41.19 ], [ -96.12, 41.19 ], [ -96.14, 41.19 ], [ -96.16, 41.19 ], [ -96.18, 41.19 ], [ -96.22, 41.19 ], [ -96.24, 41.19 ], [ -96.3, 41.19 ], [ -96.33, 41.19 ], [ -96.33, 41.2 ], [ -96.34, 41.2 ], [ -96.35, 41.2 ], [ -96.35, 41.21 ], [ -96.36, 41.21 ], [ -96.36, 41.22 ], [ -96.36, 41.23 ], [ -96.37, 41.23 ], [ -96.36, 41.24 ], [ -96.36, 41.25 ], [ -96.35, 41.26 ], [ -96.35, 41.27 ], [ -96.36, 41.28 ], [ -96.37, 41.29 ], [ -96.38, 41.3 ], [ -96.39, 41.3 ], [ -96.39, 41.31 ], [ -96.4, 41.31 ], [ -96.41, 41.31 ], [ -96.41, 41.32 ], [ -96.41, 41.33 ], [ -96.41, 41.34 ], [ -96.41, 41.35 ], [ -96.42, 41.36 ], [ -96.42, 41.37 ], [ -96.43, 41.37 ], [ -96.44, 41.37 ], [ -96.45, 41.37 ], [ -96.46, 41.38 ], [ -96.46, 41.39 ] ] ] } },
{ "type": "Feature", "properties": { "WFO": "DVN", "ISSUED": "201804141503", "EXPIRED": "201804150000", "INIT_ISS": "201804141503", "INIT_EXP": "201804150000", "PHENOM": "WI", "GTYPE": "C", "SIG": "Y", "ETN": 2, "STATUS": "EXP", "NWS_UGC": "IAZ068", "AREA_KM2": 1210.775146484375, "UPDATED": "201804142344", "HV_NWSLI": null, "HV_SEV": null, "HV_CAUSE": null, "HV_REC": null, "EMERGENC": false, "POLY_BEG": null, "POLY_END": null, "WINDTAG": null, "HAILTAG": null, "TORNTAG": null, "DAMAGTAG": null, "PROD_ID": "201804141503-KDVN-WWUS73-NPWDVN", "FCSTER": null }, "geometry": { "type": "Polygon", "coordinates": [ [ [ -90.66, 41.76 ], [ -90.65, 41.76 ], [ -90.64, 41.76 ], [ -90.63, 41.76 ], [ -90.62, 41.76 ], [ -90.61, 41.76 ], [ -90.6, 41.76 ], [ -90.6, 41.77 ], [ -90.59, 41.77 ], [ -90.59, 41.76 ], [ -90.58, 41.76 ], [ -90.57, 41.76 ], [ -90.57, 41.77 ], [ -90.56, 41.76 ], [ -90.55, 41.76 ], [ -90.55, 41.77 ], [ -90.54, 41.77 ], [ -90.54, 41.78 ], [ -90.53, 41.77 ], [ -90.52, 41.77 ], [ -90.51, 41.77 ], [ -90.5, 41.77 ], [ -90.49, 41.77 ], [ -90.48, 41.77 ], [ -90.47, 41.77 ], [ -90.47, 41.76 ], [ -90.46, 41.76 ], [ -90.45, 41.76 ], [ -90.44, 41.76 ], [ -90.43, 41.76 ], [ -90.43, 41.75 ], [ -90.43, 41.74 ], [ -90.42, 41.74 ], [ -90.41, 41.74 ], [ -90.41, 41.73 ], [ -90.4, 41.73 ], [ -90.39, 41.73 ], [ -90.39, 41.74 ], [ -90.38, 41.74 ], [ -90.38, 41.73 ], [ -90.37, 41.73 ], [ -90.36, 41.73 ], [ -90.35, 41.73 ], [ -90.34, 41.73 ], [ -90.34, 41.74 ], [ -90.33, 41.74 ], [ -90.33, 41.73 ], [ -90.32, 41.73 ], [ -90.32, 41.72 ], [ -90.32, 41.71 ], [ -90.31, 41.71 ], [ -90.31, 41.7 ], [ -90.32, 41.69 ], [ -90.33, 41.68 ], [ -90.34, 41.68 ], [ -90.34, 41.67 ], [ -90.34, 41.66 ], [ -90.34, 41.65 ], [ -90.34, 41.64 ], [ -90.34, 41.63 ], [ -90.34, 41.62 ], [ -90.34, 41.61 ], [ -90.34, 41.6 ], [ -90.34, 41.59 ], [ -90.36, 41.58 ], [ -90.38, 41.58 ], [ -90.4, 41.57 ], [ -90.41, 41.57 ], [ -90.42, 41.56 ], [ -90.42, 41.55 ], [ -90.43, 41.55 ], [ -90.44, 41.54 ], [ -90.45, 41.53 ], [ -90.46, 41.52 ], [ -90.47, 41.52 ], [ -90.49, 41.52 ], [ -90.5, 41.52 ], [ -90.51, 41.52 ], [ -90.53, 41.52 ], [ -90.54, 41.53 ], [ -90.55, 41.53 ], [ -90.56, 41.52 ], [ -90.57, 41.52 ], [ -90.58, 41.52 ], [ -90.59, 41.51 ], [ -90.6, 41.51 ], [ -90.6, 41.5 ], [ -90.61, 41.49 ], [ -90.62, 41.48 ], [ -90.63, 41.48 ], [ -90.64, 41.47 ], [ -90.65, 41.47 ], [ -90.66, 41.46 ], [ -90.67, 41.46 ], [ -90.68, 41.46 ], [ -90.69, 41.46 ], [ -90.7, 41.45 ], [ -90.71, 41.45 ], [ -90.72, 41.45 ], [ -90.73, 41.45 ], [ -90.74, 41.45 ], [ -90.75, 41.45 ], [ -90.76, 41.45 ], [ -90.77, 41.45 ], [ -90.78, 41.45 ], [ -90.79, 41.45 ], [ -90.79, 41.46 ], [ -90.79, 41.51 ], [ -90.78, 41.56 ], [ -90.78, 41.58 ], [ -90.78, 41.59 ], [ -90.78, 41.6 ], [ -90.8, 41.6 ], [ -90.89, 41.6 ], [ -90.9, 41.6 ], [ -90.9, 41.61 ], [ -90.9, 41.63 ], [ -90.9, 41.71 ], [ -90.9, 41.73 ], [ -90.9, 41.74 ], [ -90.9, 41.75 ], [ -90.9, 41.77 ], [ -90.89, 41.77 ], [ -90.8, 41.77 ], [ -90.79, 41.77 ], [ -90.78, 41.77 ], [ -90.77, 41.77 ], [ -90.76, 41.76 ], [ -90.75, 41.75 ], [ -90.75, 41.74 ], [ -90.74, 41.74 ], [ -90.73, 41.74 ], [ -90.72, 41.74 ], [ -90.71, 41.73 ], [ -90.71, 41.74 ], [ -90.7, 41.74 ], [ -90.69, 41.74 ], [ -90.69, 41.75 ], [ -90.69, 41.76 ], [ -90.68, 41.75 ], [ -90.68, 41.76 ], [ -90.67, 41.76 ], [ -90.66, 41.76 ] ] ] } },
{ "type": "Feature", "properties": { "WFO": "DVN", "ISSUED": "201804141503", "EXPIRED": "201804150000", "INIT_ISS": "201804141503", "INIT_EXP": "201804150000", "PHENOM": "WI", "GTYPE": "C", "SIG": "Y", "ETN": 2, "STATUS": "EXP", "NWS_UGC": "IAZ067", "AREA_KM2": 1161.4217529296875, "UPDATED": "201804142344", "HV_NWSLI": null, "HV_SEV": null, "HV_CAUSE": null, "HV_REC": null, "EMERGENC": false, "POLY_BEG": null, "POLY_END": null, "WINDTAG": null, "HAILTAG": null, "TORNTAG": null, "DAMAGTAG": null, "PROD_ID": "201804141503-KDVN-WWUS73-NPWDVN", "FCSTER": null }, "geometry": { "type": "Polygon", "coordinates": [ [ [ -90.89, 41.6 ], [ -90.8, 41.6 ], [ -90.78, 41.6 ], [ -90.78, 41.59 ], [ -90.78, 41.58 ], [ -90.78, 41.56 ], [ -90.79, 41.51 ], [ -90.79, 41.46 ], [ -90.79, 41.45 ], [ -90.8, 41.45 ], [ -90.81, 41.45 ], [ -90.82, 41.45 ], [ -90.83, 41.46 ], [ -90.84, 41.46 ], [ -90.85, 41.46 ], [ -90.85, 41.45 ], [ -90.86, 41.45 ], [ -90.87, 41.45 ], [ -90.88, 41.44 ], [ -90.89, 41.44 ], [ -90.9, 41.43 ], [ -90.91, 41.43 ], [ -90.92, 41.43 ], [ -90.92, 41.42 ], [ -90.93, 41.42 ], [ -90.94, 41.42 ], [ -90.95, 41.42 ], [ -90.95, 41.43 ], [ -90.96, 41.43 ], [ -90.97, 41.43 ], [ -90.98, 41.43 ], [ -90.99, 41.43 ], [ -91.0, 41.43 ], [ -91.01, 41.43 ], [ -91.01, 41.42 ], [ -91.02, 41.42 ], [ -91.03, 41.42 ], [ -91.04, 41.42 ], [ -91.05, 41.41 ], [ -91.05, 41.4 ], [ -91.05, 41.39 ], [ -91.05, 41.38 ], [ -91.06, 41.38 ], [ -91.06, 41.37 ], [ -91.07, 41.37 ], [ -91.07, 41.36 ], [ -91.07, 41.35 ], [ -91.07, 41.34 ], [ -91.07, 41.33 ], [ -91.08, 41.33 ], [ -91.13, 41.33 ], [ -91.19, 41.33 ], [ -91.26, 41.34 ], [ -91.32, 41.34 ], [ -91.35, 41.34 ], [ -91.36, 41.34 ], [ -91.37, 41.34 ], [ -91.37, 41.37 ], [ -91.37, 41.38 ], [ -91.37, 41.4 ], [ -91.37, 41.42 ], [ -91.37, 41.46 ], [ -91.37, 41.5 ], [ -91.37, 41.57 ], [ -91.37, 41.59 ], [ -91.37, 41.6 ], [ -91.32, 41.6 ], [ -91.25, 41.6 ], [ -91.22, 41.6 ], [ -91.2, 41.6 ], [ -91.16, 41.6 ], [ -91.12, 41.6 ], [ -91.04, 41.6 ], [ -90.96, 41.6 ], [ -90.91, 41.6 ], [ -90.9, 41.6 ], [ -90.89, 41.6 ] ] ] } },
{ "type": "Feature", "properties": { "WFO": "GID", "ISSUED": "201804141656", "EXPIRED": "201804150300", "INIT_ISS": "201804141656", "INIT_EXP": "201804150000", "PHENOM": "WW", "GTYPE": "C", "SIG": "Y", "ETN": 13, "STATUS": "EXP", "NWS_UGC": "NEZ083", "AREA_KM2": 1485.508544921875, "UPDATED": "201804150304", "HV_NWSLI": null, "HV_SEV": null, "HV_CAUSE": null, "HV_REC": null, "EMERGENC": false, "POLY_BEG": null, "POLY_END": null, "WINDTAG": null, "HAILTAG": null, "TORNTAG": null, "DAMAGTAG": null, "PROD_ID": "201804141656-KGID-WWUS43-WSWGID", "FCSTER": "Heinlein" }, "geometry": { "type": "Polygon", "coordinates": [ [ [ -99.18, 40.35 ], [ -99.18, 40.31 ], [ -99.18, 40.28 ], [ -99.18, 40.25 ], [ -99.18, 40.24 ], [ -99.18, 40.23 ], [ -99.18, 40.21 ], [ -99.18, 40.18 ], [ -99.18, 40.1 ], [ -99.18, 40.08 ], [ -99.18, 40.06 ], [ -99.18, 40.0 ], [ -99.25, 40.0 ], [ -99.31, 40.0 ], [ -99.37, 40.0 ], [ -99.38, 40.0 ], [ -99.41, 40.0 ], [ -99.42, 40.0 ], [ -99.48, 40.0 ], [ -99.6, 40.0 ], [ -99.61, 40.0 ], [ -99.63, 40.0 ], [ -99.63, 40.03 ], [ -99.63, 40.07 ], [ -99.63, 40.09 ], [ -99.63, 40.1 ], [ -99.63, 40.12 ], [ -99.63, 40.13 ], [ -99.63, 40.16 ], [ -99.63, 40.18 ], [ -99.63, 40.23 ], [ -99.63, 40.25 ], [ -99.63, 40.31 ], [ -99.63, 40.32 ], [ -99.63, 40.35 ], [ -99.6, 40.35 ], [ -99.58, 40.35 ], [ -99.57, 40.35 ], [ -99.5, 40.35 ], [ -99.49, 40.35 ], [ -99.44, 40.35 ], [ -99.43, 40.35 ], [ -99.42, 40.35 ], [ -99.41, 40.35 ], [ -99.39, 40.35 ], [ -99.38, 40.35 ], [ -99.31, 40.35 ], [ -99.18, 40.35 ] ] ] } },
{ "type": "Feature", "properties": { "WFO": "GID", "ISSUED": "201804141656", "EXPIRED": "201804150300", "INIT_ISS": "201804141656", "INIT_EXP": "201804150000", "PHENOM": "WW", "GTYPE": "C", "SIG": "Y", "ETN": 13, "STATUS": "EXP", "NWS_UGC": "NEZ082", "AREA_KM2": 1864.1795654296875, "UPDATED": "201804150304", "HV_NWSLI": null, "HV_SEV": null, "HV_CAUSE": null, "HV_REC": null, "EMERGENC": false, "POLY_BEG": null, "POLY_END": null, "WINDTAG": null, "HAILTAG": null, "TORNTAG": null, "DAMAGTAG": null, "PROD_ID": "201804141656-KGID-WWUS43-WSWGID", "FCSTER": "Heinlein" }, "geometry": { "type": "Polygon", "coordinates": [ [ [ -99.64, 40.35 ], [ -99.63, 40.35 ], [ -99.63, 40.32 ], [ -99.63, 40.31 ], [ -99.63, 40.25 ], [ -99.63, 40.23 ], [ -99.63, 40.18 ], [ -99.63, 40.16 ], [ -99.63, 40.13 ], [ -99.63, 40.12 ], [ -99.63, 40.1 ], [ -99.63, 40.09 ], [ -99.63, 40.07 ], [ -99.63, 40.03 ], [ -99.63, 40.0 ], [ -99.69, 40.0 ], [ -99.74, 40.0 ], [ -99.75, 40.0 ], [ -99.76, 40.0 ], [ -99.77, 40.0 ], [ -99.78, 40.0 ], [ -99.81, 40.0 ], [ -99.87, 40.0 ], [ -99.88, 40.0 ], [ -99.93, 40.0 ], [ -99.95, 40.0 ], [ -99.99, 40.0 ], [ -100.0, 40.0 ], [ -100.06, 40.0 ], [ -100.07, 40.0 ], [ -100.09, 40.0 ], [ -100.17, 40.0 ], [ -100.18, 40.0 ], [ -100.19, 40.0 ], [ -100.19, 40.03 ], [ -100.19, 40.08 ], [ -100.19, 40.09 ], [ -100.19, 40.1 ], [ -100.19, 40.12 ], [ -100.19, 40.13 ], [ -100.19, 40.16 ], [ -100.19, 40.17 ], [ -100.19, 40.18 ], [ -100.2, 40.24 ], [ -100.2, 40.28 ], [ -100.2, 40.3 ], [ -100.2, 40.32 ], [ -100.2, 40.33 ], [ -100.2, 40.35 ], [ -100.16, 40.35 ], [ -100.1, 40.35 ], [ -100.08, 40.35 ], [ -100.01, 40.35 ], [ -99.98, 40.35 ], [ -99.95, 40.35 ], [ -99.93, 40.35 ], [ -99.9, 40.35 ], [ -99.87, 40.35 ], [ -99.85, 40.35 ], [ -99.82, 40.35 ], [ -99.75, 40.35 ], [ -99.64, 40.35 ] ] ] } },
{ "type": "Feature", "properties": { "WFO": "GID", "ISSUED": "201804141656", "EXPIRED": "201804150300", "INIT_ISS": "201804141656", "INIT_EXP": "201804150000", "PHENOM": "WW", "GTYPE": "C", "SIG": "Y", "ETN": 13, "STATUS": "EXP", "NWS_UGC": "NEZ084", "AREA_KM2": 1490.38623046875, "UPDATED": "201804150304", "HV_NWSLI": null, "HV_SEV": null, "HV_CAUSE": null, "HV_REC": null, "EMERGENC": false, "POLY_BEG": null, "POLY_END": null, "WINDTAG": null, "HAILTAG": null, "TORNTAG": null, "DAMAGTAG": null, "PROD_ID": "201804141656-KGID-WWUS43-WSWGID", "FCSTER": "Heinlein" }, "geometry": { "type": "Polygon", "coordinates": [ [ [ -98.73, 40.35 ], [ -98.73, 40.3 ], [ -98.73, 40.25 ], [ -98.73, 40.21 ], [ -98.73, 40.18 ], [ -98.73, 40.12 ], [ -98.73, 40.1 ], [ -98.73, 40.09 ], [ -98.73, 40.08 ], [ -98.73, 40.02 ], [ -98.73, 40.0 ], [ -98.75, 40.0 ], [ -98.77, 40.0 ], [ -98.91, 40.0 ], [ -98.93, 40.0 ], [ -99.0, 40.0 ], [ -99.01, 40.0 ], [ -99.02, 40.0 ], [ -99.07, 40.0 ], [ -99.09, 40.0 ], [ -99.12, 40.0 ], [ -99.13, 40.0 ], [ -99.16, 40.0 ], [ -99.18, 40.0 ], [ -99.18, 40.06 ], [ -99.18, 40.08 ], [ -99.18, 40.1 ], [ -99.18, 40.18 ], [ -99.18, 40.21 ], [ -99.18, 40.23 ], [ -99.18, 40.24 ], [ -99.18, 40.25 ], [ -99.18, 40.28 ], [ -99.18, 40.31 ], [ -99.18, 40.35 ], [ -99.09, 40.35 ], [ -98.97, 40.35 ], [ -98.95, 40.35 ], [ -98.93, 40.35 ], [ -98.88, 40.35 ], [ -98.81, 40.35 ], [ -98.77, 40.35 ], [ -98.73, 40.35 ] ] ] } },
{ "type": "Feature", "properties": { "WFO": "DLH", "ISSUED": "201804141800", "EXPIRED": "201804160500", "INIT_ISS": "201804140900", "INIT_EXP": "201804160000", "PHENOM": "WS", "GTYPE": "C", "SIG": "W", "ETN": 12, "STATUS": "EXP", "NWS_UGC": "MNZ038", "AREA_KM2": 3706.325439453125, "UPDATED": "201804160505", "HV_NWSLI": null, "HV_SEV": null, "HV_CAUSE": null, "HV_REC": null, "EMERGENC": false, "POLY_BEG": null, "POLY_END": null, "WINDTAG": null, "HAILTAG": null, "TORNTAG": null, "DAMAGTAG": null, "PROD_ID": "201804140900-KDLH-WWUS43-WSWDLH", "FCSTER": "JTS" }, "geometry": { "type": "Polygon", "coordinates": [ [ [ -92.89, 46.42 ], [ -92.88, 46.42 ], [ -92.87, 46.42 ], [ -92.86, 46.42 ], [ -92.82, 46.42 ], [ -92.8, 46.42 ], [ -92.77, 46.42 ], [ -92.76, 46.42 ], [ -92.73, 46.42 ], [ -92.64, 46.42 ], [ -92.55, 46.42 ], [ -92.5, 46.42 ], [ -92.49, 46.42 ], [ -92.37, 46.42 ], [ -92.31, 46.42 ], [ -92.29, 46.42 ], [ -92.29, 46.32 ], [ -92.29, 46.31 ], [ -92.29, 46.3 ], [ -92.29, 46.28 ], [ -92.29, 46.25 ], [ -92.29, 46.23 ], [ -92.29, 46.19 ], [ -92.29, 46.16 ], [ -92.29, 46.11 ], [ -92.29, 46.1 ], [ -92.29, 46.08 ], [ -92.29, 46.07 ], [ -92.3, 46.07 ], [ -92.31, 46.07 ], [ -92.32, 46.07 ], [ -92.33, 46.07 ], [ -92.33, 46.06 ], [ -92.34, 46.06 ], [ -92.34, 46.05 ], [ -92.34, 46.04 ], [ -92.34, 46.03 ], [ -92.35, 46.03 ], [ -92.35, 46.02 ], [ -92.36, 46.01 ], [ -92.37, 46.01 ], [ -92.38, 46.02 ], [ -92.39, 46.02 ], [ -92.4, 46.02 ], [ -92.41, 46.03 ], [ -92.42, 46.03 ], [ -92.43, 46.02 ], [ -92.44, 46.02 ], [ -92.44, 46.01 ], [ -92.45, 46.01 ], [ -92.45, 46.0 ], [ -92.45, 45.99 ], [ -92.46, 45.99 ], [ -92.46, 45.98 ], [ -92.47, 45.97 ], [ -92.48, 45.97 ], [ -92.48, 45.98 ], [ -92.49, 45.98 ], [ -92.5, 45.98 ], [ -92.51, 45.98 ], [ -92.52, 45.98 ], [ -92.53, 45.98 ], [ -92.54, 45.98 ], [ -92.54, 45.97 ], [ -92.55, 45.97 ], [ -92.55, 45.96 ], [ -92.55, 45.95 ], [ -92.56, 45.95 ], [ -92.57, 45.95 ], [ -92.58, 45.95 ], [ -92.59, 45.94 ], [ -92.6, 45.94 ], [ -92.61, 45.94 ], [ -92.62, 45.93 ], [ -92.62, 45.94 ], [ -92.63, 45.93 ], [ -92.64, 45.93 ], [ -92.64, 45.92 ], [ -92.65, 45.92 ], [ -92.66, 45.92 ], [ -92.67, 45.92 ], [ -92.67, 45.91 ], [ -92.68, 45.91 ], [ -92.68, 45.9 ], [ -92.69, 45.9 ], [ -92.7, 45.9 ], [ -92.71, 45.9 ], [ -92.71, 45.89 ], [ -92.72, 45.89 ], [ -92.72, 45.88 ], [ -92.73, 45.88 ], [ -92.73, 45.87 ], [ -92.74, 45.87 ], [ -92.74, 45.86 ], [ -92.74, 45.85 ], [ -92.74, 45.84 ], [ -92.75, 45.84 ], [ -92.76, 45.84 ], [ -92.76, 45.83 ], [ -92.77, 45.83 ], [ -92.76, 45.82 ], [ -92.76, 45.81 ], [ -92.76, 45.8 ], [ -92.77, 45.8 ], [ -92.78, 45.79 ], [ -92.78, 45.78 ], [ -92.78, 45.77 ], [ -92.79, 45.76 ], [ -92.8, 45.75 ], [ -92.81, 45.75 ], [ -92.81, 45.74 ], [ -92.82, 45.74 ], [ -92.83, 45.74 ], [ -92.83, 45.73 ], [ -92.84, 45.73 ], [ -92.85, 45.73 ], [ -92.91, 45.73 ], [ -92.93, 45.73 ], [ -92.98, 45.73 ], [ -93.0, 45.73 ], [ -93.04, 45.73 ], [ -93.05, 45.73 ], [ -93.06, 45.73 ], [ -93.12, 45.73 ], [ -93.14, 45.73 ], [ -93.14, 45.74 ], [ -93.14, 45.75 ], [ -93.14, 45.79 ], [ -93.14, 45.85 ], [ -93.14, 45.87 ], [ -93.14, 45.9 ], [ -93.14, 45.92 ], [ -93.14, 45.93 ], [ -93.14, 45.96 ], [ -93.14, 45.98 ], [ -93.13, 45.98 ], [ -93.12, 45.98 ], [ -93.1, 45.98 ], [ -93.09, 45.98 ], [ -93.06, 45.98 ], [ -93.06, 46.01 ], [ -93.06, 46.05 ], [ -93.06, 46.07 ], [ -93.05, 46.14 ], [ -93.05, 46.15 ], [ -93.05, 46.16 ], [ -93.05, 46.17 ], [ -93.05, 46.18 ], [ -93.05, 46.23 ], [ -93.05, 46.25 ], [ -93.05, 46.32 ], [ -93.05, 46.34 ], [ -93.05, 46.37 ], [ -93.05, 46.39 ], [ -93.05, 46.42 ], [ -92.96, 46.42 ], [ -92.89, 46.42 ] ] ] } },
{ "type": "Feature", "properties": { "WFO": "ARX", "ISSUED": "201804141800", "EXPIRED": "201804160000", "INIT_ISS": "201804132104", "INIT_EXP": "201804160000", "PHENOM": "WW", "GTYPE": "C", "SIG": "Y", "ETN": 17, "STATUS": "EXP", "NWS_UGC": "IAZ029", "AREA_KM2": 1891.1092529296875, "UPDATED": "201804152359", "HV_NWSLI": null, "HV_SEV": null, "HV_CAUSE": null, "HV_REC": null, "EMERGENC": false, "POLY_BEG": null, "POLY_END": null, "WINDTAG": null, "HAILTAG": null, "TORNTAG": null, "DAMAGTAG": null, "PROD_ID": "201804132104-KARX-WWUS43-WSWARX", "FCSTER": "04/JM" }, "geometry": { "type": "Polygon", "coordinates": [ [ [ -92.08, 43.08 ], [ -91.99, 43.08 ], [ -91.92, 43.08 ], [ -91.86, 43.08 ], [ -91.79, 43.08 ], [ -91.77, 43.08 ], [ -91.72, 43.08 ], [ -91.68, 43.08 ], [ -91.67, 43.08 ], [ -91.65, 43.08 ], [ -91.62, 43.08 ], [ -91.61, 43.08 ], [ -91.61, 43.06 ], [ -91.61, 43.02 ], [ -91.61, 43.01 ], [ -91.61, 43.0 ], [ -91.61, 42.99 ], [ -91.61, 42.94 ], [ -91.61, 42.93 ], [ -91.61, 42.92 ], [ -91.61, 42.82 ], [ -91.61, 42.81 ], [ -91.61, 42.8 ], [ -91.61, 42.76 ], [ -91.61, 42.74 ], [ -91.61, 42.7 ], [ -91.61, 42.68 ], [ -91.61, 42.65 ], [ -91.61, 42.64 ], [ -91.64, 42.64 ], [ -91.69, 42.64 ], [ -91.71, 42.64 ], [ -91.75, 42.64 ], [ -91.81, 42.64 ], [ -91.82, 42.64 ], [ -91.85, 42.64 ], [ -91.88, 42.64 ], [ -91.89, 42.64 ], [ -91.9, 42.64 ], [ -91.91, 42.64 ], [ -91.93, 42.64 ], [ -91.94, 42.64 ], [ -91.95, 42.64 ], [ -91.96, 42.64 ], [ -92.0, 42.64 ], [ -92.08, 42.64 ], [ -92.08, 42.69 ], [ -92.08, 42.7 ], [ -92.08, 42.72 ], [ -92.08, 42.76 ], [ -92.08, 42.82 ], [ -92.08, 42.83 ], [ -92.08, 42.87 ], [ -92.08, 42.89 ], [ -92.08, 42.91 ], [ -92.08, 42.92 ], [ -92.08, 42.97 ], [ -92.08, 42.99 ], [ -92.08, 43.01 ], [ -92.08, 43.02 ], [ -92.08, 43.04 ], [ -92.08, 43.08 ] ] ] } },
{ "type": "Feature", "properties": { "WFO": "ARX", "ISSUED": "201804141800", "EXPIRED": "201804160000", "INIT_ISS": "201804132104", "INIT_EXP": "201804160000", "PHENOM": "WW", "GTYPE": "C", "SIG": "Y", "ETN": 17, "STATUS": "EXP", "NWS_UGC": "IAZ030", "AREA_KM2": 2049.746826171875, "UPDATED": "201804152359", "HV_NWSLI": null, "HV_SEV": null, "HV_CAUSE": null, "HV_REC": null, "EMERGENC": false, "POLY_BEG": null, "POLY_END": null, "WINDTAG": null, "HAILTAG": null, "TORNTAG": null, "DAMAGTAG": null, "PROD_ID": "201804132104-KARX-WWUS43-WSWARX", "FCSTER": "04/JM" }, "geometry": { "type": "Polygon", "coordinates": [ [ [ -91.52, 43.08 ], [ -91.49, 43.08 ], [ -91.43, 43.08 ], [ -91.33, 43.08 ], [ -91.31, 43.08 ], [ -91.3, 43.08 ], [ -91.27, 43.08 ], [ -91.25, 43.08 ], [ -91.22, 43.08 ], [ -91.18, 43.08 ], [ -91.18, 43.07 ], [ -91.18, 43.06 ], [ -91.18, 43.04 ], [ -91.17, 43.04 ], [ -91.17, 43.03 ], [ -91.17, 43.02 ], [ -91.16, 43.0 ], [ -91.16, 42.99 ], [ -91.16, 42.98 ], [ -91.15, 42.97 ], [ -91.15, 42.96 ], [ -91.15, 42.95 ], [ -91.15, 42.94 ], [ -91.15, 42.93 ], [ -91.14, 42.93 ], [ -91.14, 42.92 ], [ -91.15, 42.92 ], [ -91.15, 42.91 ], [ -91.14, 42.91 ], [ -91.14, 42.9 ], [ -91.13, 42.9 ], [ -91.12, 42.9 ], [ -91.11, 42.89 ], [ -91.1, 42.89 ], [ -91.1, 42.88 ], [ -91.1, 42.87 ], [ -91.1, 42.86 ], [ -91.09, 42.85 ], [ -91.09, 42.84 ], [ -91.1, 42.84 ], [ -91.09, 42.83 ], [ -91.08, 42.83 ], [ -91.08, 42.82 ], [ -91.08, 42.81 ], [ -91.08, 42.8 ], [ -91.07, 42.79 ], [ -91.07, 42.78 ], [ -91.07, 42.77 ], [ -91.06, 42.76 ], [ -91.07, 42.75 ], [ -91.06, 42.75 ], [ -91.05, 42.74 ], [ -91.04, 42.74 ], [ -91.03, 42.74 ], [ -91.03, 42.73 ], [ -91.03, 42.72 ], [ -91.02, 42.72 ], [ -91.01, 42.72 ], [ -91.0, 42.72 ], [ -90.99, 42.71 ], [ -90.99, 42.7 ], [ -90.98, 42.7 ], [ -90.97, 42.7 ], [ -90.97, 42.69 ], [ -90.96, 42.69 ], [ -90.95, 42.69 ], [ -90.95, 42.68 ], [ -90.94, 42.68 ], [ -90.93, 42.68 ], [ -90.92, 42.69 ], [ -90.92, 42.68 ], [ -90.91, 42.68 ], [ -90.9, 42.68 ], [ -90.9, 42.65 ], [ -90.97, 42.65 ], [ -91.01, 42.65 ], [ -91.03, 42.65 ], [ -91.04, 42.65 ], [ -91.13, 42.65 ], [ -91.21, 42.65 ], [ -91.23, 42.65 ], [ -91.28, 42.65 ], [ -91.38, 42.64 ], [ -91.41, 42.64 ], [ -91.42, 42.64 ], [ -91.43, 42.64 ], [ -91.45, 42.64 ], [ -91.46, 42.64 ], [ -91.47, 42.64 ], [ -91.49, 42.64 ], [ -91.54, 42.64 ], [ -91.55, 42.64 ], [ -91.61, 42.64 ], [ -91.61, 42.65 ], [ -91.61, 42.68 ], [ -91.61, 42.7 ], [ -91.61, 42.74 ], [ -91.61, 42.76 ], [ -91.61, 42.8 ], [ -91.61, 42.81 ], [ -91.61, 42.82 ], [ -91.61, 42.92 ], [ -91.61, 42.93 ], [ -91.61, 42.94 ], [ -91.61, 42.99 ], [ -91.61, 43.0 ], [ -91.61, 43.01 ], [ -91.61, 43.02 ], [ -91.61, 43.06 ], [ -91.61, 43.08 ], [ -91.52, 43.08 ] ] ] } },
{ "type": "Feature", "properties": { "WFO": "MPX", "ISSUED": "201804141800", "EXPIRED": "201804160500", "INIT_ISS": "201804132012", "INIT_EXP": "201804151200", "PHENOM": "WW", "GTYPE": "C", "SIG": "Y", "ETN": 18, "STATUS": "EXP", "NWS_UGC": "MNZ043", "AREA_KM2": 2979.83251953125, "UPDATED": "201804160457", "HV_NWSLI": null, "HV_SEV": null, "HV_CAUSE": null, "HV_REC": null, "EMERGENC": false, "POLY_BEG": null, "POLY_END": null, "WINDTAG": null, "HAILTAG": null, "TORNTAG": null, "DAMAGTAG": null, "PROD_ID": "201804132012-KMPX-WWUS43-WSWMPX", "FCSTER": "jrb" }, "geometry": { "type": "Polygon", "coordinates": [ [ [ -94.65, 46.34 ], [ -94.64, 46.34 ], [ -94.63, 46.34 ], [ -94.63, 46.33 ], [ -94.62, 46.33 ], [ -94.61, 46.32 ], [ -94.61, 46.33 ], [ -94.6, 46.33 ], [ -94.59, 46.33 ], [ -94.59, 46.32 ], [ -94.58, 46.32 ], [ -94.57, 46.32 ], [ -94.57, 46.31 ], [ -94.56, 46.31 ], [ -94.55, 46.31 ], [ -94.55, 46.3 ], [ -94.54, 46.3 ], [ -94.53, 46.3 ], [ -94.52, 46.31 ], [ -94.51, 46.31 ], [ -94.5, 46.31 ], [ -94.5, 46.32 ], [ -94.49, 46.31 ], [ -94.48, 46.32 ], [ -94.47, 46.32 ], [ -94.47, 46.33 ], [ -94.46, 46.33 ], [ -94.45, 46.33 ], [ -94.44, 46.33 ], [ -94.43, 46.33 ], [ -94.42, 46.33 ], [ -94.41, 46.33 ], [ -94.41, 46.32 ], [ -94.4, 46.32 ], [ -94.4, 46.31 ], [ -94.39, 46.31 ], [ -94.39, 46.3 ], [ -94.38, 46.31 ], [ -94.38, 46.3 ], [ -94.37, 46.3 ], [ -94.36, 46.3 ], [ -94.35, 46.3 ], [ -94.35, 46.29 ], [ -94.34, 46.29 ], [ -94.35, 46.28 ], [ -94.34, 46.28 ], [ -94.34, 46.27 ], [ -94.35, 46.27 ], [ -94.35, 46.26 ], [ -94.36, 46.25 ], [ -94.37, 46.25 ], [ -94.37, 46.24 ], [ -94.38, 46.24 ], [ -94.39, 46.24 ], [ -94.39, 46.23 ], [ -94.39, 46.22 ], [ -94.4, 46.21 ], [ -94.39, 46.21 ], [ -94.39, 46.2 ], [ -94.38, 46.19 ], [ -94.37, 46.19 ], [ -94.37, 46.18 ], [ -94.37, 46.17 ], [ -94.37, 46.16 ], [ -94.36, 46.16 ], [ -94.35, 46.16 ], [ -94.31, 46.16 ], [ -94.3, 46.16 ], [ -94.24, 46.16 ], [ -94.22, 46.16 ], [ -94.2, 46.16 ], [ -94.17, 46.16 ], [ -94.15, 46.16 ], [ -94.1, 46.16 ], [ -94.06, 46.16 ], [ -94.01, 46.16 ], [ -94.0, 46.16 ], [ -93.97, 46.16 ], [ -93.93, 46.16 ], [ -93.91, 46.16 ], [ -93.9, 46.16 ], [ -93.88, 46.16 ], [ -93.86, 46.16 ], [ -93.83, 46.16 ], [ -93.81, 46.16 ], [ -93.81, 46.15 ], [ -93.81, 46.14 ], [ -93.81, 46.12 ], [ -93.81, 46.08 ], [ -93.81, 46.03 ], [ -93.81, 45.98 ], [ -93.77, 45.98 ], [ -93.77, 45.95 ], [ -93.77, 45.94 ], [ -93.77, 45.92 ], [ -93.77, 45.91 ], [ -93.77, 45.88 ], [ -93.77, 45.86 ], [ -93.76, 45.82 ], [ -93.83, 45.82 ], [ -93.85, 45.82 ], [ -93.87, 45.82 ], [ -93.88, 45.82 ], [ -93.89, 45.82 ], [ -93.9, 45.82 ], [ -93.93, 45.82 ], [ -93.94, 45.82 ], [ -93.99, 45.82 ], [ -94.01, 45.82 ], [ -94.07, 45.82 ], [ -94.12, 45.82 ], [ -94.18, 45.82 ], [ -94.21, 45.82 ], [ -94.3, 45.82 ], [ -94.35, 45.82 ], [ -94.34, 45.81 ], [ -94.33, 45.8 ], [ -94.32, 45.8 ], [ -94.31, 45.8 ], [ -94.31, 45.79 ], [ -94.3, 45.79 ], [ -94.3, 45.78 ], [ -94.32, 45.78 ], [ -94.37, 45.78 ], [ -94.39, 45.78 ], [ -94.44, 45.78 ], [ -94.45, 45.78 ], [ -94.48, 45.78 ], [ -94.48, 45.77 ], [ -94.51, 45.77 ], [ -94.54, 45.77 ], [ -94.56, 45.77 ], [ -94.57, 45.77 ], [ -94.58, 45.77 ], [ -94.59, 45.77 ], [ -94.61, 45.77 ], [ -94.64, 45.77 ], [ -94.64, 45.81 ], [ -94.64, 45.85 ], [ -94.64, 45.86 ], [ -94.64, 45.87 ], [ -94.64, 45.89 ], [ -94.64, 45.9 ], [ -94.64, 45.91 ], [ -94.64, 45.92 ], [ -94.64, 45.93 ], [ -94.65, 45.93 ], [ -94.65, 45.96 ], [ -94.65, 46.0 ], [ -94.65, 46.02 ], [ -94.65, 46.05 ], [ -94.65, 46.06 ], [ -94.65, 46.09 ], [ -94.65, 46.14 ], [ -94.65, 46.16 ], [ -94.65, 46.17 ], [ -94.65, 46.19 ], [ -94.65, 46.24 ], [ -94.65, 46.25 ], [ -94.65, 46.28 ], [ -94.65, 46.3 ], [ -94.65, 46.32 ], [ -94.65, 46.34 ] ] ] } },
{ "type": "Feature", "properties": { "WFO": "ARX", "ISSUED": "201804141800", "EXPIRED": "201804160300", "INIT_ISS": "201804132104", "INIT_EXP": "201804151800", "PHENOM": "WS", "GTYPE": "C", "SIG": "W", "ETN": 8, "STATUS": "EXP", "NWS_UGC": "MNZ079", "AREA_KM2": 1421.1058349609375, "UPDATED": "201804160258", "HV_NWSLI": null, "HV_SEV": null, "HV_CAUSE": null, "HV_REC": null, "EMERGENC": false, "POLY_BEG": null, "POLY_END": null, "WINDTAG": null, "HAILTAG": null, "TORNTAG": null, "DAMAGTAG": null, "PROD_ID": "201804132104-KARX-WWUS43-WSWARX", "FCSTER": "04/JM" }, "geometry": { "type": "Polygon", "coordinates": [ [ [ -92.41, 44.46 ], [ -92.4, 44.46 ], [ -92.32, 44.45 ], [ -92.25, 44.45 ], [ -92.24, 44.45 ], [ -92.23, 44.45 ], [ -92.23, 44.44 ], [ -92.22, 44.44 ], [ -92.21, 44.44 ], [ -92.2, 44.43 ], [ -92.17, 44.43 ], [ -92.16, 44.43 ], [ -92.14, 44.42 ], [ -92.12, 44.42 ], [ -92.11, 44.42 ], [ -92.11, 44.41 ], [ -92.1, 44.41 ], [ -92.08, 44.41 ], [ -92.08, 44.4 ], [ -92.07, 44.4 ], [ -92.06, 44.4 ], [ -92.05, 44.4 ], [ -92.05, 44.39 ], [ -92.04, 44.39 ], [ -92.03, 44.39 ], [ -92.02, 44.38 ], [ -92.01, 44.38 ], [ -92.0, 44.38 ], [ -91.99, 44.37 ], [ -91.98, 44.37 ], [ -91.97, 44.37 ], [ -91.97, 44.36 ], [ -91.96, 44.36 ], [ -91.95, 44.35 ], [ -91.94, 44.34 ], [ -91.93, 44.34 ], [ -91.92, 44.33 ], [ -91.92, 44.32 ], [ -91.91, 44.31 ], [ -91.92, 44.3 ], [ -91.92, 44.29 ], [ -91.91, 44.28 ], [ -91.9, 44.28 ], [ -91.9, 44.27 ], [ -91.89, 44.26 ], [ -91.89, 44.25 ], [ -91.89, 44.24 ], [ -91.89, 44.23 ], [ -91.88, 44.22 ], [ -91.88, 44.21 ], [ -91.88, 44.2 ], [ -91.87, 44.2 ], [ -91.86, 44.19 ], [ -91.9, 44.19 ], [ -91.92, 44.19 ], [ -91.95, 44.19 ], [ -92.08, 44.19 ], [ -92.08, 44.18 ], [ -92.08, 44.15 ], [ -92.08, 44.13 ], [ -92.08, 44.12 ], [ -92.08, 44.11 ], [ -92.13, 44.11 ], [ -92.27, 44.11 ], [ -92.32, 44.11 ], [ -92.32, 44.19 ], [ -92.34, 44.19 ], [ -92.35, 44.19 ], [ -92.38, 44.19 ], [ -92.42, 44.19 ], [ -92.44, 44.19 ], [ -92.46, 44.19 ], [ -92.49, 44.19 ], [ -92.5, 44.19 ], [ -92.51, 44.19 ], [ -92.52, 44.19 ], [ -92.54, 44.19 ], [ -92.55, 44.19 ], [ -92.55, 44.27 ], [ -92.55, 44.29 ], [ -92.55, 44.31 ], [ -92.55, 44.33 ], [ -92.55, 44.37 ], [ -92.5, 44.37 ], [ -92.44, 44.37 ], [ -92.43, 44.37 ], [ -92.43, 44.45 ], [ -92.43, 44.46 ], [ -92.42, 44.46 ], [ -92.41, 44.46 ] ] ] } },
{ "type": "Feature", "properties": { "WFO": "ARX", "ISSUED": "201804141800", "EXPIRED": "201804160000", "INIT_ISS": "201804132104", "INIT_EXP": "201804151800", "PHENOM": "WS", "GTYPE": "C", "SIG": "W", "ETN": 8, "STATUS": "EXP", "NWS_UGC": "MNZ088", "AREA_KM2": 1658.4879150390625, "UPDATED": "201804152359", "HV_NWSLI": null, "HV_SEV": null, "HV_CAUSE": null, "HV_REC": null, "EMERGENC": false, "POLY_BEG": null, "POLY_END": null, "WINDTAG": null, "HAILTAG": null, "TORNTAG": null, "DAMAGTAG": null, "PROD_ID": "201804132104-KARX-WWUS43-WSWARX", "FCSTER": "04/JM" }, "geometry": { "type": "Polygon", "coordinates": [ [ [ -91.86, 44.19 ], [ -91.85, 44.19 ], [ -91.84, 44.18 ], [ -91.83, 44.18 ], [ -91.82, 44.16 ], [ -91.81, 44.16 ], [ -91.8, 44.15 ], [ -91.78, 44.15 ], [ -91.77, 44.15 ], [ -91.77, 44.14 ], [ -91.76, 44.14 ], [ -91.75, 44.14 ], [ -91.75, 44.13 ], [ -91.74, 44.13 ], [ -91.73, 44.13 ], [ -91.72, 44.13 ], [ -91.71, 44.12 ], [ -91.71, 44.11 ], [ -91.71, 44.1 ], [ -91.7, 44.1 ], [ -91.69, 44.1 ], [ -91.68, 44.1 ], [ -91.67, 44.09 ], [ -91.66, 44.08 ], [ -91.66, 44.07 ], [ -91.65, 44.07 ], [ -91.65, 44.06 ], [ -91.64, 44.06 ], [ -91.63, 44.06 ], [ -91.62, 44.05 ], [ -91.61, 44.05 ], [ -91.6, 44.04 ], [ -91.6, 44.03 ], [ -91.59, 44.03 ], [ -91.58, 44.03 ], [ -91.57, 44.03 ], [ -91.56, 44.03 ], [ -91.56, 44.02 ], [ -91.55, 44.02 ], [ -91.53, 44.02 ], [ -91.52, 44.02 ], [ -91.51, 44.02 ], [ -91.5, 44.02 ], [ -91.5, 44.01 ], [ -91.49, 44.01 ], [ -91.48, 44.01 ], [ -91.47, 44.01 ], [ -91.46, 44.01 ], [ -91.45, 44.01 ], [ -91.44, 44.0 ], [ -91.43, 44.0 ], [ -91.43, 43.99 ], [ -91.42, 43.98 ], [ -91.41, 43.97 ], [ -91.41, 43.96 ], [ -91.4, 43.96 ], [ -91.39, 43.96 ], [ -91.39, 43.95 ], [ -91.38, 43.94 ], [ -91.37, 43.94 ], [ -91.36, 43.93 ], [ -91.36, 43.92 ], [ -91.35, 43.92 ], [ -91.35, 43.91 ], [ -91.34, 43.91 ], [ -91.34, 43.9 ], [ -91.33, 43.9 ], [ -91.33, 43.89 ], [ -91.32, 43.89 ], [ -91.32, 43.88 ], [ -91.31, 43.88 ], [ -91.31, 43.87 ], [ -91.31, 43.86 ], [ -91.3, 43.86 ], [ -91.29, 43.85 ], [ -91.35, 43.85 ], [ -91.36, 43.85 ], [ -91.38, 43.85 ], [ -91.49, 43.85 ], [ -91.5, 43.85 ], [ -91.63, 43.85 ], [ -91.72, 43.85 ], [ -91.73, 43.85 ], [ -91.74, 43.85 ], [ -91.75, 43.85 ], [ -91.79, 43.85 ], [ -91.8, 43.85 ], [ -91.83, 43.85 ], [ -91.87, 43.85 ], [ -91.88, 43.85 ], [ -91.91, 43.85 ], [ -91.92, 43.85 ], [ -91.96, 43.85 ], [ -92.07, 43.85 ], [ -92.08, 43.85 ], [ -92.08, 43.89 ], [ -92.08, 43.93 ], [ -92.08, 43.95 ], [ -92.08, 43.98 ], [ -92.08, 44.01 ], [ -92.08, 44.02 ], [ -92.08, 44.03 ], [ -92.08, 44.05 ], [ -92.08, 44.11 ], [ -92.08, 44.12 ], [ -92.08, 44.13 ], [ -92.08, 44.15 ], [ -92.08, 44.18 ], [ -92.08, 44.19 ], [ -91.95, 44.19 ], [ -91.92, 44.19 ], [ -91.9, 44.19 ], [ -91.86, 44.19 ] ] ] } },
{ "type": "Feature", "properties": { "WFO": "ARX", "ISSUED": "201804141800", "EXPIRED": "201804160000", "INIT_ISS": "201804132104", "INIT_EXP": "201804160000", "PHENOM": "WW", "GTYPE": "C", "SIG": "Y", "ETN": 17, "STATUS": "EXP", "NWS_UGC": "IAZ019", "AREA_KM2": 1306.843017578125, "UPDATED": "201804152359", "HV_NWSLI": null, "HV_SEV": null, "HV_CAUSE": null, "HV_REC": null, "EMERGENC": false, "POLY_BEG": null, "POLY_END": null, "WINDTAG": null, "HAILTAG": null, "TORNTAG": null, "DAMAGTAG": null, "PROD_ID": "201804132104-KARX-WWUS43-WSWARX", "FCSTER": "04/JM" }, "geometry": { "type": "Polygon", "coordinates": [ [ [ -92.26, 43.21 ], [ -92.24, 43.21 ], [ -92.18, 43.21 ], [ -92.12, 43.21 ], [ -92.09, 43.21 ], [ -92.08, 43.21 ], [ -92.08, 43.17 ], [ -92.08, 43.16 ], [ -92.08, 43.13 ], [ -92.08, 43.12 ], [ -92.08, 43.1 ], [ -92.08, 43.08 ], [ -92.08, 43.04 ], [ -92.08, 43.02 ], [ -92.08, 43.01 ], [ -92.08, 42.99 ], [ -92.08, 42.97 ], [ -92.08, 42.92 ], [ -92.08, 42.91 ], [ -92.15, 42.91 ], [ -92.23, 42.91 ], [ -92.31, 42.91 ], [ -92.32, 42.91 ], [ -92.44, 42.91 ], [ -92.49, 42.91 ], [ -92.5, 42.91 ], [ -92.55, 42.91 ], [ -92.55, 42.92 ], [ -92.55, 42.96 ], [ -92.55, 42.97 ], [ -92.55, 43.0 ], [ -92.55, 43.01 ], [ -92.55, 43.12 ], [ -92.55, 43.17 ], [ -92.55, 43.18 ], [ -92.55, 43.21 ], [ -92.53, 43.21 ], [ -92.51, 43.21 ], [ -92.48, 43.21 ], [ -92.46, 43.21 ], [ -92.43, 43.21 ], [ -92.41, 43.21 ], [ -92.37, 43.21 ], [ -92.36, 43.21 ], [ -92.32, 43.21 ], [ -92.3, 43.21 ], [ -92.28, 43.21 ], [ -92.26, 43.21 ] ] ] } },
{ "type": "Feature", "properties": { "WFO": "OAX", "ISSUED": "201804141906", "EXPIRED": "201804150500", "INIT_ISS": "201804141906", "INIT_EXP": "201804150300", "PHENOM": "WW", "GTYPE": "C", "SIG": "Y", "ETN": 18, "STATUS": "EXP", "NWS_UGC": "NEZ065", "AREA_KM2": 1489.302490234375, "UPDATED": "201804150435", "HV_NWSLI": null, "HV_SEV": null, "HV_CAUSE": null, "HV_REC": null, "EMERGENC": false, "POLY_BEG": null, "POLY_END": null, "WINDTAG": null, "HAILTAG": null, "TORNTAG": null, "DAMAGTAG": null, "PROD_ID": "201804141906-KOAX-WWUS43-WSWOAX", "FCSTER": null }, "geometry": { "type": "Polygon", "coordinates": [ [ [ -96.91, 41.05 ], [ -96.91, 41.04 ], [ -96.91, 40.99 ], [ -96.91, 40.97 ], [ -96.91, 40.9 ], [ -96.91, 40.86 ], [ -96.91, 40.81 ], [ -96.91, 40.77 ], [ -96.91, 40.76 ], [ -96.91, 40.73 ], [ -96.91, 40.71 ], [ -96.91, 40.7 ], [ -97.0, 40.7 ], [ -97.03, 40.7 ], [ -97.08, 40.7 ], [ -97.09, 40.7 ], [ -97.12, 40.7 ], [ -97.13, 40.7 ], [ -97.22, 40.7 ], [ -97.36, 40.7 ], [ -97.37, 40.7 ], [ -97.37, 40.77 ], [ -97.37, 40.86 ], [ -97.37, 40.92 ], [ -97.37, 40.93 ], [ -97.37, 40.95 ], [ -97.37, 40.97 ], [ -97.37, 40.99 ], [ -97.37, 41.0 ], [ -97.37, 41.05 ], [ -97.35, 41.05 ], [ -97.31, 41.05 ], [ -97.24, 41.05 ], [ -97.22, 41.05 ], [ -97.0, 41.05 ], [ -96.94, 41.05 ], [ -96.93, 41.05 ], [ -96.91, 41.05 ] ] ] } },
{ "type": "Feature", "properties": { "WFO": "OAX", "ISSUED": "201804141906", "EXPIRED": "201804150500", "INIT_ISS": "201804141906", "INIT_EXP": "201804150300", "PHENOM": "WW", "GTYPE": "C", "SIG": "Y", "ETN": 18, "STATUS": "EXP", "NWS_UGC": "IAZ043", "AREA_KM2": 1807.2987060546875, "UPDATED": "201804150435", "HV_NWSLI": null, "HV_SEV": null, "HV_CAUSE": null, "HV_REC": null, "EMERGENC": false, "POLY_BEG": null, "POLY_END": null, "WINDTAG": null, "HAILTAG": null, "TORNTAG": null, "DAMAGTAG": null, "PROD_ID": "201804141906-KOAX-WWUS43-WSWOAX", "FCSTER": null }, "geometry": { "type": "Polygon", "coordinates": [ [ [ -95.67, 42.21 ], [ -95.67, 42.19 ], [ -95.67, 42.17 ], [ -95.67, 42.16 ], [ -95.67, 42.14 ], [ -95.67, 42.13 ], [ -95.67, 42.05 ], [ -95.67, 42.04 ], [ -95.67, 41.95 ], [ -95.67, 41.94 ], [ -95.67, 41.92 ], [ -95.67, 41.88 ], [ -95.67, 41.86 ], [ -95.69, 41.86 ], [ -95.77, 41.86 ], [ -95.81, 41.86 ], [ -95.82, 41.86 ], [ -95.85, 41.86 ], [ -95.95, 41.86 ], [ -95.99, 41.86 ], [ -96.02, 41.86 ], [ -96.07, 41.86 ], [ -96.09, 41.87 ], [ -96.13, 41.87 ], [ -96.14, 41.87 ], [ -96.15, 41.88 ], [ -96.15, 41.89 ], [ -96.16, 41.9 ], [ -96.16, 41.91 ], [ -96.15, 41.91 ], [ -96.14, 41.92 ], [ -96.14, 41.93 ], [ -96.14, 41.94 ], [ -96.14, 41.95 ], [ -96.13, 41.95 ], [ -96.13, 41.96 ], [ -96.13, 41.97 ], [ -96.14, 41.98 ], [ -96.16, 41.98 ], [ -96.17, 41.98 ], [ -96.18, 41.98 ], [ -96.19, 41.98 ], [ -96.19, 41.99 ], [ -96.18, 42.0 ], [ -96.19, 42.01 ], [ -96.2, 42.01 ], [ -96.21, 42.01 ], [ -96.22, 42.0 ], [ -96.23, 41.99 ], [ -96.23, 42.0 ], [ -96.24, 42.0 ], [ -96.24, 42.01 ], [ -96.23, 42.02 ], [ -96.22, 42.02 ], [ -96.22, 42.03 ], [ -96.23, 42.04 ], [ -96.24, 42.04 ], [ -96.25, 42.04 ], [ -96.26, 42.04 ], [ -96.27, 42.04 ], [ -96.27, 42.05 ], [ -96.28, 42.05 ], [ -96.28, 42.06 ], [ -96.28, 42.07 ], [ -96.28, 42.08 ], [ -96.27, 42.09 ], [ -96.27, 42.1 ], [ -96.27, 42.11 ], [ -96.27, 42.12 ], [ -96.28, 42.12 ], [ -96.29, 42.13 ], [ -96.3, 42.13 ], [ -96.31, 42.13 ], [ -96.31, 42.14 ], [ -96.32, 42.14 ], [ -96.32, 42.15 ], [ -96.33, 42.15 ], [ -96.34, 42.16 ], [ -96.35, 42.17 ], [ -96.35, 42.18 ], [ -96.35, 42.19 ], [ -96.35, 42.2 ], [ -96.36, 42.21 ], [ -96.35, 42.22 ], [ -96.34, 42.21 ], [ -96.27, 42.21 ], [ -96.17, 42.21 ], [ -96.14, 42.21 ], [ -96.13, 42.21 ], [ -96.1, 42.21 ], [ -96.06, 42.21 ], [ -96.02, 42.21 ], [ -95.96, 42.21 ], [ -95.94, 42.21 ], [ -95.92, 42.21 ], [ -95.91, 42.21 ], [ -95.9, 42.21 ], [ -95.89, 42.21 ], [ -95.86, 42.21 ], [ -95.82, 42.21 ], [ -95.81, 42.21 ], [ -95.8, 42.21 ], [ -95.79, 42.21 ], [ -95.78, 42.21 ], [ -95.76, 42.21 ], [ -95.75, 42.21 ], [ -95.7, 42.21 ], [ -95.69, 42.21 ], [ -95.68, 42.21 ], [ -95.67, 42.21 ] ] ] } },
{ "type": "Feature", "properties": { "WFO": "OAX", "ISSUED": "201804141906", "EXPIRED": "201804150500", "INIT_ISS": "201804141906", "INIT_EXP": "201804150300", "PHENOM": "WW", "GTYPE": "C", "SIG": "Y", "ETN": 18, "STATUS": "EXP", "NWS_UGC": "NEZ051", "AREA_KM2": 1962.840576171875, "UPDATED": "201804150435", "HV_NWSLI": null, "HV_SEV": null, "HV_CAUSE": null, "HV_REC": null, "EMERGENC": false, "POLY_BEG": null, "POLY_END": null, "WINDTAG": null, "HAILTAG": null, "TORNTAG": null, "DAMAGTAG": null, "PROD_ID": "201804141906-KOAX-WWUS43-WSWOAX", "FCSTER": null }, "geometry": { "type": "Polygon", "coordinates": [ [ [ -96.49, 41.39 ], [ -96.48, 41.39 ], [ -96.47, 41.39 ], [ -96.46, 41.39 ], [ -96.46, 41.38 ], [ -96.45, 41.37 ], [ -96.44, 41.37 ], [ -96.43, 41.37 ], [ -96.42, 41.37 ], [ -96.42, 41.36 ], [ -96.41, 41.35 ], [ -96.41, 41.34 ], [ -96.41, 41.33 ], [ -96.41, 41.32 ], [ -96.41, 41.31 ], [ -96.4, 41.31 ], [ -96.39, 41.31 ], [ -96.39, 41.3 ], [ -96.38, 41.3 ], [ -96.37, 41.29 ], [ -96.36, 41.28 ], [ -96.35, 41.27 ], [ -96.35, 41.26 ], [ -96.36, 41.25 ], [ -96.36, 41.24 ], [ -96.37, 41.23 ], [ -96.36, 41.23 ], [ -96.36, 41.22 ], [ -96.36, 41.21 ], [ -96.35, 41.21 ], [ -96.35, 41.2 ], [ -96.34, 41.2 ], [ -96.33, 41.2 ], [ -96.33, 41.19 ], [ -96.32, 41.19 ], [ -96.32, 41.18 ], [ -96.32, 41.17 ], [ -96.32, 41.16 ], [ -96.32, 41.15 ], [ -96.32, 41.14 ], [ -96.32, 41.13 ], [ -96.32, 41.12 ], [ -96.31, 41.12 ], [ -96.31, 41.11 ], [ -96.32, 41.11 ], [ -96.33, 41.1 ], [ -96.34, 41.1 ], [ -96.34, 41.09 ], [ -96.34, 41.08 ], [ -96.33, 41.07 ], [ -96.33, 41.06 ], [ -96.32, 41.05 ], [ -96.33, 41.05 ], [ -96.35, 41.04 ], [ -96.35, 41.03 ], [ -96.35, 41.02 ], [ -96.37, 41.02 ], [ -96.46, 41.02 ], [ -96.46, 41.04 ], [ -96.46, 41.05 ], [ -96.56, 41.05 ], [ -96.62, 41.05 ], [ -96.63, 41.05 ], [ -96.65, 41.05 ], [ -96.7, 41.05 ], [ -96.73, 41.05 ], [ -96.81, 41.05 ], [ -96.83, 41.05 ], [ -96.85, 41.05 ], [ -96.87, 41.05 ], [ -96.91, 41.05 ], [ -96.91, 41.12 ], [ -96.91, 41.13 ], [ -96.91, 41.18 ], [ -96.91, 41.22 ], [ -96.91, 41.23 ], [ -96.91, 41.26 ], [ -96.91, 41.27 ], [ -96.91, 41.29 ], [ -96.91, 41.31 ], [ -96.91, 41.34 ], [ -96.91, 41.35 ], [ -96.91, 41.37 ], [ -96.91, 41.38 ], [ -96.91, 41.39 ], [ -96.91, 41.4 ], [ -96.91, 41.45 ], [ -96.9, 41.45 ], [ -96.89, 41.45 ], [ -96.88, 41.45 ], [ -96.87, 41.45 ], [ -96.86, 41.45 ], [ -96.85, 41.45 ], [ -96.84, 41.44 ], [ -96.84, 41.45 ], [ -96.83, 41.45 ], [ -96.83, 41.44 ], [ -96.82, 41.44 ], [ -96.81, 41.44 ], [ -96.8, 41.44 ], [ -96.79, 41.45 ], [ -96.78, 41.45 ], [ -96.77, 41.45 ], [ -96.76, 41.45 ], [ -96.75, 41.45 ], [ -96.75, 41.44 ], [ -96.74, 41.44 ], [ -96.73, 41.44 ], [ -96.73, 41.43 ], [ -96.72, 41.43 ], [ -96.71, 41.43 ], [ -96.7, 41.43 ], [ -96.69, 41.43 ], [ -96.67, 41.43 ], [ -96.65, 41.43 ], [ -96.64, 41.43 ], [ -96.63, 41.43 ], [ -96.62, 41.43 ], [ -96.61, 41.43 ], [ -96.6, 41.43 ], [ -96.58, 41.43 ], [ -96.57, 41.43 ], [ -96.56, 41.43 ], [ -96.55, 41.42 ], [ -96.54, 41.42 ], [ -96.53, 41.42 ], [ -96.52, 41.41 ], [ -96.51, 41.41 ], [ -96.51, 41.4 ], [ -96.5, 41.4 ], [ -96.49, 41.39 ] ] ] } },
{ "type": "Feature", "properties": { "WFO": "OAX", "ISSUED": "201804141906", "EXPIRED": "201804150500", "INIT_ISS": "201804141906", "INIT_EXP": "201804150300", "PHENOM": "WW", "GTYPE": "C", "SIG": "Y", "ETN": 18, "STATUS": "EXP", "NWS_UGC": "NEZ044", "AREA_KM2": 1406.58154296875, "UPDATED": "201804150435", "HV_NWSLI": null, "HV_SEV": null, "HV_CAUSE": null, "HV_REC": null, "EMERGENC": false, "POLY_BEG": null, "POLY_END": null, "WINDTAG": null, "HAILTAG": null, "TORNTAG": null, "DAMAGTAG": null, "PROD_ID": "201804141906-KOAX-WWUS43-WSWOAX", "FCSTER": null }, "geometry": { "type": "Polygon", "coordinates": [ [ [ -96.56, 41.74 ], [ -96.5, 41.74 ], [ -96.49, 41.74 ], [ -96.44, 41.74 ], [ -96.44, 41.72 ], [ -96.44, 41.68 ], [ -96.44, 41.65 ], [ -96.44, 41.63 ], [ -96.44, 41.62 ], [ -96.44, 41.61 ], [ -96.44, 41.6 ], [ -96.44, 41.54 ], [ -96.44, 41.53 ], [ -96.44, 41.52 ], [ -96.43, 41.52 ], [ -96.43, 41.5 ], [ -96.43, 41.49 ], [ -96.43, 41.48 ], [ -96.42, 41.48 ], [ -96.41, 41.48 ], [ -96.41, 41.47 ], [ -96.39, 41.47 ], [ -96.39, 41.45 ], [ -96.37, 41.45 ], [ -96.37, 41.44 ], [ -96.36, 41.44 ], [ -96.35, 41.44 ], [ -96.33, 41.44 ], [ -96.33, 41.41 ], [ -96.33, 41.39 ], [ -96.36, 41.39 ], [ -96.42, 41.39 ], [ -96.44, 41.39 ], [ -96.45, 41.39 ], [ -96.46, 41.39 ], [ -96.47, 41.39 ], [ -96.48, 41.39 ], [ -96.49, 41.39 ], [ -96.5, 41.4 ], [ -96.51, 41.4 ], [ -96.51, 41.41 ], [ -96.52, 41.41 ], [ -96.53, 41.42 ], [ -96.54, 41.42 ], [ -96.55, 41.42 ], [ -96.56, 41.43 ], [ -96.57, 41.43 ], [ -96.58, 41.43 ], [ -96.6, 41.43 ], [ -96.61, 41.43 ], [ -96.62, 41.43 ], [ -96.63, 41.43 ], [ -96.64, 41.43 ], [ -96.65, 41.43 ], [ -96.67, 41.43 ], [ -96.69, 41.43 ], [ -96.7, 41.43 ], [ -96.71, 41.43 ], [ -96.72, 41.43 ], [ -96.73, 41.43 ], [ -96.73, 41.44 ], [ -96.74, 41.44 ], [ -96.75, 41.44 ], [ -96.75, 41.45 ], [ -96.76, 41.45 ], [ -96.77, 41.45 ], [ -96.78, 41.45 ], [ -96.79, 41.45 ], [ -96.8, 41.44 ], [ -96.81, 41.44 ], [ -96.82, 41.44 ], [ -96.83, 41.44 ], [ -96.83, 41.45 ], [ -96.84, 41.45 ], [ -96.84, 41.44 ], [ -96.85, 41.45 ], [ -96.86, 41.45 ], [ -96.87, 41.45 ], [ -96.88, 41.45 ], [ -96.89, 41.45 ], [ -96.9, 41.45 ], [ -96.91, 41.45 ], [ -96.91, 41.46 ], [ -96.91, 41.5 ], [ -96.91, 41.54 ], [ -96.91, 41.55 ], [ -96.91, 41.58 ], [ -96.91, 41.62 ], [ -96.91, 41.64 ], [ -96.91, 41.66 ], [ -96.91, 41.67 ], [ -96.91, 41.7 ], [ -96.91, 41.74 ], [ -96.9, 41.74 ], [ -96.87, 41.74 ], [ -96.78, 41.74 ], [ -96.74, 41.74 ], [ -96.72, 41.74 ], [ -96.67, 41.74 ], [ -96.56, 41.74 ] ] ] } },
{ "type": "Feature", "properties": { "WFO": "OAX", "ISSUED": "201804141906", "EXPIRED": "201804150500", "INIT_ISS": "201804141906", "INIT_EXP": "201804150300", "PHENOM": "WW", "GTYPE": "C", "SIG": "Y", "ETN": 18, "STATUS": "EXP", "NWS_UGC": "NEZ034", "AREA_KM2": 1285.4111328125, "UPDATED": "201804150435", "HV_NWSLI": null, "HV_SEV": null, "HV_CAUSE": null, "HV_REC": null, "EMERGENC": false, "POLY_BEG": null, "POLY_END": null, "WINDTAG": null, "HAILTAG": null, "TORNTAG": null, "DAMAGTAG": null, "PROD_ID": "201804141906-KOAX-WWUS43-WSWOAX", "FCSTER": null }, "geometry": { "type": "Polygon", "coordinates": [ [ [ -96.14, 41.87 ], [ -96.13, 41.86 ], [ -96.12, 41.86 ], [ -96.11, 41.85 ], [ -96.11, 41.84 ], [ -96.11, 41.83 ], [ -96.11, 41.82 ], [ -96.1, 41.82 ], [ -96.1, 41.81 ], [ -96.09, 41.81 ], [ -96.08, 41.81 ], [ -96.07, 41.81 ], [ -96.07, 41.8 ], [ -96.06, 41.8 ], [ -96.06, 41.79 ], [ -96.07, 41.79 ], [ -96.07, 41.78 ], [ -96.08, 41.78 ], [ -96.08, 41.77 ], [ -96.08, 41.76 ], [ -96.08, 41.75 ], [ -96.09, 41.75 ], [ -96.1, 41.75 ], [ -96.1, 41.74 ], [ -96.11, 41.74 ], [ -96.11, 41.73 ], [ -96.1, 41.73 ], [ -96.09, 41.72 ], [ -96.08, 41.72 ], [ -96.08, 41.71 ], [ -96.07, 41.71 ], [ -96.08, 41.7 ], [ -96.09, 41.7 ], [ -96.1, 41.7 ], [ -96.11, 41.7 ], [ -96.12, 41.69 ], [ -96.12, 41.68 ], [ -96.13, 41.68 ], [ -96.15, 41.68 ], [ -96.17, 41.68 ], [ -96.21, 41.68 ], [ -96.22, 41.68 ], [ -96.24, 41.68 ], [ -96.38, 41.68 ], [ -96.39, 41.68 ], [ -96.41, 41.68 ], [ -96.44, 41.68 ], [ -96.44, 41.72 ], [ -96.44, 41.74 ], [ -96.49, 41.74 ], [ -96.5, 41.74 ], [ -96.56, 41.74 ], [ -96.56, 41.77 ], [ -96.56, 41.79 ], [ -96.56, 41.81 ], [ -96.56, 41.88 ], [ -96.56, 41.92 ], [ -96.56, 41.96 ], [ -96.56, 41.97 ], [ -96.56, 41.98 ], [ -96.56, 42.0 ], [ -96.55, 42.02 ], [ -96.54, 42.02 ], [ -96.53, 42.02 ], [ -96.5, 42.02 ], [ -96.48, 42.02 ], [ -96.47, 42.02 ], [ -96.46, 42.02 ], [ -96.38, 42.02 ], [ -96.35, 42.02 ], [ -96.33, 42.02 ], [ -96.31, 42.02 ], [ -96.31, 42.05 ], [ -96.29, 42.05 ], [ -96.27, 42.05 ], [ -96.27, 42.04 ], [ -96.26, 42.04 ], [ -96.25, 42.04 ], [ -96.24, 42.04 ], [ -96.23, 42.04 ], [ -96.22, 42.03 ], [ -96.22, 42.02 ], [ -96.23, 42.02 ], [ -96.24, 42.01 ], [ -96.24, 42.0 ], [ -96.23, 42.0 ], [ -96.23, 41.99 ], [ -96.22, 42.0 ], [ -96.21, 42.01 ], [ -96.2, 42.01 ], [ -96.19, 42.01 ], [ -96.18, 42.0 ], [ -96.19, 41.99 ], [ -96.19, 41.98 ], [ -96.18, 41.98 ], [ -96.17, 41.98 ], [ -96.16, 41.98 ], [ -96.14, 41.98 ], [ -96.13, 41.97 ], [ -96.13, 41.96 ], [ -96.13, 41.95 ], [ -96.14, 41.95 ], [ -96.14, 41.94 ], [ -96.14, 41.93 ], [ -96.14, 41.92 ], [ -96.15, 41.91 ], [ -96.16, 41.91 ], [ -96.16, 41.9 ], [ -96.15, 41.89 ], [ -96.15, 41.88 ], [ -96.14, 41.87 ] ] ] } },
{ "type": "Feature", "properties": { "WFO": "GID", "ISSUED": "201804141930", "EXPIRED": "201804150300", "INIT_ISS": "201804141930", "INIT_EXP": "201804150000", "PHENOM": "WW", "GTYPE": "C", "SIG": "Y", "ETN": 13, "STATUS": "EXP", "NWS_UGC": "NEZ076", "AREA_KM2": 1483.7567138671875, "UPDATED": "201804150304", "HV_NWSLI": null, "HV_SEV": null, "HV_CAUSE": null, "HV_REC": null, "EMERGENC": false, "POLY_BEG": null, "POLY_END": null, "WINDTAG": null, "HAILTAG": null, "TORNTAG": null, "DAMAGTAG": null, "PROD_ID": "201804141930-KGID-WWUS43-WSWGID", "FCSTER": "Heinlein" }, "geometry": { "type": "Polygon", "coordinates": [ [ [ -97.82, 40.35 ], [ -97.9, 40.35 ], [ -97.92, 40.35 ], [ -97.94, 40.35 ], [ -97.99, 40.35 ], [ -98.0, 40.35 ], [ -98.01, 40.35 ], [ -98.05, 40.35 ], [ -98.06, 40.35 ], [ -98.11, 40.35 ], [ -98.12, 40.35 ], [ -98.2, 40.35 ], [ -98.22, 40.35 ], [ -98.26, 40.35 ], [ -98.27, 40.35 ], [ -98.28, 40.35 ], [ -98.28, 40.38 ], [ -98.28, 40.39 ], [ -98.28, 40.4 ], [ -98.28, 40.5 ], [ -98.28, 40.53 ], [ -98.28, 40.55 ], [ -98.28, 40.68 ], [ -98.28, 40.69 ], [ -98.28, 40.7 ], [ -98.17, 40.7 ], [ -98.16, 40.7 ], [ -98.07, 40.7 ], [ -98.02, 40.7 ], [ -97.97, 40.7 ], [ -97.83, 40.7 ], [ -97.82, 40.68 ], [ -97.82, 40.66 ], [ -97.82, 40.64 ], [ -97.82, 40.63 ], [ -97.82, 40.61 ], [ -97.82, 40.6 ], [ -97.82, 40.55 ], [ -97.82, 40.52 ], [ -97.82, 40.5 ], [ -97.82, 40.48 ], [ -97.82, 40.4 ], [ -97.82, 40.37 ], [ -97.82, 40.35 ] ] ] } },
{ "type": "Feature", "properties": { "WFO": "GID", "ISSUED": "201804141930", "EXPIRED": "201804150300", "INIT_ISS": "201804141930", "INIT_EXP": "201804150000", "PHENOM": "WW", "GTYPE": "C", "SIG": "Y", "ETN": 13, "STATUS": "EXP", "NWS_UGC": "NEZ077", "AREA_KM2": 1491.86572265625, "UPDATED": "201804150304", "HV_NWSLI": null, "HV_SEV": null, "HV_CAUSE": null, "HV_REC": null, "EMERGENC": false, "POLY_BEG": null, "POLY_END": null, "WINDTAG": null, "HAILTAG": null, "TORNTAG": null, "DAMAGTAG": null, "PROD_ID": "201804141930-KGID-WWUS43-WSWGID", "FCSTER": "Heinlein" }, "geometry": { "type": "Polygon", "coordinates": [ [ [ -97.37, 40.7 ], [ -97.37, 40.56 ], [ -97.37, 40.55 ], [ -97.37, 40.52 ], [ -97.37, 40.42 ], [ -97.37, 40.38 ], [ -97.37, 40.36 ], [ -97.37, 40.35 ], [ -97.38, 40.35 ], [ -97.44, 40.35 ], [ -97.49, 40.35 ], [ -97.5, 40.35 ], [ -97.61, 40.35 ], [ -97.67, 40.35 ], [ -97.71, 40.35 ], [ -97.73, 40.35 ], [ -97.75, 40.35 ], [ -97.79, 40.35 ], [ -97.8, 40.35 ], [ -97.82, 40.35 ], [ -97.82, 40.37 ], [ -97.82, 40.4 ], [ -97.82, 40.48 ], [ -97.82, 40.5 ], [ -97.82, 40.52 ], [ -97.82, 40.55 ], [ -97.82, 40.6 ], [ -97.82, 40.61 ], [ -97.82, 40.63 ], [ -97.82, 40.64 ], [ -97.82, 40.66 ], [ -97.82, 40.68 ], [ -97.83, 40.7 ], [ -97.75, 40.7 ], [ -97.74, 40.7 ], [ -97.7, 40.7 ], [ -97.67, 40.7 ], [ -97.62, 40.7 ], [ -97.6, 40.7 ], [ -97.5, 40.7 ], [ -97.49, 40.7 ], [ -97.39, 40.7 ], [ -97.37, 40.7 ] ] ] } },
{ "type": "Feature", "properties": { "WFO": "GID", "ISSUED": "201804141930", "EXPIRED": "201804150300", "INIT_ISS": "201804141930", "INIT_EXP": "201804150000", "PHENOM": "WW", "GTYPE": "C", "SIG": "Y", "ETN": 13, "STATUS": "EXP", "NWS_UGC": "NEZ085", "AREA_KM2": 1487.5555419921875, "UPDATED": "201804150304", "HV_NWSLI": null, "HV_SEV": null, "HV_CAUSE": null, "HV_REC": null, "EMERGENC": false, "POLY_BEG": null, "POLY_END": null, "WINDTAG": null, "HAILTAG": null, "TORNTAG": null, "DAMAGTAG": null, "PROD_ID": "201804141930-KGID-WWUS43-WSWGID", "FCSTER": "Heinlein" }, "geometry": { "type": "Polygon", "coordinates": [ [ [ -98.27, 40.35 ], [ -98.27, 40.26 ], [ -98.27, 40.25 ], [ -98.27, 40.24 ], [ -98.27, 40.22 ], [ -98.27, 40.21 ], [ -98.27, 40.18 ], [ -98.27, 40.13 ], [ -98.27, 40.09 ], [ -98.27, 40.06 ], [ -98.27, 40.03 ], [ -98.27, 40.01 ], [ -98.27, 40.0 ], [ -98.28, 40.0 ], [ -98.31, 40.0 ], [ -98.38, 40.0 ], [ -98.5, 40.0 ], [ -98.51, 40.0 ], [ -98.57, 40.0 ], [ -98.58, 40.0 ], [ -98.59, 40.0 ], [ -98.61, 40.0 ], [ -98.62, 40.0 ], [ -98.64, 40.0 ], [ -98.65, 40.0 ], [ -98.69, 40.0 ], [ -98.7, 40.0 ], [ -98.73, 40.0 ], [ -98.73, 40.02 ], [ -98.73, 40.08 ], [ -98.73, 40.09 ], [ -98.73, 40.1 ], [ -98.73, 40.12 ], [ -98.73, 40.18 ], [ -98.73, 40.21 ], [ -98.73, 40.25 ], [ -98.73, 40.3 ], [ -98.73, 40.35 ], [ -98.72, 40.35 ], [ -98.67, 40.35 ], [ -98.65, 40.35 ], [ -98.57, 40.35 ], [ -98.51, 40.35 ], [ -98.48, 40.35 ], [ -98.36, 40.35 ], [ -98.34, 40.35 ], [ -98.33, 40.35 ], [ -98.31, 40.35 ], [ -98.28, 40.35 ], [ -98.27, 40.35 ] ] ] } },
{ "type": "Feature", "properties": { "WFO": "GID", "ISSUED": "201804141930", "EXPIRED": "201804150300", "INIT_ISS": "201804141930", "INIT_EXP": "201804150000", "PHENOM": "WW", "GTYPE": "C", "SIG": "Y", "ETN": 13, "STATUS": "EXP", "NWS_UGC": "NEZ073", "AREA_KM2": 1398.4842529296875, "UPDATED": "201804150304", "HV_NWSLI": null, "HV_SEV": null, "HV_CAUSE": null, "HV_REC": null, "EMERGENC": false, "POLY_BEG": null, "POLY_END": null, "WINDTAG": null, "HAILTAG": null, "TORNTAG": null, "DAMAGTAG": null, "PROD_ID": "201804141930-KGID-WWUS43-WSWGID", "FCSTER": "Heinlein" }, "geometry": { "type": "Polygon", "coordinates": [ [ [ -99.42, 40.67 ], [ -99.41, 40.67 ], [ -99.4, 40.67 ], [ -99.39, 40.67 ], [ -99.38, 40.66 ], [ -99.37, 40.66 ], [ -99.36, 40.67 ], [ -99.35, 40.67 ], [ -99.34, 40.67 ], [ -99.33, 40.67 ], [ -99.32, 40.67 ], [ -99.3, 40.66 ], [ -99.29, 40.66 ], [ -99.28, 40.66 ], [ -99.27, 40.66 ], [ -99.26, 40.66 ], [ -99.25, 40.66 ], [ -99.24, 40.66 ], [ -99.23, 40.66 ], [ -99.22, 40.66 ], [ -99.21, 40.66 ], [ -99.2, 40.66 ], [ -99.19, 40.66 ], [ -99.18, 40.66 ], [ -99.18, 40.63 ], [ -99.18, 40.58 ], [ -99.18, 40.5 ], [ -99.18, 40.44 ], [ -99.18, 40.4 ], [ -99.18, 40.35 ], [ -99.31, 40.35 ], [ -99.38, 40.35 ], [ -99.39, 40.35 ], [ -99.41, 40.35 ], [ -99.42, 40.35 ], [ -99.43, 40.35 ], [ -99.44, 40.35 ], [ -99.49, 40.35 ], [ -99.5, 40.35 ], [ -99.57, 40.35 ], [ -99.58, 40.35 ], [ -99.6, 40.35 ], [ -99.63, 40.35 ], [ -99.64, 40.35 ], [ -99.64, 40.38 ], [ -99.64, 40.42 ], [ -99.64, 40.44 ], [ -99.64, 40.46 ], [ -99.64, 40.51 ], [ -99.64, 40.52 ], [ -99.64, 40.54 ], [ -99.64, 40.57 ], [ -99.64, 40.58 ], [ -99.64, 40.61 ], [ -99.64, 40.68 ], [ -99.63, 40.69 ], [ -99.62, 40.69 ], [ -99.61, 40.68 ], [ -99.6, 40.68 ], [ -99.59, 40.68 ], [ -99.58, 40.68 ], [ -99.57, 40.68 ], [ -99.56, 40.68 ], [ -99.55, 40.68 ], [ -99.54, 40.68 ], [ -99.53, 40.68 ], [ -99.52, 40.68 ], [ -99.51, 40.68 ], [ -99.5, 40.68 ], [ -99.49, 40.68 ], [ -99.49, 40.67 ], [ -99.48, 40.68 ], [ -99.47, 40.68 ], [ -99.47, 40.67 ], [ -99.46, 40.67 ], [ -99.46, 40.68 ], [ -99.45, 40.68 ], [ -99.44, 40.68 ], [ -99.44, 40.67 ], [ -99.43, 40.67 ], [ -99.42, 40.67 ] ] ] } },
{ "type": "Feature", "properties": { "WFO": "GID", "ISSUED": "201804141930", "EXPIRED": "201804150300", "INIT_ISS": "201804141930", "INIT_EXP": "201804150000", "PHENOM": "WW", "GTYPE": "C", "SIG": "Y", "ETN": 13, "STATUS": "EXP", "NWS_UGC": "NEZ072", "AREA_KM2": 1197.1925048828125, "UPDATED": "201804150304", "HV_NWSLI": null, "HV_SEV": null, "HV_CAUSE": null, "HV_REC": null, "EMERGENC": false, "POLY_BEG": null, "POLY_END": null, "WINDTAG": null, "HAILTAG": null, "TORNTAG": null, "DAMAGTAG": null, "PROD_ID": "201804141930-KGID-WWUS43-WSWGID", "FCSTER": "Heinlein" }, "geometry": { "type": "Polygon", "coordinates": [ [ [ -99.64, 40.68 ], [ -99.64, 40.61 ], [ -99.64, 40.58 ], [ -99.64, 40.57 ], [ -99.64, 40.54 ], [ -99.64, 40.52 ], [ -99.64, 40.51 ], [ -99.64, 40.46 ], [ -99.64, 40.44 ], [ -99.64, 40.42 ], [ -99.64, 40.38 ], [ -99.64, 40.35 ], [ -99.75, 40.35 ], [ -99.82, 40.35 ], [ -99.85, 40.35 ], [ -99.87, 40.35 ], [ -99.9, 40.35 ], [ -99.93, 40.35 ], [ -99.95, 40.35 ], [ -99.98, 40.35 ], [ -100.01, 40.35 ], [ -100.08, 40.35 ], [ -100.1, 40.35 ], [ -100.09, 40.36 ], [ -100.09, 40.37 ], [ -100.1, 40.39 ], [ -100.1, 40.44 ], [ -100.08, 40.44 ], [ -100.06, 40.44 ], [ -100.0, 40.44 ], [ -99.98, 40.44 ], [ -99.98, 40.45 ], [ -99.98, 40.5 ], [ -99.98, 40.51 ], [ -99.98, 40.54 ], [ -99.98, 40.55 ], [ -99.98, 40.61 ], [ -99.98, 40.63 ], [ -99.98, 40.66 ], [ -99.98, 40.7 ], [ -99.94, 40.7 ], [ -99.88, 40.7 ], [ -99.87, 40.7 ], [ -99.7, 40.7 ], [ -99.69, 40.7 ], [ -99.68, 40.69 ], [ -99.67, 40.69 ], [ -99.66, 40.69 ], [ -99.65, 40.69 ], [ -99.64, 40.68 ] ] ] } },
{ "type": "Feature", "properties": { "WFO": "GID", "ISSUED": "201804141930", "EXPIRED": "201804150300", "INIT_ISS": "201804141930", "INIT_EXP": "201804150000", "PHENOM": "WW", "GTYPE": "C", "SIG": "Y", "ETN": 13, "STATUS": "EXP", "NWS_UGC": "NEZ062", "AREA_KM2": 1428.4083251953125, "UPDATED": "201804150304", "HV_NWSLI": null, "HV_SEV": null, "HV_CAUSE": null, "HV_REC": null, "EMERGENC": false, "POLY_BEG": null, "POLY_END": null, "WINDTAG": null, "HAILTAG": null, "TORNTAG": null, "DAMAGTAG": null, "PROD_ID": "201804141930-KGID-WWUS43-WSWGID", "FCSTER": "Heinlein" }, "geometry": { "type": "Polygon", "coordinates": [ [ [ -98.29, 41.05 ], [ -98.28, 41.05 ], [ -98.28, 41.0 ], [ -98.28, 40.91 ], [ -98.28, 40.88 ], [ -98.28, 40.87 ], [ -98.28, 40.8 ], [ -98.28, 40.72 ], [ -98.28, 40.71 ], [ -98.28, 40.7 ], [ -98.29, 40.7 ], [ -98.34, 40.7 ], [ -98.44, 40.7 ], [ -98.51, 40.7 ], [ -98.59, 40.7 ], [ -98.69, 40.7 ], [ -98.72, 40.7 ], [ -98.72, 40.74 ], [ -98.72, 40.77 ], [ -98.72, 40.78 ], [ -98.72, 40.91 ], [ -98.72, 40.93 ], [ -98.72, 40.96 ], [ -98.72, 40.97 ], [ -98.72, 41.0 ], [ -98.72, 41.01 ], [ -98.72, 41.02 ], [ -98.72, 41.04 ], [ -98.72, 41.05 ], [ -98.63, 41.05 ], [ -98.59, 41.05 ], [ -98.54, 41.05 ], [ -98.48, 41.05 ], [ -98.44, 41.05 ], [ -98.38, 41.05 ], [ -98.31, 41.05 ], [ -98.29, 41.05 ] ] ] } },
{ "type": "Feature", "properties": { "WFO": "GID", "ISSUED": "201804141930", "EXPIRED": "201804150300", "INIT_ISS": "201804141930", "INIT_EXP": "201804150000", "PHENOM": "WW", "GTYPE": "C", "SIG": "Y", "ETN": 13, "STATUS": "EXP", "NWS_UGC": "NEZ061", "AREA_KM2": 2522.6494140625, "UPDATED": "201804150304", "HV_NWSLI": null, "HV_SEV": null, "HV_CAUSE": null, "HV_REC": null, "EMERGENC": false, "POLY_BEG": null, "POLY_END": null, "WINDTAG": null, "HAILTAG": null, "TORNTAG": null, "DAMAGTAG": null, "PROD_ID": "201804141930-KGID-WWUS43-WSWGID", "FCSTER": "Heinlein" }, "geometry": { "type": "Polygon", "coordinates": [ [ [ -98.75, 41.05 ], [ -98.74, 41.05 ], [ -98.73, 41.05 ], [ -98.72, 41.05 ], [ -98.72, 41.04 ], [ -98.72, 41.02 ], [ -98.72, 41.01 ], [ -98.72, 41.0 ], [ -98.72, 40.97 ], [ -98.72, 40.96 ], [ -98.72, 40.93 ], [ -98.72, 40.91 ], [ -98.72, 40.78 ], [ -98.72, 40.77 ], [ -98.72, 40.74 ], [ -98.72, 40.7 ], [ -98.72, 40.69 ], [ -98.73, 40.69 ], [ -98.74, 40.69 ], [ -98.75, 40.69 ], [ -98.76, 40.69 ], [ -98.76, 40.68 ], [ -98.77, 40.68 ], [ -98.78, 40.68 ], [ -98.79, 40.68 ], [ -98.8, 40.68 ], [ -98.81, 40.68 ], [ -98.82, 40.68 ], [ -98.83, 40.68 ], [ -98.83, 40.67 ], [ -98.84, 40.67 ], [ -98.85, 40.67 ], [ -98.85, 40.66 ], [ -98.86, 40.66 ], [ -98.87, 40.66 ], [ -98.88, 40.66 ], [ -98.89, 40.66 ], [ -98.89, 40.65 ], [ -98.9, 40.65 ], [ -98.91, 40.65 ], [ -98.92, 40.65 ], [ -98.93, 40.65 ], [ -98.94, 40.65 ], [ -98.95, 40.65 ], [ -98.95, 40.66 ], [ -98.96, 40.66 ], [ -98.97, 40.66 ], [ -98.98, 40.66 ], [ -98.99, 40.65 ], [ -99.0, 40.65 ], [ -99.01, 40.65 ], [ -99.02, 40.65 ], [ -99.03, 40.65 ], [ -99.04, 40.65 ], [ -99.04, 40.66 ], [ -99.05, 40.65 ], [ -99.06, 40.66 ], [ -99.07, 40.66 ], [ -99.08, 40.66 ], [ -99.09, 40.66 ], [ -99.1, 40.66 ], [ -99.11, 40.66 ], [ -99.12, 40.66 ], [ -99.13, 40.66 ], [ -99.14, 40.66 ], [ -99.15, 40.66 ], [ -99.16, 40.66 ], [ -99.17, 40.66 ], [ -99.18, 40.66 ], [ -99.19, 40.66 ], [ -99.2, 40.66 ], [ -99.21, 40.66 ], [ -99.22, 40.66 ], [ -99.23, 40.66 ], [ -99.24, 40.66 ], [ -99.25, 40.66 ], [ -99.26, 40.66 ], [ -99.27, 40.66 ], [ -99.28, 40.66 ], [ -99.29, 40.66 ], [ -99.3, 40.66 ], [ -99.32, 40.67 ], [ -99.33, 40.67 ], [ -99.34, 40.67 ], [ -99.35, 40.67 ], [ -99.36, 40.67 ], [ -99.37, 40.66 ], [ -99.38, 40.66 ], [ -99.39, 40.67 ], [ -99.4, 40.67 ], [ -99.41, 40.67 ], [ -99.42, 40.67 ], [ -99.42, 40.7 ], [ -99.43, 40.7 ], [ -99.43, 40.74 ], [ -99.43, 40.76 ], [ -99.43, 40.79 ], [ -99.43, 40.83 ], [ -99.43, 40.85 ], [ -99.43, 40.88 ], [ -99.43, 40.94 ], [ -99.43, 40.95 ], [ -99.43, 40.99 ], [ -99.43, 41.01 ], [ -99.43, 41.02 ], [ -99.43, 41.05 ], [ -99.34, 41.05 ], [ -99.31, 41.05 ], [ -99.24, 41.05 ], [ -99.21, 41.05 ], [ -99.17, 41.05 ], [ -99.09, 41.05 ], [ -99.08, 41.05 ], [ -99.03, 41.05 ], [ -99.01, 41.05 ], [ -98.98, 41.05 ], [ -98.92, 41.05 ], [ -98.89, 41.05 ], [ -98.87, 41.05 ], [ -98.86, 41.05 ], [ -98.85, 41.05 ], [ -98.84, 41.05 ], [ -98.83, 41.05 ], [ -98.82, 41.05 ], [ -98.78, 41.05 ], [ -98.75, 41.05 ] ] ] } },
{ "type": "Feature", "properties": { "WFO": "GID", "ISSUED": "201804141930", "EXPIRED": "201804150300", "INIT_ISS": "201804141930", "INIT_EXP": "201804150000", "PHENOM": "WW", "GTYPE": "C", "SIG": "Y", "ETN": 13, "STATUS": "EXP", "NWS_UGC": "NEZ086", "AREA_KM2": 1490.26904296875, "UPDATED": "201804150304", "HV_NWSLI": null, "HV_SEV": null, "HV_CAUSE": null, "HV_REC": null, "EMERGENC": false, "POLY_BEG": null, "POLY_END": null, "WINDTAG": null, "HAILTAG": null, "TORNTAG": null, "DAMAGTAG": null, "PROD_ID": "201804141930-KGID-WWUS43-WSWGID", "FCSTER": "Heinlein" }, "geometry": { "type": "Polygon", "coordinates": [ [ [ -97.82, 40.35 ], [ -97.82, 40.33 ], [ -97.82, 40.31 ], [ -97.82, 40.26 ], [ -97.82, 40.2 ], [ -97.82, 40.19 ], [ -97.82, 40.11 ], [ -97.82, 40.05 ], [ -97.82, 40.02 ], [ -97.82, 40.0 ], [ -97.83, 40.0 ], [ -97.86, 40.0 ], [ -97.93, 40.0 ], [ -98.01, 40.0 ], [ -98.05, 40.0 ], [ -98.13, 40.0 ], [ -98.14, 40.0 ], [ -98.16, 40.0 ], [ -98.19, 40.0 ], [ -98.2, 40.0 ], [ -98.25, 40.0 ], [ -98.27, 40.0 ], [ -98.27, 40.01 ], [ -98.27, 40.03 ], [ -98.27, 40.06 ], [ -98.27, 40.09 ], [ -98.27, 40.13 ], [ -98.27, 40.18 ], [ -98.27, 40.21 ], [ -98.27, 40.22 ], [ -98.27, 40.24 ], [ -98.27, 40.25 ], [ -98.27, 40.26 ], [ -98.27, 40.35 ], [ -98.26, 40.35 ], [ -98.22, 40.35 ], [ -98.2, 40.35 ], [ -98.12, 40.35 ], [ -98.11, 40.35 ], [ -98.06, 40.35 ], [ -98.05, 40.35 ], [ -98.01, 40.35 ], [ -98.0, 40.35 ], [ -97.99, 40.35 ], [ -97.94, 40.35 ], [ -97.92, 40.35 ], [ -97.9, 40.35 ], [ -97.82, 40.35 ] ] ] } },
{ "type": "Feature", "properties": { "WFO": "GID", "ISSUED": "201804141930", "EXPIRED": "201804150300", "INIT_ISS": "201804141930", "INIT_EXP": "201804150000", "PHENOM": "WW", "GTYPE": "C", "SIG": "Y", "ETN": 13, "STATUS": "EXP", "NWS_UGC": "NEZ060", "AREA_KM2": 2636.599609375, "UPDATED": "201804150304", "HV_NWSLI": null, "HV_SEV": null, "HV_CAUSE": null, "HV_REC": null, "EMERGENC": false, "POLY_BEG": null, "POLY_END": null, "WINDTAG": null, "HAILTAG": null, "TORNTAG": null, "DAMAGTAG": null, "PROD_ID": "201804141930-KGID-WWUS43-WSWGID", "FCSTER": "Heinlein" }, "geometry": { "type": "Polygon", "coordinates": [ [ [ -99.43, 41.05 ], [ -99.43, 41.02 ], [ -99.43, 41.01 ], [ -99.43, 40.99 ], [ -99.43, 40.95 ], [ -99.43, 40.94 ], [ -99.43, 40.88 ], [ -99.43, 40.85 ], [ -99.43, 40.83 ], [ -99.43, 40.79 ], [ -99.43, 40.76 ], [ -99.43, 40.74 ], [ -99.43, 40.7 ], [ -99.42, 40.7 ], [ -99.42, 40.67 ], [ -99.43, 40.67 ], [ -99.44, 40.67 ], [ -99.44, 40.68 ], [ -99.45, 40.68 ], [ -99.46, 40.68 ], [ -99.46, 40.67 ], [ -99.47, 40.67 ], [ -99.47, 40.68 ], [ -99.48, 40.68 ], [ -99.49, 40.67 ], [ -99.49, 40.68 ], [ -99.5, 40.68 ], [ -99.51, 40.68 ], [ -99.52, 40.68 ], [ -99.53, 40.68 ], [ -99.54, 40.68 ], [ -99.55, 40.68 ], [ -99.56, 40.68 ], [ -99.57, 40.68 ], [ -99.58, 40.68 ], [ -99.59, 40.68 ], [ -99.6, 40.68 ], [ -99.61, 40.68 ], [ -99.62, 40.69 ], [ -99.63, 40.69 ], [ -99.64, 40.68 ], [ -99.65, 40.69 ], [ -99.66, 40.69 ], [ -99.67, 40.69 ], [ -99.68, 40.69 ], [ -99.69, 40.7 ], [ -99.7, 40.7 ], [ -99.87, 40.7 ], [ -99.88, 40.7 ], [ -99.94, 40.7 ], [ -99.98, 40.7 ], [ -100.01, 40.7 ], [ -100.05, 40.7 ], [ -100.22, 40.7 ], [ -100.22, 40.71 ], [ -100.22, 40.75 ], [ -100.22, 40.78 ], [ -100.22, 40.81 ], [ -100.22, 40.82 ], [ -100.22, 40.88 ], [ -100.22, 40.89 ], [ -100.22, 40.92 ], [ -100.22, 40.94 ], [ -100.22, 40.95 ], [ -100.22, 41.05 ], [ -100.15, 41.05 ], [ -100.11, 41.05 ], [ -100.06, 41.05 ], [ -100.05, 41.05 ], [ -100.02, 41.05 ], [ -100.01, 41.05 ], [ -100.0, 41.05 ], [ -99.96, 41.05 ], [ -99.92, 41.05 ], [ -99.89, 41.05 ], [ -99.83, 41.05 ], [ -99.76, 41.05 ], [ -99.75, 41.05 ], [ -99.7, 41.05 ], [ -99.64, 41.05 ], [ -99.63, 41.05 ], [ -99.52, 41.05 ], [ -99.43, 41.05 ] ] ] } },
{ "type": "Feature", "properties": { "WFO": "GID", "ISSUED": "201804141930", "EXPIRED": "201804150300", "INIT_ISS": "201804141930", "INIT_EXP": "201804150000", "PHENOM": "WW", "GTYPE": "C", "SIG": "Y", "ETN": 13, "STATUS": "EXP", "NWS_UGC": "NEZ075", "AREA_KM2": 1459.61767578125, "UPDATED": "201804150304", "HV_NWSLI": null, "HV_SEV": null, "HV_CAUSE": null, "HV_REC": null, "EMERGENC": false, "POLY_BEG": null, "POLY_END": null, "WINDTAG": null, "HAILTAG": null, "TORNTAG": null, "DAMAGTAG": null, "PROD_ID": "201804141930-KGID-WWUS43-WSWGID", "FCSTER": "Heinlein" }, "geometry": { "type": "Polygon", "coordinates": [ [ [ -98.28, 40.7 ], [ -98.28, 40.69 ], [ -98.28, 40.68 ], [ -98.28, 40.55 ], [ -98.28, 40.53 ], [ -98.28, 40.5 ], [ -98.28, 40.4 ], [ -98.28, 40.39 ], [ -98.28, 40.38 ], [ -98.28, 40.35 ], [ -98.31, 40.35 ], [ -98.33, 40.35 ], [ -98.34, 40.35 ], [ -98.36, 40.35 ], [ -98.48, 40.35 ], [ -98.51, 40.35 ], [ -98.57, 40.35 ], [ -98.65, 40.35 ], [ -98.67, 40.35 ], [ -98.72, 40.35 ], [ -98.72, 40.37 ], [ -98.72, 40.42 ], [ -98.72, 40.5 ], [ -98.72, 40.51 ], [ -98.72, 40.56 ], [ -98.72, 40.61 ], [ -98.72, 40.65 ], [ -98.72, 40.69 ], [ -98.72, 40.7 ], [ -98.69, 40.7 ], [ -98.59, 40.7 ], [ -98.51, 40.7 ], [ -98.44, 40.7 ], [ -98.34, 40.7 ], [ -98.29, 40.7 ], [ -98.28, 40.7 ] ] ] } },
{ "type": "Feature", "properties": { "WFO": "GID", "ISSUED": "201804141930", "EXPIRED": "201804150300", "INIT_ISS": "201804141930", "INIT_EXP": "201804150000", "PHENOM": "WW", "GTYPE": "C", "SIG": "Y", "ETN": 13, "STATUS": "EXP", "NWS_UGC": "NEZ074", "AREA_KM2": 1335.2386474609375, "UPDATED": "201804150304", "HV_NWSLI": null, "HV_SEV": null, "HV_CAUSE": null, "HV_REC": null, "EMERGENC": false, "POLY_BEG": null, "POLY_END": null, "WINDTAG": null, "HAILTAG": null, "TORNTAG": null, "DAMAGTAG": null, "PROD_ID": "201804141930-KGID-WWUS43-WSWGID", "FCSTER": "Heinlein" }, "geometry": { "type": "Polygon", "coordinates": [ [ [ -98.72, 40.35 ], [ -98.73, 40.35 ], [ -98.77, 40.35 ], [ -98.81, 40.35 ], [ -98.88, 40.35 ], [ -98.93, 40.35 ], [ -98.95, 40.35 ], [ -98.97, 40.35 ], [ -99.09, 40.35 ], [ -99.18, 40.35 ], [ -99.18, 40.4 ], [ -99.18, 40.44 ], [ -99.18, 40.5 ], [ -99.18, 40.58 ], [ -99.18, 40.63 ], [ -99.18, 40.66 ], [ -99.17, 40.66 ], [ -99.16, 40.66 ], [ -99.15, 40.66 ], [ -99.14, 40.66 ], [ -99.13, 40.66 ], [ -99.12, 40.66 ], [ -99.11, 40.66 ], [ -99.1, 40.66 ], [ -99.09, 40.66 ], [ -99.08, 40.66 ], [ -99.07, 40.66 ], [ -99.06, 40.66 ], [ -99.05, 40.65 ], [ -99.04, 40.66 ], [ -99.04, 40.65 ], [ -99.03, 40.65 ], [ -99.02, 40.65 ], [ -99.01, 40.65 ], [ -99.0, 40.65 ], [ -98.99, 40.65 ], [ -98.98, 40.66 ], [ -98.97, 40.66 ], [ -98.96, 40.66 ], [ -98.95, 40.66 ], [ -98.95, 40.65 ], [ -98.94, 40.65 ], [ -98.93, 40.65 ], [ -98.92, 40.65 ], [ -98.91, 40.65 ], [ -98.9, 40.65 ], [ -98.89, 40.65 ], [ -98.89, 40.66 ], [ -98.88, 40.66 ], [ -98.87, 40.66 ], [ -98.86, 40.66 ], [ -98.85, 40.66 ], [ -98.85, 40.67 ], [ -98.84, 40.67 ], [ -98.83, 40.67 ], [ -98.83, 40.68 ], [ -98.82, 40.68 ], [ -98.81, 40.68 ], [ -98.8, 40.68 ], [ -98.79, 40.68 ], [ -98.78, 40.68 ], [ -98.77, 40.68 ], [ -98.76, 40.68 ], [ -98.76, 40.69 ], [ -98.75, 40.69 ], [ -98.74, 40.69 ], [ -98.73, 40.69 ], [ -98.72, 40.69 ], [ -98.72, 40.65 ], [ -98.72, 40.61 ], [ -98.72, 40.56 ], [ -98.72, 40.51 ], [ -98.72, 40.5 ], [ -98.72, 40.42 ], [ -98.72, 40.37 ], [ -98.72, 40.35 ] ] ] } }
]
}
